Date,Company Name,NSE Symbol,BSE Code,Sector,Open,High,Low,Close,Adjusted Close,Volume,Daily Return,MA_7,MA_30,Volatility_30D,"Market Cap (Current, INR Cr)",is_imputed
31-12-2024,Tata Consultancy Services,TCS,532540,IT Services,500,502.5,495.35,500.01,500.01,3098291,0.00458,505.36,512.68,0.285523,459674.8819,FALSE
01-01-2025,Tata Consultancy Services,TCS,532540,IT Services,500.01,507.03,495.27,503.9,503.9,2382374,0.00778,507.2,512.33,0.287438,459674.8819,FALSE
02-01-2025,Tata Consultancy Services,TCS,532540,IT Services,503.9,514.49,502.32,509.76,509.76,3634896,0.011629,509.04,511.98,0.289353,459674.8819,FALSE
03-01-2025,Tata Consultancy Services,TCS,532540,IT Services,509.76,514.34,507.95,511.82,511.82,7026203,0.004041,510.88,511.63,0.291268,459674.8819,FALSE
06-01-2025,Tata Consultancy Services,TCS,532540,IT Services,511.82,517.78,509.5,515.06,515.06,4906069,0.00633,512.72,511.28,0.293183,459674.8819,FALSE
07-01-2025,Tata Consultancy Services,TCS,532540,IT Services,515.06,533.69,512.91,530.5,530.5,6761473,0.029977,514.56,510.93,0.295098,459674.8819,FALSE
08-01-2025,Tata Consultancy Services,TCS,532540,IT Services,530.5,547.78,529.49,543.77,543.77,7397332,0.025014,516.4,510.58,0.297013,459674.8819,FALSE
09-01-2025,Tata Consultancy Services,TCS,532540,IT Services,543.77,544.16,508.25,512.86,512.86,7315047,-0.056844,518.24,510.23,0.298928,459674.8819,FALSE
10-01-2025,Tata Consultancy Services,TCS,532540,IT Services,512.86,515.5,508.57,509.86,509.86,3457002,-0.00585,519.09,509.88,0.300843,459674.8819,FALSE
13-01-2025,Tata Consultancy Services,TCS,532540,IT Services,509.86,512.32,504.85,508.44,508.44,7142338,-0.002785,518.9,509.53,0.302758,459674.8819,FALSE
14-01-2025,Tata Consultancy Services,TCS,532540,IT Services,509.86,512.32,504.85,508.44,508.44,7365632,0,518.42,509.18,0.304673,459674.8819,TRUE
15-01-2025,Tata Consultancy Services,TCS,532540,IT Services,490.87,494.47,490.68,492.04,492.04,7717173,-0.032256,515.13,508.83,0.306588,459674.8819,FALSE
16-01-2025,Tata Consultancy Services,TCS,532540,IT Services,492.04,506.94,488.83,504.58,504.58,3457020,0.025486,511.43,508.48,0.308503,459674.8819,FALSE
17-01-2025,Tata Consultancy Services,TCS,532540,IT Services,504.58,509.43,492.19,493.87,493.87,2598353,-0.021226,504.3,508.13,0.310418,459674.8819,FALSE
20-01-2025,Tata Consultancy Services,TCS,532540,IT Services,493.87,499.68,490.63,497.44,497.44,5089917,0.007229,502.1,507.78,0.312333,459674.8819,FALSE
21-01-2025,Tata Consultancy Services,TCS,532540,IT Services,497.44,498.34,488.11,488.57,488.57,7522770,-0.017831,499.05,507.43,0.314248,459674.8819,FALSE
22-01-2025,Tata Consultancy Services,TCS,532540,IT Services,488.57,489.63,477.67,482.25,482.25,7304340,-0.012936,495.31,507.08,0.316163,459674.8819,FALSE
23-01-2025,Tata Consultancy Services,TCS,532540,IT Services,482.25,497.22,478.64,496.74,496.74,4998492,0.030047,493.64,506.73,0.318078,459674.8819,FALSE
24-01-2025,Tata Consultancy Services,TCS,532540,IT Services,496.74,496.75,487.29,491.6,491.6,2044673,-0.010347,493.58,506.38,0.319993,459674.8819,FALSE
27-01-2025,Tata Consultancy Services,TCS,532540,IT Services,491.6,498.54,490.93,496.39,496.39,3957465,0.009744,492.41,506.03,0.321908,459674.8819,FALSE
28-01-2025,Tata Consultancy Services,TCS,532540,IT Services,496.39,500.21,476.53,478.06,478.06,5998847,-0.036927,490.15,505.68,0.323823,459674.8819,FALSE
29-01-2025,Tata Consultancy Services,TCS,532540,IT Services,478.06,499.75,476.3,496.11,496.11,4922617,0.037757,489.96,505.33,0.325738,459674.8819,FALSE
30-01-2025,Tata Consultancy Services,TCS,532540,IT Services,496.11,502.5,493.44,502.33,502.33,3418302,0.012538,491.93,504.98,0.327653,459674.8819,FALSE
31-01-2025,Tata Consultancy Services,TCS,532540,IT Services,502.33,505.2,499.27,500.75,500.75,3398216,-0.003145,494.57,504.63,0.329568,459674.8819,FALSE
03-02-2025,Tata Consultancy Services,TCS,532540,IT Services,500.75,507.55,500.45,506.77,506.77,1418249,0.012022,496,504.28,0.331483,459674.8819,FALSE
04-02-2025,Tata Consultancy Services,TCS,532540,IT Services,506.77,511.54,490.91,492.73,492.73,3019871,-0.027705,496.16,503.93,0.333398,459674.8819,FALSE
05-02-2025,Tata Consultancy Services,TCS,532540,IT Services,492.73,505.48,491.48,504.63,504.63,5685638,0.024151,497.34,503.58,0.335313,459674.8819,FALSE
06-02-2025,Tata Consultancy Services,TCS,532540,IT Services,504.63,507.79,499.68,501.61,501.61,2689200,-0.005985,500.7,503.23,0.337228,459674.8819,FALSE
07-02-2025,Tata Consultancy Services,TCS,532540,IT Services,501.61,503.25,498.83,499.82,499.82,7953747,-0.003569,501.23,502.88,0.339143,459674.8819,FALSE
10-02-2025,Tata Consultancy Services,TCS,532540,IT Services,499.82,503.02,493.86,495.15,495.15,1576995,-0.009343,500.21,502.53,0.341058,459674.8819,FALSE
11-02-2025,Tata Consultancy Services,TCS,532540,IT Services,495.15,497.19,486.58,489.65,489.65,5121417,-0.011108,498.62,502.18,0.342973,459674.8819,FALSE
12-02-2025,Tata Consultancy Services,TCS,532540,IT Services,489.65,500.47,487.75,496.7,496.7,4475954,0.014398,497.18,501.94,0.344888,459674.8819,FALSE
13-02-2025,Tata Consultancy Services,TCS,532540,IT Services,496.7,500.64,494.98,499.49,499.49,6833129,0.005617,498.15,501.6,0.343526,459674.8819,FALSE
14-02-2025,Tata Consultancy Services,TCS,532540,IT Services,499.49,510.83,496.82,506.25,506.25,7214331,0.013534,498.38,501.42,0.345699,459674.8819,FALSE
17-02-2025,Tata Consultancy Services,TCS,532540,IT Services,506.25,508.95,502.34,506.41,506.41,4804355,0.000316,499.07,501.13,0.345161,459674.8819,FALSE
18-02-2025,Tata Consultancy Services,TCS,532540,IT Services,506.41,515.73,504.49,511.86,511.86,5411063,0.010762,500.79,500.51,0.334836,459674.8819,FALSE
19-02-2025,Tata Consultancy Services,TCS,532540,IT Services,511.86,516.21,504.85,507.83,507.83,5892675,-0.007873,502.6,499.31,0.326108,459674.8819,FALSE
20-02-2025,Tata Consultancy Services,TCS,532540,IT Services,507.83,536.03,502.92,530.73,530.73,4646829,0.045094,508.47,499.9,0.310801,459674.8819,FALSE
21-02-2025,Tata Consultancy Services,TCS,532540,IT Services,530.73,531.92,511.67,514.35,514.35,2294215,-0.030863,510.99,500.05,0.323995,459674.8819,FALSE
24-02-2025,Tata Consultancy Services,TCS,532540,IT Services,514.35,529.1,509.67,527.58,527.58,4000150,0.025722,515,500.69,0.331926,459674.8819,FALSE
25-02-2025,Tata Consultancy Services,TCS,532540,IT Services,527.58,543.64,523.4,542.28,542.28,2690867,0.027863,520.15,501.82,0.340583,459674.8819,FALSE
26-02-2025,Tata Consultancy Services,TCS,532540,IT Services,542.28,543.71,533,533.31,533.31,4250811,-0.016541,523.99,503.19,0.329566,459674.8819,FALSE
27-02-2025,Tata Consultancy Services,TCS,532540,IT Services,533.31,560.6,531.02,557.35,557.35,5306080,0.045077,530.49,504.95,0.34573,459674.8819,FALSE
28-02-2025,Tata Consultancy Services,TCS,532540,IT Services,557.35,574.38,553.46,568.73,568.73,2464941,0.020418,539.19,507.45,0.340831,459674.8819,FALSE
03-03-2025,Tata Consultancy Services,TCS,532540,IT Services,568.73,585.8,563.12,580.06,580.06,2745975,0.019922,546.24,510.2,0.343547,459674.8819,FALSE
04-03-2025,Tata Consultancy Services,TCS,532540,IT Services,580.06,583.73,577.4,580.68,580.68,6760551,0.001069,555.71,513.27,0.336761,459674.8819,FALSE
05-03-2025,Tata Consultancy Services,TCS,532540,IT Services,580.68,584.39,577.91,578.44,578.44,3644124,-0.003858,562.98,516.48,0.333338,459674.8819,FALSE
06-03-2025,Tata Consultancy Services,TCS,532540,IT Services,578.44,583.42,573.07,576.31,576.31,2388680,-0.003682,567.84,519.13,0.32672,459674.8819,FALSE
07-03-2025,Tata Consultancy Services,TCS,532540,IT Services,576.31,586.52,575.58,581.1,581.1,5992216,0.008311,574.67,522.12,0.32348,459674.8819,FALSE
10-03-2025,Tata Consultancy Services,TCS,532540,IT Services,581.1,598.89,576.73,597.67,597.67,6016359,0.028515,580.43,525.49,0.329983,459674.8819,FALSE
11-03-2025,Tata Consultancy Services,TCS,532540,IT Services,597.67,603.31,594.64,600.14,600.14,6783117,0.004133,584.91,529.56,0.303514,459674.8819,FALSE
12-03-2025,Tata Consultancy Services,TCS,532540,IT Services,600.14,605.14,585.24,589.5,589.5,6319895,-0.017729,586.26,532.67,0.298462,459674.8819,FALSE
13-03-2025,Tata Consultancy Services,TCS,532540,IT Services,589.5,601.33,584.38,599.52,599.52,7943777,0.016997,588.95,535.91,0.299597,459674.8819,FALSE
14-03-2025,Tata Consultancy Services,TCS,532540,IT Services,599.52,613.55,595.74,610.86,610.86,5024083,0.018915,593.59,539.58,0.300512,459674.8819,FALSE
17-03-2025,Tata Consultancy Services,TCS,532540,IT Services,610.86,625.27,607.12,619.16,619.16,3007753,0.013587,599.71,543.33,0.300782,459674.8819,FALSE
18-03-2025,Tata Consultancy Services,TCS,532540,IT Services,619.16,634.9,614.49,628.7,628.7,7040484,0.015408,606.51,547.86,0.283153,459674.8819,FALSE
19-03-2025,Tata Consultancy Services,TCS,532540,IT Services,628.7,634.4,620.34,625.61,625.61,2853708,-0.004915,610.5,551.9,0.281549,459674.8819,FALSE
20-03-2025,Tata Consultancy Services,TCS,532540,IT Services,625.61,630.61,608.96,614.3,614.3,3037352,-0.018078,612.52,555.65,0.288615,459674.8819,FALSE
21-03-2025,Tata Consultancy Services,TCS,532540,IT Services,614.3,615.95,603.72,603.94,603.94,6799460,-0.016865,614.58,559.12,0.295315,459674.8819,FALSE
24-03-2025,Tata Consultancy Services,TCS,532540,IT Services,603.94,605.88,581.24,584.49,584.49,7171320,-0.032205,612.44,562.1,0.31288,459674.8819,FALSE
25-03-2025,Tata Consultancy Services,TCS,532540,IT Services,584.49,590.77,583.23,587.55,587.55,3375387,0.005235,609.11,565.36,0.308795,459674.8819,FALSE
26-03-2025,Tata Consultancy Services,TCS,532540,IT Services,587.55,590.85,581.82,586.86,586.86,6105873,-0.001174,604.49,568.37,0.308534,459674.8819,FALSE
27-03-2025,Tata Consultancy Services,TCS,532540,IT Services,586.86,589.83,578.22,581.99,581.99,7456767,-0.008298,597.82,571.12,0.311213,459674.8819,FALSE
28-03-2025,Tata Consultancy Services,TCS,532540,IT Services,581.99,585.7,545.58,547.88,547.88,6591248,-0.058609,586.72,572.51,0.360888,459674.8819,FALSE
31-03-2025,Tata Consultancy Services,TCS,532540,IT Services,547.88,550.12,533.48,534.49,534.49,1034957,-0.02444,575.31,573.44,0.369452,459674.8819,FALSE
01-04-2025,Tata Consultancy Services,TCS,532540,IT Services,534.49,550.83,532.68,546.74,546.74,5652057,0.022919,567.14,574.6,0.373596,459674.8819,FALSE
02-04-2025,Tata Consultancy Services,TCS,532540,IT Services,546.74,548.56,535.94,539.74,539.74,2189239,-0.012803,560.75,575.67,0.375053,459674.8819,FALSE
03-04-2025,Tata Consultancy Services,TCS,532540,IT Services,539.74,545.7,538.64,543.91,543.91,6924401,0.007726,554.52,576.11,0.352994,459674.8819,FALSE
04-04-2025,Tata Consultancy Services,TCS,532540,IT Services,543.91,544.6,528.55,529.05,529.05,1469281,-0.027321,546.26,576.6,0.35035,459674.8819,FALSE
07-04-2025,Tata Consultancy Services,TCS,532540,IT Services,529.05,545.56,524.35,544.54,544.54,7951692,0.029279,540.91,577.16,0.35266,459674.8819,FALSE
08-04-2025,Tata Consultancy Services,TCS,532540,IT Services,544.54,549.17,539.09,543.24,543.24,2241301,-0.002387,540.24,577.2,0.34364,459674.8819,FALSE
09-04-2025,Tata Consultancy Services,TCS,532540,IT Services,543.24,549.1,542.15,546.66,546.66,3941139,0.006296,541.98,577.64,0.34028,459674.8819,FALSE
10-04-2025,Tata Consultancy Services,TCS,532540,IT Services,546.66,573.67,545.06,572.36,572.36,2638594,0.047013,545.64,578.14,0.342495,459674.8819,FALSE
11-04-2025,Tata Consultancy Services,TCS,532540,IT Services,572.36,594.49,566.8,590.01,590.01,6697409,0.030837,552.82,578.85,0.348871,459674.8819,FALSE
14-04-2025,Tata Consultancy Services,TCS,532540,IT Services,590.01,593.28,582.53,586.69,586.69,3754493,-0.005627,558.94,579.07,0.344958,459674.8819,FALSE
15-04-2025,Tata Consultancy Services,TCS,532540,IT Services,586.69,586.81,576.48,580.02,580.02,6212058,-0.011369,566.22,579.05,0.346693,459674.8819,FALSE
16-04-2025,Tata Consultancy Services,TCS,532540,IT Services,580.02,581.86,574.76,576.53,576.53,1470527,-0.006017,570.79,578.99,0.346969,459674.8819,FALSE
17-04-2025,Tata Consultancy Services,TCS,532540,IT Services,576.53,583.73,574.81,582.7,582.7,4170091,0.010702,576.42,579.2,0.348101,459674.8819,FALSE
18-04-2025,Tata Consultancy Services,TCS,532540,IT Services,582.7,586.52,581.54,581.77,581.77,7377363,-0.001596,581.44,579.22,0.347378,459674.8819,FALSE
21-04-2025,Tata Consultancy Services,TCS,532540,IT Services,581.77,583.37,573.25,577.46,577.46,7488642,-0.007408,582.17,578.55,0.337458,459674.8819,FALSE
22-04-2025,Tata Consultancy Services,TCS,532540,IT Services,577.46,595.08,577.21,594.69,594.69,2460854,0.029838,582.84,578.37,0.348839,459674.8819,FALSE
23-04-2025,Tata Consultancy Services,TCS,532540,IT Services,594.69,595.02,593.6,593.63,593.63,3760981,-0.001782,583.83,578.5,0.344863,459674.8819,FALSE
24-04-2025,Tata Consultancy Services,TCS,532540,IT Services,593.63,624.84,589.3,621.23,621.23,3863802,0.046494,589.72,579.23,0.367036,459674.8819,FALSE
25-04-2025,Tata Consultancy Services,TCS,532540,IT Services,621.23,622.8,615.34,622.67,622.67,4958261,0.002318,596.31,579.62,0.363305,459674.8819,FALSE
28-04-2025,Tata Consultancy Services,TCS,532540,IT Services,622.67,650.69,617.96,645.21,645.21,4761359,0.036199,605.24,580.49,0.375865,459674.8819,FALSE
29-04-2025,Tata Consultancy Services,TCS,532540,IT Services,645.21,651.16,642.17,650.15,650.15,1741596,0.007656,615.01,581.2,0.374065,459674.8819,FALSE
30-04-2025,Tata Consultancy Services,TCS,532540,IT Services,650.15,667.01,646.99,662.99,662.99,6338668,0.019749,627.22,582.45,0.377271,459674.8819,FALSE
01-05-2025,Tata Consultancy Services,TCS,532540,IT Services,662.99,665.94,650.86,653.72,653.72,2580426,-0.013982,635.66,583.76,0.37554,459674.8819,FALSE
02-05-2025,Tata Consultancy Services,TCS,532540,IT Services,653.72,656.61,640.79,642.88,642.88,3204586,-0.016582,642.69,585.06,0.375415,459674.8819,FALSE
05-05-2025,Tata Consultancy Services,TCS,532540,IT Services,642.88,649.58,639.53,649.11,649.11,6884873,0.009691,646.68,587.22,0.36127,459674.8819,FALSE
06-05-2025,Tata Consultancy Services,TCS,532540,IT Services,649.11,667.59,646.31,662.27,662.27,5827566,0.020274,652.33,589.71,0.364423,459674.8819,FALSE
07-05-2025,Tata Consultancy Services,TCS,532540,IT Services,662.27,669.06,658.31,663.13,663.13,3775869,0.001299,654.89,592.25,0.364173,459674.8819,FALSE
08-05-2025,Tata Consultancy Services,TCS,532540,IT Services,663.13,663.21,640.6,646.41,646.41,7387317,-0.025214,654.36,594.4,0.372478,459674.8819,FALSE
09-05-2025,Tata Consultancy Services,TCS,532540,IT Services,646.41,647.56,622.88,629.14,629.14,3758588,-0.026717,649.52,597.1,0.33572,459674.8819,FALSE
12-05-2025,Tata Consultancy Services,TCS,532540,IT Services,629.14,634.83,611.02,611.5,611.5,4958467,-0.028038,643.49,599.67,0.338596,459674.8819,FALSE
13-05-2025,Tata Consultancy Services,TCS,532540,IT Services,611.5,614.86,587.92,590.19,590.19,2721867,-0.034849,635.96,601.12,0.352708,459674.8819,FALSE
14-05-2025,Tata Consultancy Services,TCS,532540,IT Services,590.19,592.66,589.12,591.78,591.78,2282357,0.002694,627.77,602.85,0.349601,459674.8819,FALSE
15-05-2025,Tata Consultancy Services,TCS,532540,IT Services,591.78,606.61,589.69,605.39,605.39,4441272,0.022998,619.65,604.9,0.354053,459674.8819,FALSE
16-05-2025,Tata Consultancy Services,TCS,532540,IT Services,605.39,609.52,603.65,605.53,605.53,4941135,0.000231,611.42,607.45,0.341791,459674.8819,FALSE
19-05-2025,Tata Consultancy Services,TCS,532540,IT Services,605.53,609.92,577.45,578.45,578.45,6640718,-0.044721,601.71,608.58,0.362287,459674.8819,FALSE
20-05-2025,Tata Consultancy Services,TCS,532540,IT Services,578.45,581.92,572.13,576.54,576.54,3736329,-0.003302,594.2,609.69,0.362399,459674.8819,FALSE
21-05-2025,Tata Consultancy Services,TCS,532540,IT Services,576.54,582.03,572.09,574.95,574.95,7266148,-0.002758,588.98,610.64,0.362468,459674.8819,FALSE
22-05-2025,Tata Consultancy Services,TCS,532540,IT Services,574.95,602.3,569.66,599.34,599.34,5251690,0.042421,590.28,611.54,0.357718,459674.8819,FALSE
23-05-2025,Tata Consultancy Services,TCS,532540,IT Services,599.34,601.14,581.98,582.17,582.17,1490801,-0.028648,588.91,611.27,0.357278,459674.8819,FALSE
26-05-2025,Tata Consultancy Services,TCS,532540,IT Services,582.17,584.95,577.53,577.91,577.91,6173710,-0.007317,584.98,610.98,0.357534,459674.8819,FALSE
27-05-2025,Tata Consultancy Services,TCS,532540,IT Services,577.91,600.07,575.58,597.92,597.92,5023745,0.034625,583.9,611.58,0.369755,459674.8819,FALSE
28-05-2025,Tata Consultancy Services,TCS,532540,IT Services,597.92,604.95,597.44,603.6,603.6,3725474,0.0095,587.49,612.48,0.369831,459674.8819,FALSE
29-05-2025,Tata Consultancy Services,TCS,532540,IT Services,603.6,610.98,602.01,610.7,610.7,4270913,0.011763,592.37,613.41,0.370066,459674.8819,FALSE
30-05-2025,Tata Consultancy Services,TCS,532540,IT Services,610.7,614.56,604.68,612.41,612.41,3112538,0.0028,597.72,614.44,0.369932,459674.8819,FALSE
02-06-2025,Tata Consultancy Services,TCS,532540,IT Services,612.41,621.14,611.13,616.75,616.75,5299972,0.007087,600.21,615.75,0.369122,459674.8819,FALSE
03-06-2025,Tata Consultancy Services,TCS,532540,IT Services,616.75,626.77,615.53,626.65,626.65,4968660,0.016052,606.56,616.81,0.362336,459674.8819,FALSE
04-06-2025,Tata Consultancy Services,TCS,532540,IT Services,626.65,629.41,613.28,616.82,616.82,4130929,-0.015687,612.12,617.58,0.365821,459674.8819,FALSE
05-06-2025,Tata Consultancy Services,TCS,532540,IT Services,616.82,632.01,613.75,627.96,627.96,2996379,0.01806,616.41,617.81,0.344091,459674.8819,FALSE
06-06-2025,Tata Consultancy Services,TCS,532540,IT Services,627.96,631.79,607.49,611.03,611.03,3790513,-0.02696,617.47,617.42,0.353155,459674.8819,FALSE
09-06-2025,Tata Consultancy Services,TCS,532540,IT Services,611.03,620.13,608.73,615.35,615.35,4484865,0.00707,618.14,616.42,0.336635,459674.8819,FALSE
10-06-2025,Tata Consultancy Services,TCS,532540,IT Services,615.35,622.87,610.26,617.86,617.86,4303164,0.004079,618.92,615.35,0.335962,459674.8819,FALSE
11-06-2025,Tata Consultancy Services,TCS,532540,IT Services,617.86,622.26,609.7,610.55,610.55,3165043,-0.011831,618.03,613.6,0.331054,459674.8819,FALSE
12-06-2025,Tata Consultancy Services,TCS,532540,IT Services,610.55,611.21,607.94,610.58,610.58,5073993,4.90E-05,615.74,612.16,0.32933,459674.8819,FALSE
13-06-2025,Tata Consultancy Services,TCS,532540,IT Services,610.58,613.48,599.12,603.28,603.28,2585836,-0.011956,613.8,610.84,0.327827,459674.8819,FALSE
16-06-2025,Tata Consultancy Services,TCS,532540,IT Services,603.28,606.92,585.53,590.65,590.65,4506882,-0.020936,608.47,608.89,0.330416,459674.8819,FALSE
17-06-2025,Tata Consultancy Services,TCS,532540,IT Services,590.65,592.1,584.6,586.77,586.77,1850846,-0.006569,605.01,606.38,0.323113,459674.8819,FALSE
18-06-2025,Tata Consultancy Services,TCS,532540,IT Services,586.77,587.02,570.85,574.11,574.11,4305011,-0.021576,599.11,603.41,0.326742,459674.8819,FALSE
19-06-2025,Tata Consultancy Services,TCS,532540,IT Services,574.11,579.4,573.71,578.1,578.1,6487860,0.00695,593.43,601.13,0.322367,459674.8819,FALSE
20-06-2025,Tata Consultancy Services,TCS,532540,IT Services,578.1,580.73,564.13,565.09,565.09,6724847,-0.022505,586.94,599,0.319955,459674.8819,FALSE
23-06-2025,Tata Consultancy Services,TCS,532540,IT Services,565.09,575.8,564.7,573.42,573.42,5862855,0.014741,581.63,597.73,0.31529,459674.8819,FALSE
24-06-2025,Tata Consultancy Services,TCS,532540,IT Services,573.42,574.44,556.08,560.16,560.16,6219535,-0.023124,575.47,596.73,0.306364,459674.8819,FALSE
25-06-2025,Tata Consultancy Services,TCS,532540,IT Services,560.16,564.78,552.5,554.1,554.1,1461649,-0.010818,570.25,595.47,0.307236,459674.8819,FALSE
26-06-2025,Tata Consultancy Services,TCS,532540,IT Services,554.1,559.23,543.49,547.45,547.45,3389649,-0.012001,564.63,593.54,0.299119,459674.8819,FALSE
27-06-2025,Tata Consultancy Services,TCS,532540,IT Services,547.45,563.37,547.09,562.23,562.23,5579752,0.026998,562.94,592.1,0.31157,459674.8819,FALSE
30-06-2025,Tata Consultancy Services,TCS,532540,IT Services,562.23,571.49,557.38,566.23,566.23,6604039,0.007115,561.24,591.69,0.285334,459674.8819,FALSE
01-07-2025,Tata Consultancy Services,TCS,532540,IT Services,566.23,566.33,559.4,564.11,564.11,5079943,-0.003744,561.1,591.28,0.285374,459674.8819,FALSE
02-07-2025,Tata Consultancy Services,TCS,532540,IT Services,564.11,575.3,563.61,570.02,570.02,6975554,0.010477,560.61,591.11,0.287065,459674.8819,FALSE
03-07-2025,Tata Consultancy Services,TCS,532540,IT Services,570.02,575.45,546.16,546.29,546.29,2911447,-0.04163,558.63,589.34,0.282123,459674.8819,FALSE
04-07-2025,Tata Consultancy Services,TCS,532540,IT Services,546.29,546.35,545.78,546.09,546.09,2074445,-0.000366,557.49,588.14,0.271426,459674.8819,FALSE
07-07-2025,Tata Consultancy Services,TCS,532540,IT Services,546.09,572.51,541.43,568.18,568.18,1604663,0.040451,560.45,587.82,0.297347,459674.8819,FALSE
08-07-2025,Tata Consultancy Services,TCS,532540,IT Services,568.18,575.49,566.84,569.96,569.96,5078777,0.003133,561.55,586.88,0.278529,459674.8819,FALSE
09-07-2025,Tata Consultancy Services,TCS,532540,IT Services,569.96,576.2,566.84,571.02,571.02,5656291,0.00186,562.24,585.8,0.276795,459674.8819,FALSE
10-07-2025,Tata Consultancy Services,TCS,532540,IT Services,571.02,583.18,568.59,577.57,577.57,2997183,0.011471,564.16,584.69,0.276673,459674.8819,FALSE
11-07-2025,Tata Consultancy Services,TCS,532540,IT Services,577.57,591.44,572.97,588.2,588.2,6485600,0.018405,566.76,583.89,0.282518,459674.8819,FALSE
14-07-2025,Tata Consultancy Services,TCS,532540,IT Services,588.2,588.66,562.24,565,565,6174206,-0.039442,569.43,582.16,0.302174,459674.8819,FALSE
15-07-2025,Tata Consultancy Services,TCS,532540,IT Services,565,569.8,543.54,546.27,546.27,3520934,-0.03315,569.46,579.48,0.30915,459674.8819,FALSE
16-07-2025,Tata Consultancy Services,TCS,532540,IT Services,546.27,552.21,540.87,548.84,548.84,2671497,0.004705,566.69,577.22,0.308318,459674.8819,FALSE
17-07-2025,Tata Consultancy Services,TCS,532540,IT Services,548.84,552.22,540.46,541.27,541.27,6196221,-0.013793,562.6,574.33,0.30255,459674.8819,FALSE
18-07-2025,Tata Consultancy Services,TCS,532540,IT Services,541.27,558.06,536.77,555.74,555.74,5699824,0.026733,560.41,572.48,0.308286,459674.8819,FALSE
21-07-2025,Tata Consultancy Services,TCS,532540,IT Services,555.74,558.92,552.23,552.52,552.52,2195502,-0.005794,556.83,570.39,0.306895,459674.8819,FALSE
22-07-2025,Tata Consultancy Services,TCS,532540,IT Services,552.52,553.37,528.88,531.42,531.42,2785872,-0.038189,548.72,567.51,0.322019,459674.8819,FALSE
23-07-2025,Tata Consultancy Services,TCS,532540,IT Services,531.42,535.35,513.61,518.21,518.21,4401766,-0.024858,542.04,564.43,0.326667,459674.8819,FALSE
24-07-2025,Tata Consultancy Services,TCS,532540,IT Services,518.21,518.59,486.71,489.97,489.97,4578006,-0.054495,534,560.41,0.355925,459674.8819,FALSE
25-07-2025,Tata Consultancy Services,TCS,532540,IT Services,489.97,493.54,484.57,487.92,487.92,2161711,-0.004184,525.29,556.56,0.35571,459674.8819,FALSE
28-07-2025,Tata Consultancy Services,TCS,532540,IT Services,487.92,492.06,485.04,486.32,486.32,7640525,-0.003279,517.44,553.09,0.353287,459674.8819,FALSE
29-07-2025,Tata Consultancy Services,TCS,532540,IT Services,486.32,488.62,480.42,482.44,482.44,3720541,-0.007978,506.97,549.61,0.353323,459674.8819,FALSE
30-07-2025,Tata Consultancy Services,TCS,532540,IT Services,482.44,495.6,480.67,493.09,493.09,3669152,0.022075,498.48,546.91,0.35948,459674.8819,FALSE
31-07-2025,Tata Consultancy Services,TCS,532540,IT Services,493.09,506.73,490.52,505.16,505.16,1423726,0.024478,494.73,544.48,0.367951,459674.8819,FALSE
01-08-2025,Tata Consultancy Services,TCS,532540,IT Services,505.16,510.05,501.36,503.69,503.69,7130169,-0.00291,492.66,542.43,0.363851,459674.8819,FALSE
04-08-2025,Tata Consultancy Services,TCS,532540,IT Services,503.69,507.38,480.86,482.43,482.43,2646007,-0.042209,491.58,539.4,0.376175,459674.8819,FALSE
05-08-2025,Tata Consultancy Services,TCS,532540,IT Services,482.43,490.43,480.96,488.63,488.63,7908612,0.012852,491.68,537.01,0.375953,459674.8819,FALSE
06-08-2025,Tata Consultancy Services,TCS,532540,IT Services,488.63,495.17,487.41,494.3,494.3,4472120,0.011604,492.82,535.02,0.378169,459674.8819,FALSE
07-08-2025,Tata Consultancy Services,TCS,532540,IT Services,494.3,498.7,492.5,497.61,497.61,7123955,0.006696,494.99,533.36,0.378409,459674.8819,FALSE
08-08-2025,Tata Consultancy Services,TCS,532540,IT Services,497.61,509.98,496.86,507.63,507.63,2253853,0.020136,497.06,531.54,0.374197,459674.8819,FALSE
11-08-2025,Tata Consultancy Services,TCS,532540,IT Services,507.63,512.41,491.73,496.05,496.05,2161062,-0.022812,495.76,529.2,0.37712,459674.8819,FALSE
12-08-2025,Tata Consultancy Services,TCS,532540,IT Services,496.05,520.02,493.07,516.23,516.23,6607796,0.040681,497.55,527.6,0.398863,459674.8819,FALSE
13-08-2025,Tata Consultancy Services,TCS,532540,IT Services,516.23,517.34,505.9,506.58,506.58,6737607,-0.018693,501,525.49,0.399484,459674.8819,FALSE
14-08-2025,Tata Consultancy Services,TCS,532540,IT Services,506.58,518.85,503.07,514.43,514.43,4801653,0.015496,504.69,524.43,0.386342,459674.8819,FALSE
15-08-2025,Tata Consultancy Services,TCS,532540,IT Services,514.43,516.37,493.11,497.32,497.32,1225045,-0.03326,505.12,522.8,0.396962,459674.8819,FALSE
18-08-2025,Tata Consultancy Services,TCS,532540,IT Services,497.32,501.56,487.16,488.32,488.32,7606062,-0.018097,503.79,520.14,0.3773,459674.8819,FALSE
19-08-2025,Tata Consultancy Services,TCS,532540,IT Services,488.32,504.59,487.58,503.37,503.37,3753113,0.03082,503.19,517.92,0.390631,459674.8819,FALSE
20-08-2025,Tata Consultancy Services,TCS,532540,IT Services,503.37,506.49,500.95,501,501,7551891,-0.004708,503.89,515.58,0.390262,459674.8819,FALSE
21-08-2025,Tata Consultancy Services,TCS,532540,IT Services,501,514.39,500.76,509.66,509.66,7095133,0.017285,502.95,513.32,0.392629,459674.8819,FALSE
22-08-2025,Tata Consultancy Services,TCS,532540,IT Services,509.66,513.66,505.78,512.33,512.33,6960429,0.005239,503.78,510.79,0.387967,459674.8819,FALSE
25-08-2025,Tata Consultancy Services,TCS,532540,IT Services,512.33,515.88,506.47,511.52,511.52,5821265,-0.001581,503.36,509.01,0.373413,459674.8819,FALSE
26-08-2025,Tata Consultancy Services,TCS,532540,IT Services,511.52,530.91,511.29,525.72,525.72,5712755,0.02776,507.42,508.32,0.372461,459674.8819,FALSE
27-08-2025,Tata Consultancy Services,TCS,532540,IT Services,525.72,526.52,519.58,523.5,523.5,4729182,-0.004223,512.44,507.48,0.372169,459674.8819,FALSE
28-08-2025,Tata Consultancy Services,TCS,532540,IT Services,523.5,523.96,504.75,505.12,505.12,1173452,-0.03511,512.69,506.27,0.383344,459674.8819,FALSE
29-08-2025,Tata Consultancy Services,TCS,532540,IT Services,505.12,508.52,494.31,497.25,497.25,3715048,-0.01558,512.16,504.32,0.3753,459674.8819,FALSE
01-09-2025,Tata Consultancy Services,TCS,532540,IT Services,497.25,504.69,493.49,502.98,502.98,6113789,0.011523,511.2,502.67,0.377699,459674.8819,FALSE
02-09-2025,Tata Consultancy Services,TCS,532540,IT Services,502.98,507.58,501.18,507.21,507.21,6686078,0.00841,510.47,501.87,0.363701,459674.8819,FALSE
03-09-2025,Tata Consultancy Services,TCS,532540,IT Services,507.21,509.62,491.52,491.57,491.57,4916963,-0.030835,507.62,500.98,0.367458,459674.8819,FALSE
04-09-2025,Tata Consultancy Services,TCS,532540,IT Services,491.57,495.28,481.81,484.7,484.7,5966908,-0.013976,501.76,500.8,0.333909,459674.8819,FALSE
05-09-2025,Tata Consultancy Services,TCS,532540,IT Services,484.7,486.08,474.55,479.3,479.3,1152211,-0.011141,495.45,500.52,0.335247,459674.8819,FALSE
08-09-2025,Tata Consultancy Services,TCS,532540,IT Services,479.3,480.9,474.81,476.03,476.03,4278837,-0.006822,491.29,500.17,0.33567,459674.8819,FALSE
09-09-2025,Tata Consultancy Services,TCS,532540,IT Services,476.03,480.06,462.3,463.17,463.17,4554075,-0.027015,486.42,499.53,0.343794,459674.8819,FALSE
10-09-2025,Tata Consultancy Services,TCS,532540,IT Services,463.17,465.58,457.02,457.58,457.58,7247390,-0.012069,479.94,498.35,0.33796,459674.8819,FALSE
11-09-2025,Tata Consultancy Services,TCS,532540,IT Services,457.58,461.44,448.64,451.14,451.14,3177362,-0.014074,471.93,496.55,0.329819,459674.8819,FALSE
12-09-2025,Tata Consultancy Services,TCS,532540,IT Services,451.14,460.38,448.45,458.33,458.33,2609636,0.015937,467.18,495.03,0.334627,459674.8819,FALSE
15-09-2025,Tata Consultancy Services,TCS,532540,IT Services,458.33,470.42,454.7,465.98,465.98,3466651,0.016691,464.5,494.49,0.317655,459674.8819,FALSE
16-09-2025,Tata Consultancy Services,TCS,532540,IT Services,465.98,469.01,461.35,464.85,464.85,2192740,-0.002425,462.44,493.69,0.314956,459674.8819,FALSE
17-09-2025,Tata Consultancy Services,TCS,532540,IT Services,464.85,465.39,457.32,461.44,461.44,4908969,-0.007336,460.36,492.6,0.3129,459674.8819,FALSE
18-09-2025,Tata Consultancy Services,TCS,532540,IT Services,461.44,467.06,457.72,462.96,462.96,5499626,0.003294,460.33,491.44,0.312224,459674.8819,FALSE
19-09-2025,Tata Consultancy Services,TCS,532540,IT Services,462.96,465.23,454.51,455.63,455.63,6607839,-0.015833,460.05,489.71,0.307211,459674.8819,FALSE
22-09-2025,Tata Consultancy Services,TCS,532540,IT Services,455.63,456.28,442.93,445.41,445.41,7803960,-0.02243,459.23,488.02,0.307003,459674.8819,FALSE
23-09-2025,Tata Consultancy Services,TCS,532540,IT Services,445.41,446.09,435.96,437.26,437.26,1515237,-0.018298,456.22,485.39,0.279794,459674.8819,FALSE
24-09-2025,Tata Consultancy Services,TCS,532540,IT Services,437.26,440.26,430.5,431.92,431.92,2730796,-0.012212,451.35,482.9,0.277735,459674.8819,FALSE
25-09-2025,Tata Consultancy Services,TCS,532540,IT Services,431.92,432.13,418.16,422.09,422.09,3104986,-0.022759,445.24,479.82,0.275139,459674.8819,FALSE
26-09-2025,Tata Consultancy Services,TCS,532540,IT Services,422.09,424.88,419.21,423.67,423.67,2747692,0.003743,439.85,477.37,0.264476,459674.8819,FALSE
29-09-2025,Tata Consultancy Services,TCS,532540,IT Services,423.67,430.66,419.54,430.06,430.06,6790974,0.015082,435.15,475.42,0.26787,459674.8819,FALSE
30-09-2025,Tata Consultancy Services,TCS,532540,IT Services,430.06,431.96,414.89,416.63,416.63,1976491,-0.031228,429.58,472.53,0.25778,459674.8819,FALSE
01-10-2025,Tata Consultancy Services,TCS,532540,IT Services,416.63,418.77,414.39,417.04,417.04,1208169,0.000984,425.52,469.73,0.258585,459674.8819,FALSE
02-10-2025,Tata Consultancy Services,TCS,532540,IT Services,417.04,419.22,413.4,415.42,415.42,7023944,-0.003885,422.4,466.59,0.249151,459674.8819,FALSE
03-10-2025,Tata Consultancy Services,TCS,532540,IT Services,415.42,419.63,414.97,418.46,418.46,7730628,0.007318,420.48,463.46,0.250085,459674.8819,FALSE
06-10-2025,Tata Consultancy Services,TCS,532540,IT Services,418.46,418.7,417.47,418.56,418.56,2584782,0.000239,419.98,460.37,0.250458,459674.8819,FALSE
07-10-2025,Tata Consultancy Services,TCS,532540,IT Services,418.56,421.14,404.46,406.61,406.61,3329987,-0.02855,417.54,456.4,0.23621,459674.8819,FALSE
08-10-2025,Tata Consultancy Services,TCS,532540,IT Services,406.61,408.13,396.28,396.54,396.54,4522249,-0.024766,412.75,452.16,0.240503,459674.8819,FALSE
09-10-2025,Tata Consultancy Services,TCS,532540,IT Services,396.54,399.56,392.85,396.97,396.97,4681639,0.001084,409.94,448.56,0.229101,459674.8819,FALSE
10-10-2025,Tata Consultancy Services,TCS,532540,IT Services,396.97,405.78,396.48,405.34,405.34,7936107,0.021085,408.27,445.5,0.242661,459674.8819,FALSE
13-10-2025,Tata Consultancy Services,TCS,532540,IT Services,405.34,405.4,386.83,387.59,387.59,3829074,-0.04379,404.3,441.65,0.259018,459674.8819,FALSE
14-10-2025,Tata Consultancy Services,TCS,532540,IT Services,387.59,391.44,384.63,390.47,390.47,1084986,0.007431,400.3,437.76,0.258477,459674.8819,FALSE
15-10-2025,Tata Consultancy Services,TCS,532540,IT Services,390.47,401.78,390.09,399.95,399.95,3959298,0.024278,397.64,434.7,0.266423,459674.8819,FALSE
16-10-2025,Tata Consultancy Services,TCS,532540,IT Services,399.95,401.53,395.34,398.93,398.93,4895402,-0.00255,396.54,431.84,0.265774,459674.8819,FALSE
17-10-2025,Tata Consultancy Services,TCS,532540,IT Services,398.93,406.79,396.03,403.52,403.52,4618228,0.011506,397.54,429.32,0.270282,459674.8819,FALSE
20-10-2025,Tata Consultancy Services,TCS,532540,IT Services,403.52,405.04,397.77,398.05,398.05,4586023,-0.013556,397.69,426.72,0.271254,459674.8819,FALSE
21-10-2025,Tata Consultancy Services,TCS,532540,IT Services,398.05,400.16,394.55,397.29,397.29,7458316,-0.001909,396.54,424.52,0.263853,459674.8819,FALSE
22-10-2025,Tata Consultancy Services,TCS,532540,IT Services,397.29,399.65,382.18,384.61,384.61,6652131,-0.031916,396.12,422.09,0.274548,459674.8819,FALSE
23-10-2025,Tata Consultancy Services,TCS,532540,IT Services,384.61,384.7,363.99,366.77,366.77,2761953,-0.046385,392.73,419.28,0.298143,459674.8819,FALSE
24-10-2025,Tata Consultancy Services,TCS,532540,IT Services,366.77,375.8,363.74,373.87,373.87,3486970,0.019358,389.01,416.46,0.300555,459674.8819,FALSE
27-10-2025,Tata Consultancy Services,TCS,532540,IT Services,373.87,375.16,364.06,366.69,366.69,5673075,-0.019205,384.4,413.15,0.294334,459674.8819,FALSE
28-10-2025,Tata Consultancy Services,TCS,532540,IT Services,366.69,368.24,361.4,363.54,363.54,3872389,-0.00859,378.69,409.78,0.2939,459674.8819,FALSE
29-10-2025,Tata Consultancy Services,TCS,532540,IT Services,363.54,363.9,352.5,353.64,353.64,3998814,-0.027232,372.34,406.18,0.299124,459674.8819,FALSE
30-10-2025,Tata Consultancy Services,TCS,532540,IT Services,353.64,356.41,341.44,343.84,343.84,2175565,-0.027712,364.71,402.21,0.301846,459674.8819,FALSE
31-10-2025,Tata Consultancy Services,TCS,532540,IT Services,343.84,347.08,339.54,342.82,342.82,2780579,-0.002966,358.74,398.45,0.301874,459674.8819,FALSE
03-11-2025,Tata Consultancy Services,TCS,532540,IT Services,342.82,342.89,336,337.99,337.99,6185706,-0.014089,354.63,394.87,0.299672,459674.8819,FALSE
04-11-2025,Tata Consultancy Services,TCS,532540,IT Services,337.99,342.76,335.74,340.71,340.71,6900517,0.008048,349.89,391.65,0.302273,459674.8819,FALSE
05-11-2025,Tata Consultancy Services,TCS,532540,IT Services,340.71,346.59,339.22,343.97,343.97,6492962,0.009568,346.64,388.72,0.306266,459674.8819,FALSE
06-11-2025,Tata Consultancy Services,TCS,532540,IT Services,343.97,347.33,341.36,346.34,346.34,3154834,0.00689,344.19,386.2,0.305382,459674.8819,FALSE
07-11-2025,Tata Consultancy Services,TCS,532540,IT Services,346.34,350.91,342.89,348.17,348.17,1956643,0.005284,343.41,383.68,0.305858,459674.8819,FALSE
10-11-2025,Tata Consultancy Services,TCS,532540,IT Services,348.17,361.6,347.61,359.33,359.33,2117862,0.032053,345.62,381.32,0.319823,459674.8819,FALSE
11-11-2025,Tata Consultancy Services,TCS,532540,IT Services,359.33,362.67,351.13,351.84,351.84,3754199,-0.020844,346.91,379.16,0.314004,459674.8819,FALSE
12-11-2025,Tata Consultancy Services,TCS,532540,IT Services,351.84,355.29,349.73,351.63,351.63,4624287,-0.000597,348.86,376.98,0.313757,459674.8819,FALSE
13-11-2025,Tata Consultancy Services,TCS,532540,IT Services,351.63,359.92,349.94,359.77,359.77,7250334,0.023149,351.58,375.13,0.324549,459674.8819,FALSE
14-11-2025,Tata Consultancy Services,TCS,532540,IT Services,359.77,370.69,357.71,369.05,369.05,7291793,0.025794,355.16,373.48,0.334693,459674.8819,FALSE
17-11-2025,Tata Consultancy Services,TCS,532540,IT Services,369.05,371.07,358.56,358.74,358.74,1018950,-0.027937,356.93,371.49,0.341512,459674.8819,FALSE
18-11-2025,Tata Consultancy Services,TCS,532540,IT Services,358.74,359.27,355.24,356.68,356.68,5952921,-0.005742,358.15,369.82,0.334106,459674.8819,FALSE
19-11-2025,Tata Consultancy Services,TCS,532540,IT Services,356.68,367.78,354.6,366.54,366.54,3091313,0.027644,359.18,368.82,0.340462,459674.8819,FALSE
20-11-2025,Tata Consultancy Services,TCS,532540,IT Services,366.54,374.11,364.4,370.45,370.45,2384614,0.010667,361.84,367.94,0.34244,459674.8819,FALSE
21-11-2025,Tata Consultancy Services,TCS,532540,IT Services,370.45,372.14,368.02,372.08,372.08,4885295,0.0044,364.76,366.83,0.335988,459674.8819,FALSE
24-11-2025,Tata Consultancy Services,TCS,532540,IT Services,372.08,373.77,367.98,370.65,370.65,1237392,-0.003843,366.31,366.26,0.312599,459674.8819,FALSE
25-11-2025,Tata Consultancy Services,TCS,532540,IT Services,370.65,373.77,365.63,367.99,367.99,3338657,-0.007177,366.16,365.52,0.311919,459674.8819,FALSE
26-11-2025,Tata Consultancy Services,TCS,532540,IT Services,367.99,371.49,365.08,370.29,370.29,4865565,0.00625,367.81,364.53,0.30308,459674.8819,FALSE
27-11-2025,Tata Consultancy Services,TCS,532540,IT Services,370.29,372.07,366.31,368.61,368.61,2904316,-0.004537,369.52,363.52,0.303144,459674.8819,FALSE
28-11-2025,Tata Consultancy Services,TCS,532540,IT Services,368.61,372.22,366.5,368.48,368.48,5153745,-0.000353,369.79,362.35,0.300333,459674.8819,FALSE
01-12-2025,Tata Consultancy Services,TCS,532540,IT Services,368.48,371,366.25,369.24,369.24,4220262,0.002063,369.62,361.39,0.298903,459674.8819,FALSE
02-12-2025,Tata Consultancy Services,TCS,532540,IT Services,369.24,369.73,364.05,364.42,364.42,6595851,-0.013054,368.53,360.29,0.300508,459674.8819,FALSE
03-12-2025,Tata Consultancy Services,TCS,532540,IT Services,364.42,368.67,363.43,368.48,368.48,2270661,0.011141,368.22,359.75,0.289855,459674.8819,FALSE
04-12-2025,Tata Consultancy Services,TCS,532540,IT Services,368.48,393.83,366.54,390.14,390.14,1399721,0.058782,371.38,360.53,0.307333,459674.8819,FALSE
05-12-2025,Tata Consultancy Services,TCS,532540,IT Services,390.14,391.18,373.19,376.47,376.47,4707376,-0.035039,372.26,360.62,0.321134,459674.8819,FALSE
08-12-2025,Tata Consultancy Services,TCS,532540,IT Services,376.47,381.01,373.92,379.1,379.1,2798264,0.006986,373.76,361.03,0.316153,459674.8819,FALSE
09-12-2025,Tata Consultancy Services,TCS,532540,IT Services,379.1,379.45,373.19,373.53,373.53,5946871,-0.014693,374.48,361.37,0.3183,459674.8819,FALSE
10-12-2025,Tata Consultancy Services,TCS,532540,IT Services,373.53,379.63,371.31,378.03,378.03,1653002,0.012047,375.74,362.18,0.308117,459674.8819,FALSE
11-12-2025,Tata Consultancy Services,TCS,532540,IT Services,378.03,382.09,377.19,378.57,378.57,5027064,0.001428,377.76,363.34,0.294646,459674.8819,FALSE
12-12-2025,Tata Consultancy Services,TCS,532540,IT Services,378.57,386.46,375.79,384.53,384.53,7928837,0.015743,380.05,364.73,0.296132,459674.8819,FALSE
15-12-2025,Tata Consultancy Services,TCS,532540,IT Services,384.53,397.58,381.34,393.76,393.76,1651765,0.024003,380.57,366.59,0.29649,459674.8819,FALSE
16-12-2025,Tata Consultancy Services,TCS,532540,IT Services,393.76,396.49,391.42,395.47,395.47,3112736,0.004343,383.28,368.41,0.296383,459674.8819,FALSE
17-12-2025,Tata Consultancy Services,TCS,532540,IT Services,395.47,406.66,393.13,404.62,404.62,6910860,0.023137,386.93,370.43,0.300719,459674.8819,FALSE
18-12-2025,Tata Consultancy Services,TCS,532540,IT Services,404.62,408.1,384.55,385.85,385.85,4734952,-0.046389,388.69,371.75,0.336276,459674.8819,FALSE
19-12-2025,Tata Consultancy Services,TCS,532540,IT Services,385.85,400.11,384.13,398.32,398.32,2224844,0.032318,391.59,373.42,0.346276,459674.8819,FALSE
22-12-2025,Tata Consultancy Services,TCS,532540,IT Services,398.32,402.63,394.88,401.51,401.51,2491909,0.008009,394.87,374.83,0.336665,459674.8819,FALSE
23-12-2025,Tata Consultancy Services,TCS,532540,IT Services,401.51,413.87,398.6,410.36,410.36,6353684,0.022042,398.56,376.78,0.332164,459674.8819,FALSE
24-12-2025,Tata Consultancy Services,TCS,532540,IT Services,410.36,411.96,398.47,400.56,400.56,7026265,-0.023881,399.53,378.41,0.342483,459674.8819,FALSE
25-12-2025,Tata Consultancy Services,TCS,532540,IT Services,400.56,402.68,392.65,394.1,394.1,3523955,-0.016127,399.33,379.55,0.342893,459674.8819,FALSE
26-12-2025,Tata Consultancy Services,TCS,532540,IT Services,394.1,399.31,393.9,395.45,395.45,4316829,0.003426,398.02,380.43,0.336186,459674.8819,FALSE
29-12-2025,Tata Consultancy Services,TCS,532540,IT Services,395.45,396.25,394.88,395.51,395.51,6479329,0.000152,399.4,381.66,0.323697,459674.8819,FALSE
30-12-2025,Tata Consultancy Services,TCS,532540,IT Services,395.51,399.15,394.75,397.95,397.95,2238492,0.006169,399.35,383.04,0.322594,459674.8819,FALSE
31-12-2025,Tata Consultancy Services,TCS,532540,IT Services,397.95,406.91,396.46,406.78,406.78,2443910,0.022189,400.1,384.38,0.319471,459674.8819,FALSE
01-01-2026,Tata Consultancy Services,TCS,532540,IT Services,406.78,408.37,388.91,392.62,392.62,6421023,-0.03481,397.57,385.12,0.337501,459674.8819,FALSE
02-01-2026,Tata Consultancy Services,TCS,532540,IT Services,392.62,401.27,390.64,400.46,400.46,2306634,0.019968,397.55,386.06,0.341393,459674.8819,FALSE
05-01-2026,Tata Consultancy Services,TCS,532540,IT Services,400.46,403.46,399.52,400.73,400.73,6395681,0.000674,398.5,387.06,0.340894,459674.8819,FALSE
06-01-2026,Tata Consultancy Services,TCS,532540,IT Services,400.73,401.46,398.88,399.3,399.3,4479180,-0.003568,399.05,388.11,0.340133,459674.8819,FALSE
07-01-2026,Tata Consultancy Services,TCS,532540,IT Services,399.3,401.99,386.44,387.75,387.75,7930238,-0.028926,397.94,388.69,0.352229,459674.8819,FALSE
08-01-2026,Tata Consultancy Services,TCS,532540,IT Services,387.75,392.88,384.59,391.84,391.84,1230552,0.010548,397.07,389.46,0.352594,459674.8819,FALSE
09-01-2026,Tata Consultancy Services,TCS,532540,IT Services,391.84,393.24,371.69,373.12,373.12,7621682,-0.047775,392.26,389.62,0.381288,459674.8819,FALSE
12-01-2026,Tata Consultancy Services,TCS,532540,IT Services,373.12,379.47,370.24,378.15,378.15,2577081,0.013481,390.19,389.92,0.383075,459674.8819,FALSE
13-01-2026,Tata Consultancy Services,TCS,532540,IT Services,378.15,380.86,364.1,367.05,367.05,1245564,-0.029353,385.42,390,0.391128,459674.8819,FALSE
14-01-2026,Tata Consultancy Services,TCS,532540,IT Services,367.05,369.34,366.64,367.63,367.63,6068085,0.00158,380.69,389.98,0.389855,459674.8819,FALSE
15-01-2026,Tata Consultancy Services,TCS,532540,IT Services,367.63,368.96,364.7,366.93,366.93,4727697,-0.001904,376.07,389.2,0.34807,459674.8819,FALSE
16-01-2026,Tata Consultancy Services,TCS,532540,IT Services,366.93,378.9,363.42,375.7,375.7,6861684,0.023901,374.35,389.18,0.341019,459674.8819,FALSE
19-01-2026,Tata Consultancy Services,TCS,532540,IT Services,375.7,377.85,373.04,374.55,374.55,1758475,-0.003061,371.88,389.02,0.340513,459674.8819,FALSE
20-01-2026,Tata Consultancy Services,TCS,532540,IT Services,374.55,375.35,369.35,369.53,369.53,1565497,-0.013403,371.36,388.89,0.340056,459674.8819,FALSE
21-01-2026,Tata Consultancy Services,TCS,532540,IT Services,369.53,372.86,362.6,365.97,365.97,4970743,-0.009634,369.62,388.49,0.339111,459674.8819,FALSE
22-01-2026,Tata Consultancy Services,TCS,532540,IT Services,365.97,376.76,362.74,375.47,375.47,7174543,0.025958,370.83,388.39,0.347887,459674.8819,FALSE
23-01-2026,Tata Consultancy Services,TCS,532540,IT Services,375.47,379.84,373.51,379.69,379.69,3840341,0.011239,372.55,388.22,0.346352,459674.8819,FALSE
26-01-2026,Tata Consultancy Services,TCS,532540,IT Services,379.69,381.57,374.87,376.95,376.95,6582620,-0.007216,373.98,387.66,0.339147,459674.8819,FALSE
27-01-2026,Tata Consultancy Services,TCS,532540,IT Services,376.95,377.42,374.56,375.36,375.36,7343468,-0.004218,373.93,386.99,0.338832,459674.8819,FALSE
28-01-2026,Tata Consultancy Services,TCS,532540,IT Services,375.36,376.25,360.8,363.78,363.78,7087790,-0.03085,372.39,385.63,0.340821,459674.8819,FALSE
29-01-2026,Tata Consultancy Services,TCS,532540,IT Services,363.78,369.53,361.97,366.79,366.79,4560680,0.008274,372,385,0.316762,459674.8819,FALSE
30-01-2026,Tata Consultancy Services,TCS,532540,IT Services,366.79,367.27,353.94,354.06,354.06,5888999,-0.034707,370.3,383.52,0.314148,459674.8819,FALSE
02-02-2026,Tata Consultancy Services,TCS,532540,IT Services,354.06,362.46,351.64,359.56,359.56,4679662,0.015534,368.03,382.12,0.317332,459674.8819,FALSE
03-02-2026,Tata Consultancy Services,TCS,532540,IT Services,359.56,364.05,356.14,360.67,360.67,5719071,0.003087,365.31,380.47,0.308725,459674.8819,FALSE
04-02-2026,Tata Consultancy Services,TCS,532540,IT Services,360.67,380.36,357.68,378.07,378.07,4969609,0.048244,365.47,379.72,0.33797,459674.8819,FALSE
05-02-2026,Tata Consultancy Services,TCS,532540,IT Services,378.07,380.75,368.91,369.94,369.94,4675652,-0.021504,364.7,378.91,0.340315,459674.8819,FALSE
06-02-2026,Tata Consultancy Services,TCS,532540,IT Services,369.94,372.58,369.16,369.36,369.36,4057657,-0.001568,365.49,378.04,0.339946,459674.8819,FALSE
09-02-2026,Tata Consultancy Services,TCS,532540,IT Services,369.36,386.63,365.89,382.83,382.83,5569510,0.036468,367.78,377.62,0.357814,459674.8819,FALSE
10-02-2026,Tata Consultancy Services,TCS,532540,IT Services,382.83,393.48,379.24,392.14,392.14,6257694,0.024319,373.22,377.43,0.364704,459674.8819,FALSE
11-02-2026,Tata Consultancy Services,TCS,532540,IT Services,392.14,392.78,384.82,386.88,386.88,7433767,-0.013414,377.13,376.76,0.360253,459674.8819,FALSE
12-02-2026,Tata Consultancy Services,TCS,532540,IT Services,386.88,390.82,384.39,388.81,388.81,5292600,0.004989,381.15,376.64,0.3464,459674.8819,FALSE
13-02-2026,Tata Consultancy Services,TCS,532540,IT Services,388.81,391.09,387.01,389.02,389.02,1703654,0.00054,382.71,376.25,0.341159,459674.8819,FALSE
16-02-2026,Tata Consultancy Services,TCS,532540,IT Services,389.02,392.1,387.38,391.4,391.4,5112350,0.006118,385.78,375.94,0.34172,459674.8819,FALSE
17-02-2026,Tata Consultancy Services,TCS,532540,IT Services,391.4,393.8,385.67,386.13,386.13,3210351,-0.013464,388.17,375.5,0.343675,459674.8819,FALSE
18-02-2026,Tata Consultancy Services,TCS,532540,IT Services,386.13,386.18,385.26,385.63,385.63,1187692,-0.001295,388.57,375.43,0.33326,459674.8819,FALSE
19-02-2026,Tata Consultancy Services,TCS,532540,IT Services,385.63,389.21,372.63,373.5,373.5,1507184,-0.031455,385.91,374.82,0.343809,459674.8819,FALSE
20-02-2026,Tata Consultancy Services,TCS,532540,IT Services,373.5,375.69,370.38,374.7,374.7,5139114,0.003213,384.17,374.88,0.314518,459674.8819,FALSE
23-02-2026,Tata Consultancy Services,TCS,532540,IT Services,374.7,378.41,374.15,378.26,378.26,7613636,0.009501,382.66,374.88,0.313281,459674.8819,FALSE
24-02-2026,Tata Consultancy Services,TCS,532540,IT Services,378.26,378.67,375.87,376.73,376.73,4538999,-0.004045,380.91,375.2,0.300878,459674.8819,FALSE
25-02-2026,Tata Consultancy Services,TCS,532540,IT Services,376.73,377.63,362.74,364.75,364.75,4116858,-0.0318,377.1,375.11,0.315554,459674.8819,FALSE
26-02-2026,Tata Consultancy Services,TCS,532540,IT Services,364.75,373.16,363.96,372.14,372.14,1620623,0.02026,375.1,375.28,0.320928,459674.8819,FALSE
27-02-2026,Tata Consultancy Services,TCS,532540,IT Services,372.14,375.16,371.53,375.04,375.04,5727411,0.007793,373.59,375.26,0.314118,459674.8819,FALSE
02-03-2026,Tata Consultancy Services,TCS,532540,IT Services,375.04,376.09,367.7,369.78,369.78,1388297,-0.014025,373.06,375.1,0.316683,459674.8819,FALSE
03-03-2026,Tata Consultancy Services,TCS,532540,IT Services,369.78,370.49,366.54,367.89,367.89,6887840,-0.005111,372.08,375.04,0.314592,459674.8819,FALSE
04-03-2026,Tata Consultancy Services,TCS,532540,IT Services,367.89,369.28,354.8,357.03,357.03,6714840,-0.02952,369.05,374.75,0.325013,459674.8819,FALSE
05-03-2026,Tata Consultancy Services,TCS,532540,IT Services,357.03,358.41,346.7,349.89,349.89,7937001,-0.019998,365.22,373.89,0.319602,459674.8819,FALSE
06-03-2026,Tata Consultancy Services,TCS,532540,IT Services,349.89,351.07,345.78,346.3,346.3,2989972,-0.01026,362.58,372.78,0.317842,459674.8819,FALSE
09-03-2026,Tata Consultancy Services,TCS,532540,IT Services,346.3,356.15,343.14,354.98,354.98,2132477,0.025065,360.13,372.05,0.327626,459674.8819,FALSE
10-03-2026,Tata Consultancy Services,TCS,532540,IT Services,354.98,355.3,347.45,350.62,350.62,3096744,-0.012282,356.64,371.22,0.328975,459674.8819,FALSE
11-03-2026,Tata Consultancy Services,TCS,532540,IT Services,350.62,355.37,347.71,355.28,355.28,6596588,0.013291,354.57,370.94,0.320169,459674.8819,FALSE
12-03-2026,Tata Consultancy Services,TCS,532540,IT Services,355.28,356,349.42,351.64,351.64,2531756,-0.010245,352.25,370.43,0.320212,459674.8819,FALSE
13-03-2026,Tata Consultancy Services,TCS,532540,IT Services,351.64,356.23,349.45,353.56,353.56,7211960,0.00546,351.75,370.42,0.304473,459674.8819,FALSE
16-03-2026,Tata Consultancy Services,TCS,532540,IT Services,353.56,357.06,350.48,352.73,352.73,2079305,-0.002348,352.16,370.19,0.301003,459674.8819,FALSE
17-03-2026,Tata Consultancy Services,TCS,532540,IT Services,352.73,362.4,350.3,359.07,359.07,1342127,0.017974,353.98,370.14,0.305587,459674.8819,FALSE
18-03-2026,Tata Consultancy Services,TCS,532540,IT Services,359.07,360.88,355.35,355.41,355.41,2535503,-0.010193,354.04,369.38,0.270375,459674.8819,FALSE
19-03-2026,Tata Consultancy Services,TCS,532540,IT Services,355.41,357.3,341.11,344.41,344.41,6278633,-0.03095,353.16,368.53,0.277611,459674.8819,FALSE
20-03-2026,Tata Consultancy Services,TCS,532540,IT Services,344.41,345.49,333.1,335.06,335.06,5215957,-0.027148,350.27,367.39,0.286825,459674.8819,FALSE
23-03-2026,Tata Consultancy Services,TCS,532540,IT Services,335.06,337.65,329.07,331.66,331.66,3483077,-0.010147,347.41,365.68,0.261682,459674.8819,FALSE
24-03-2026,Tata Consultancy Services,TCS,532540,IT Services,331.66,334.2,322.32,323.54,323.54,5592261,-0.024483,343.13,363.39,0.252829,459674.8819,FALSE
25-03-2026,Tata Consultancy Services,TCS,532540,IT Services,323.54,329.11,323.5,326.36,326.36,5540177,0.008716,339.36,361.38,0.255514,459674.8819,FALSE
26-03-2026,Tata Consultancy Services,TCS,532540,IT Services,326.36,329.28,321.83,323.48,323.48,4883047,-0.008825,334.27,359.2,0.253703,459674.8819,FALSE
27-03-2026,Tata Consultancy Services,TCS,532540,IT Services,323.48,340.48,321.84,339.01,339.01,4598337,0.048009,331.93,357.53,0.29779,459674.8819,FALSE
30-03-2026,Tata Consultancy Services,TCS,532540,IT Services,339.01,341.61,325.96,327.39,327.39,1710453,-0.034276,329.5,355.4,0.308216,459674.8819,FALSE
31-03-2026,Tata Consultancy Services,TCS,532540,IT Services,327.39,331.54,326.28,328.89,328.89,2818195,0.004582,328.62,353.49,0.30873,459674.8819,FALSE
01-04-2026,Tata Consultancy Services,TCS,532540,IT Services,328.89,329.91,320.83,321.64,321.64,4693880,-0.022044,327.19,351.36,0.312313,459674.8819,FALSE
02-04-2026,Tata Consultancy Services,TCS,532540,IT Services,321.64,324.63,316.94,318.62,318.62,1946549,-0.009389,326.48,349.53,0.302998,459674.8819,FALSE
03-04-2026,Tata Consultancy Services,TCS,532540,IT Services,318.62,319.99,317.43,319.68,319.68,4330870,0.003327,325.53,347.69,0.303025,459674.8819,FALSE
06-04-2026,Tata Consultancy Services,TCS,532540,IT Services,319.68,322.86,302.02,304.98,304.98,1818630,-0.045983,322.89,345.25,0.32187,459674.8819,FALSE
07-04-2026,Tata Consultancy Services,TCS,532540,IT Services,304.98,308.93,304.45,306.57,306.57,6510636,0.005213,318.25,342.91,0.32371,459674.8819,FALSE
08-04-2026,Tata Consultancy Services,TCS,532540,IT Services,306.57,318.69,305.59,318.39,318.39,1723260,0.038556,316.97,341.37,0.340014,459674.8819,FALSE
09-04-2026,Tata Consultancy Services,TCS,532540,IT Services,318.39,320.48,314.74,315.67,315.67,1647772,-0.008543,315.08,339.49,0.332091,459674.8819,FALSE
10-04-2026,Tata Consultancy Services,TCS,532540,IT Services,315.67,317.57,313.95,317.46,317.46,5464530,0.00567,314.48,337.57,0.331422,459674.8819,FALSE
13-04-2026,Tata Consultancy Services,TCS,532540,IT Services,317.46,326.63,315.88,324.13,324.13,2543724,0.021011,315.27,336.04,0.338907,459674.8819,FALSE
14-04-2026,Tata Consultancy Services,TCS,532540,IT Services,324.13,326.72,321.15,323.23,323.23,3459875,-0.002777,315.78,334.56,0.338917,459674.8819,FALSE
15-04-2026,Tata Consultancy Services,TCS,532540,IT Services,323.23,325.18,316.6,319.64,319.64,3199814,-0.011107,317.87,333.31,0.331019,459674.8819,FALSE
16-04-2026,Tata Consultancy Services,TCS,532540,IT Services,319.64,322.37,304.38,305.25,305.25,2516434,-0.045019,317.68,331.82,0.349312,459674.8819,FALSE
17-04-2026,Tata Consultancy Services,TCS,532540,IT Services,305.25,309.62,303.13,309.31,309.31,6332473,0.013301,316.38,330.59,0.352482,459674.8819,FALSE
20-04-2026,Tata Consultancy Services,TCS,532540,IT Services,309.31,310.17,308.69,308.77,308.77,5843195,-0.001746,315.4,329.05,0.341998,459674.8819,FALSE
21-04-2026,Tata Consultancy Services,TCS,532540,IT Services,308.77,310.05,301.87,302.67,302.67,2671436,-0.019756,313.29,327.45,0.344172,459674.8819,FALSE
22-04-2026,Tata Consultancy Services,TCS,532540,IT Services,302.67,303.71,301.26,303.59,303.59,5807946,0.00304,310.35,325.73,0.340791,459674.8819,FALSE
23-04-2026,Tata Consultancy Services,TCS,532540,IT Services,303.59,304.95,300.1,300.19,300.19,5994304,-0.011199,307.06,324.01,0.340929,459674.8819,FALSE
24-04-2026,Tata Consultancy Services,TCS,532540,IT Services,300.19,300.99,295.34,297.17,297.17,4774178,-0.01006,303.85,322.13,0.339743,459674.8819,FALSE
27-04-2026,Tata Consultancy Services,TCS,532540,IT Services,297.17,302.11,295.16,300.92,300.92,5048708,0.012619,303.23,320.41,0.343716,459674.8819,FALSE
28-04-2026,Tata Consultancy Services,TCS,532540,IT Services,300.92,302.2,290.83,293.02,293.02,7544704,-0.026253,300.9,318.2,0.341864,459674.8819,FALSE
29-04-2026,Tata Consultancy Services,TCS,532540,IT Services,293.02,301.94,291.51,299.3,299.3,4177156,0.021432,299.55,316.33,0.351081,459674.8819,FALSE
30-04-2026,Tata Consultancy Services,TCS,532540,IT Services,299.3,300.11,289.33,291.09,291.09,3697899,-0.027431,297.9,314.56,0.349004,459674.8819,FALSE
01-05-2026,Tata Consultancy Services,TCS,532540,IT Services,291.09,293.69,286.24,287.37,287.37,4773007,-0.01278,295.58,312.97,0.343652,459674.8819,FALSE
04-05-2026,Tata Consultancy Services,TCS,532540,IT Services,287.37,299.84,287.25,298.57,298.57,6851040,0.038974,295.35,311.86,0.365878,459674.8819,FALSE
05-05-2026,Tata Consultancy Services,TCS,532540,IT Services,298.57,306.45,298.27,305.45,305.45,5967106,0.023043,296.53,311.26,0.367824,459674.8819,FALSE
06-05-2026,Tata Consultancy Services,TCS,532540,IT Services,305.45,307.74,303.45,306.2,306.2,1525975,0.002455,297.29,310.59,0.366736,459674.8819,FALSE
07-05-2026,Tata Consultancy Services,TCS,532540,IT Services,306.2,307.48,297.6,300.59,300.59,4214943,-0.018321,298.37,309.83,0.369325,459674.8819,FALSE
08-05-2026,Tata Consultancy Services,TCS,532540,IT Services,300.59,301.37,297.51,297.56,297.56,6178817,-0.01008,298.12,308.44,0.337751,459674.8819,FALSE
11-05-2026,Tata Consultancy Services,TCS,532540,IT Services,297.56,299.64,295.9,298.15,298.15,2567422,0.001983,299.13,307.47,0.325753,459674.8819,FALSE
12-05-2026,Tata Consultancy Services,TCS,532540,IT Services,298.15,298.97,295.91,298.52,298.52,7919131,0.001241,300.72,306.46,0.325229,459674.8819,FALSE
13-05-2026,Tata Consultancy Services,TCS,532540,IT Services,298.52,299.57,295.66,298.13,298.13,6656756,-0.001306,300.66,305.67,0.320203,459674.8819,FALSE
14-05-2026,Tata Consultancy Services,TCS,532540,IT Services,298.13,299.81,296.47,298.09,298.09,6926187,-0.000134,299.61,304.99,0.319553,459674.8819,FALSE
15-05-2026,Tata Consultancy Services,TCS,532540,IT Services,298.09,299.32,295.12,296.96,296.96,1572074,-0.003791,298.29,304.23,0.319184,459674.8819,FALSE
18-05-2026,Tata Consultancy Services,TCS,532540,IT Services,296.96,299.41,286.54,288.55,288.55,5057653,-0.02832,296.57,303.68,0.301789,459674.8819,FALSE
19-05-2026,Tata Consultancy Services,TCS,532540,IT Services,288.55,289.29,283.26,285.71,285.71,4694512,-0.009842,294.87,302.99,0.30196,459674.8819,FALSE
20-05-2026,Tata Consultancy Services,TCS,532540,IT Services,285.71,293.9,285.36,291.08,291.08,5387362,0.018795,293.86,302.08,0.283677,459674.8819,FALSE
21-05-2026,Tata Consultancy Services,TCS,532540,IT Services,291.08,293.36,280.63,283.26,283.26,6951832,-0.026865,291.68,301,0.291739,459674.8819,FALSE
22-05-2026,Tata Consultancy Services,TCS,532540,IT Services,283.26,286,282.25,282.33,282.33,3473026,-0.003283,289.43,299.83,0.290461,459674.8819,FALSE
25-05-2026,Tata Consultancy Services,TCS,532540,IT Services,282.33,284.69,275.52,277.84,277.84,4737851,-0.015903,286.53,298.28,0.282729,459674.8819,FALSE
26-05-2026,Tata Consultancy Services,TCS,532540,IT Services,277.84,278.99,277.63,278.6,278.6,5756396,0.002735,283.91,296.8,0.28355,459674.8819,FALSE
27-05-2026,Tata Consultancy Services,TCS,532540,IT Services,278.6,280.06,276.03,276.57,276.57,6272317,-0.007286,282.2,295.36,0.283026,459674.8819,FALSE
28-05-2026,Tata Consultancy Services,TCS,532540,IT Services,276.57,285.36,276.56,284.88,284.88,6392767,0.030047,282.08,294.68,0.273464,459674.8819,FALSE
29-05-2026,Tata Consultancy Services,TCS,532540,IT Services,284.88,290.26,283.61,287.91,287.91,3358554,0.010636,281.63,293.97,0.272262,459674.8819,FALSE
01-06-2026,Tata Consultancy Services,TCS,532540,IT Services,287.91,289.59,279.56,280.5,280.5,7987599,-0.025737,281.23,293.03,0.28063,459674.8819,FALSE
02-06-2026,Tata Consultancy Services,TCS,532540,IT Services,280.5,285.15,280.03,284.41,284.41,1067354,0.013939,281.53,292.42,0.280186,459674.8819,FALSE
03-06-2026,Tata Consultancy Services,TCS,532540,IT Services,284.41,287.05,278.88,280.14,280.14,4447240,-0.015014,281.86,291.64,0.282286,459674.8819,FALSE
04-06-2026,Tata Consultancy Services,TCS,532540,IT Services,280.14,280.46,275.93,277.05,277.05,5261374,-0.01103,281.64,290.86,0.282241,459674.8819,FALSE
05-06-2026,Tata Consultancy Services,TCS,532540,IT Services,277.05,280.5,274.92,278.93,278.93,1429128,0.006786,281.97,290.26,0.282552,459674.8819,FALSE
08-06-2026,Tata Consultancy Services,TCS,532540,IT Services,278.93,280.94,273.85,276.32,276.32,4158128,-0.009357,280.75,289.44,0.279867,459674.8819,FALSE
09-06-2026,Tata Consultancy Services,TCS,532540,IT Services,276.32,281.56,274.52,281.39,281.39,5171005,0.018348,279.82,289.05,0.277074,459674.8819,FALSE
10-06-2026,Tata Consultancy Services,TCS,532540,IT Services,281.39,283.08,276.83,277.18,277.18,5253292,-0.014961,279.35,288.31,0.271256,459674.8819,FALSE
11-06-2026,Tata Consultancy Services,TCS,532540,IT Services,277.18,279.44,273.07,273.88,273.88,1833169,-0.011906,277.84,287.74,0.262402,459674.8819,FALSE
12-06-2026,Tata Consultancy Services,TCS,532540,IT Services,273.88,274.07,267.96,270.43,270.43,2942560,-0.012597,276.45,287.17,0.262336,459674.8819,FALSE
15-06-2026,Tata Consultancy Services,TCS,532540,IT Services,270.43,271.81,267.26,267.5,267.5,2713355,-0.010835,275.09,286.14,0.232992,459674.8819,FALSE
16-06-2026,Tata Consultancy Services,TCS,532540,IT Services,267.5,274.22,266.41,273.52,273.52,5479455,0.022505,274.32,285.07,0.232463,459674.8819,FALSE
17-06-2026,Tata Consultancy Services,TCS,532540,IT Services,273.52,278.93,270.94,277.09,277.09,3301459,0.013052,274.43,284.1,0.236837,459674.8819,FALSE
18-06-2026,Tata Consultancy Services,TCS,532540,IT Services,277.09,287.05,274.46,286.71,286.71,5000165,0.034718,275.19,283.64,0.256514,459674.8819,FALSE
19-06-2026,Tata Consultancy Services,TCS,532540,IT Services,286.71,302.66,285.53,299.85,299.85,6117209,0.04583,278.43,283.72,0.289258,459674.8819,FALSE
22-06-2026,Tata Consultancy Services,TCS,532540,IT Services,299.85,302.54,291.86,293.82,293.82,6580936,-0.02011,281.27,283.57,0.295243,459674.8819,FALSE
23-06-2026,Tata Consultancy Services,TCS,532540,IT Services,293.82,294.93,292.48,294.38,294.38,2286656,0.001906,284.7,283.43,0.295279,459674.8819,FALSE
24-06-2026,Tata Consultancy Services,TCS,532540,IT Services,294.38,295.33,285.44,287.6,287.6,7324715,-0.023031,287.57,283.08,0.302547,459674.8819,FALSE
25-06-2026,Tata Consultancy Services,TCS,532540,IT Services,287.6,289.29,283.19,283.28,283.28,2160270,-0.015021,288.96,282.59,0.305231,459674.8819,FALSE
26-06-2026,Tata Consultancy Services,TCS,532540,IT Services,283.28,285.31,279.44,279.85,279.85,1153143,-0.012108,289.36,282.02,0.306717,459674.8819,FALSE
29-06-2026,Tata Consultancy Services,TCS,532540,IT Services,279.85,281.09,272.39,274.07,274.07,1314749,-0.020654,287.55,281.54,0.301721,459674.8819,FALSE
30-06-2026,Tata Consultancy Services,TCS,532540,IT Services,274.07,274.5,267.82,268.44,268.44,2407278,-0.020542,283.06,280.96,0.305844,459674.8819,FALSE
01-07-2026,Tata Consultancy Services,TCS,532540,IT Services,268.44,268.72,266.02,267.8,267.8,7112679,-0.002384,279.35,280.18,0.299486,459674.8819,FALSE
02-07-2026,Tata Consultancy Services,TCS,532540,IT Services,267.8,270.48,260.5,261.42,261.42,2455179,-0.023824,274.64,279.46,0.297468,459674.8819,FALSE
03-07-2026,Tata Consultancy Services,TCS,532540,IT Services,261.42,267.16,259.1,265.95,265.95,5854537,0.017328,271.54,278.91,0.302946,459674.8819,FALSE
06-07-2026,Tata Consultancy Services,TCS,532540,IT Services,265.95,268.27,259.06,261.2,261.2,3929460,-0.017861,268.39,278.36,0.303789,459674.8819,FALSE
07-07-2026,Tata Consultancy Services,TCS,532540,IT Services,261.2,277.34,259.92,276.01,276.01,1279625,0.0567,267.84,278.27,0.347965,459674.8819,FALSE
08-07-2026,Tata Consultancy Services,TCS,532540,IT Services,276.01,278.56,271.54,273.66,273.66,4108972,-0.008514,267.78,278.17,0.348204,459674.8819,FALSE
09-07-2026,Tata Consultancy Services,TCS,532540,IT Services,273.66,274.43,272.92,274.19,274.19,1198046,0.001937,268.6,277.82,0.33637,459674.8819,FALSE
10-07-2026,Tata Consultancy Services,TCS,532540,IT Services,274.19,274.5,265.9,267.22,267.22,4333219,-0.02542,268.52,277.13,0.341666,459674.8819,FALSE
31-12-2024,Tata Consumer Products,TATACONSUM,500800,FMCG,500,504.98,488.7,492.83,492.83,1497906,,268.44,276.44,0.3358685,1007254.931,FALSE
01-01-2025,Tata Consumer Products,TATACONSUM,500800,FMCG,492.83,496.41,488.82,493.8,493.8,4567672,0.001968,268.36,275.75,0.3327954,1007254.931,FALSE
02-01-2025,Tata Consumer Products,TATACONSUM,500800,FMCG,493.8,495.72,483.62,484.71,484.71,7934185,-0.018408,268.28,275.06,0.3297223,1007254.931,FALSE
03-01-2025,Tata Consumer Products,TATACONSUM,500800,FMCG,484.71,486.62,479.24,479.98,479.98,1667561,-0.009758,268.2,274.37,0.3266492,1007254.931,FALSE
06-01-2025,Tata Consumer Products,TATACONSUM,500800,FMCG,479.98,480.44,465.22,468.46,468.46,6059797,-0.024001,268.12,273.68,0.3235761,1007254.931,FALSE
07-01-2025,Tata Consumer Products,TATACONSUM,500800,FMCG,468.46,471.54,466.26,470.29,470.29,1981792,0.003906,268.04,272.99,0.320503,1007254.931,FALSE
08-01-2025,Tata Consumer Products,TATACONSUM,500800,FMCG,470.29,476.91,467.08,474.53,474.53,3374757,0.009016,480.66,272.3,0.3174299,1007254.931,FALSE
09-01-2025,Tata Consumer Products,TATACONSUM,500800,FMCG,474.53,480.65,470.92,478.59,478.59,2789342,0.008556,478.62,271.61,0.3143568,1007254.931,FALSE
10-01-2025,Tata Consumer Products,TATACONSUM,500800,FMCG,478.59,481.56,477.17,478.95,478.95,5208526,0.000752,476.5,270.92,0.3112837,1007254.931,FALSE
13-01-2025,Tata Consumer Products,TATACONSUM,500800,FMCG,478.95,483.01,463.1,464.42,464.42,6510477,-0.030337,473.6,270.23,0.3082106,1007254.931,FALSE
14-01-2025,Tata Consumer Products,TATACONSUM,500800,FMCG,478.95,483.01,463.1,464.42,464.42,1558366,0,471.38,269.54,0.3051375,1007254.931,TRUE
15-01-2025,Tata Consumer Products,TATACONSUM,500800,FMCG,458.9,459.02,454.14,455.39,455.39,5211570,-0.019444,469.51,268.85,0.3020644,1007254.931,FALSE
16-01-2025,Tata Consumer Products,TATACONSUM,500800,FMCG,455.39,455.56,448.93,451.94,451.94,2551777,-0.007576,466.89,268.16,0.2989913,1007254.931,FALSE
17-01-2025,Tata Consumer Products,TATACONSUM,500800,FMCG,451.94,453.45,448.57,452.85,452.85,1538989,0.002014,463.79,267.47,0.2959182,1007254.931,FALSE
20-01-2025,Tata Consumer Products,TATACONSUM,500800,FMCG,452.85,468.64,450.71,465.98,465.98,3922781,0.028994,461.99,266.78,0.2928451,1007254.931,FALSE
21-01-2025,Tata Consumer Products,TATACONSUM,500800,FMCG,465.98,477.61,462.61,473.79,473.79,5068863,0.01676,461.26,266.09,0.289772,1007254.931,FALSE
22-01-2025,Tata Consumer Products,TATACONSUM,500800,FMCG,473.79,477.99,462.29,464.66,464.66,2412729,-0.01927,461.29,481.634381,0.2866989,1007254.931,FALSE
23-01-2025,Tata Consumer Products,TATACONSUM,500800,FMCG,464.66,474.19,461.35,471.2,471.2,3728629,0.014075,462.26,480.8132381,0.2836258,1007254.931,FALSE
24-01-2025,Tata Consumer Products,TATACONSUM,500800,FMCG,471.2,479.4,470.14,477.47,477.47,7674507,0.013306,465.41,479.9920952,0.2805527,1007254.931,FALSE
27-01-2025,Tata Consumer Products,TATACONSUM,500800,FMCG,477.47,478.21,466.54,470.01,470.01,3427282,-0.015624,467.99,479.1709524,0.207611667,1007254.931,FALSE
28-01-2025,Tata Consumer Products,TATACONSUM,500800,FMCG,470.01,480.15,466.65,478.23,478.23,7969182,0.017489,471.62,478.3498095,0.209759667,1007254.931,FALSE
29-01-2025,Tata Consumer Products,TATACONSUM,500800,FMCG,478.23,479.82,475.66,476.93,476.93,6839551,-0.002718,473.18,477.5286667,0.211907667,1007254.931,FALSE
30-01-2025,Tata Consumer Products,TATACONSUM,500800,FMCG,476.93,481.08,461.14,463.72,463.72,3596551,-0.027698,471.75,476.7075238,0.214055667,1007254.931,FALSE
31-01-2025,Tata Consumer Products,TATACONSUM,500800,FMCG,463.72,470.45,459.76,468.18,468.18,5037655,0.009618,472.25,475.886381,0.216203667,1007254.931,FALSE
03-02-2025,Tata Consumer Products,TATACONSUM,500800,FMCG,468.18,471.51,467.01,470.44,470.44,5964602,0.004827,472.14,475.0652381,0.218351667,1007254.931,FALSE
04-02-2025,Tata Consumer Products,TATACONSUM,500800,FMCG,470.44,471.8,465.09,468.53,468.53,4252499,-0.00406,470.86,474.2440952,0.220499667,1007254.931,FALSE
05-02-2025,Tata Consumer Products,TATACONSUM,500800,FMCG,468.53,469.17,463.95,468.42,468.42,3854395,-0.000235,470.64,473.4229524,0.222647667,1007254.931,FALSE
06-02-2025,Tata Consumer Products,TATACONSUM,500800,FMCG,468.42,472.72,457.91,461.92,461.92,3308155,-0.013876,468.31,472.6018095,0.224795667,1007254.931,FALSE
07-02-2025,Tata Consumer Products,TATACONSUM,500800,FMCG,461.92,468.02,460.06,467.78,467.78,1976564,0.012686,467,471.7806667,0.226943667,1007254.931,FALSE
10-02-2025,Tata Consumer Products,TATACONSUM,500800,FMCG,467.78,467.84,464.77,467.61,467.61,1174506,-0.000363,467.55,470.87,0.229091667,1007254.931,FALSE
11-02-2025,Tata Consumer Products,TATACONSUM,500800,FMCG,467.61,470.26,462.97,469.4,469.4,3358487,0.003828,467.73,470.09,0.231514,1007254.931,FALSE
12-02-2025,Tata Consumer Products,TATACONSUM,500800,FMCG,469.4,476.82,466.73,472.99,472.99,6570173,0.007648,468.09,469.39,0.232839,1007254.931,FALSE
13-02-2025,Tata Consumer Products,TATACONSUM,500800,FMCG,472.99,475.46,461.77,462.3,462.3,2633601,-0.022601,467.2,468.65,0.23581,1007254.931,FALSE
14-02-2025,Tata Consumer Products,TATACONSUM,500800,FMCG,462.3,465.2,454.06,454.27,454.27,2258236,-0.01737,465.18,467.79,0.239143,1007254.931,FALSE
17-02-2025,Tata Consumer Products,TATACONSUM,500800,FMCG,454.27,455.89,430.98,434.41,434.41,3296547,-0.043718,461.25,466.65,0.260939,1007254.931,FALSE
18-02-2025,Tata Consumer Products,TATACONSUM,500800,FMCG,434.41,439.84,432.57,439.54,439.54,5192268,0.011809,457.22,465.63,0.263585,1007254.931,FALSE
19-02-2025,Tata Consumer Products,TATACONSUM,500800,FMCG,439.54,443.3,428.04,429.1,429.1,2505151,-0.023752,451.72,464.11,0.268619,1007254.931,FALSE
20-02-2025,Tata Consumer Products,TATACONSUM,500800,FMCG,429.1,431.28,427.61,430.45,430.45,2542763,0.003146,446.15,462.51,0.267013,1007254.931,FALSE
21-02-2025,Tata Consumer Products,TATACONSUM,500800,FMCG,430.45,434.01,427.19,433.86,433.86,1786415,0.007922,440.56,461.01,0.268782,1007254.931,FALSE
24-02-2025,Tata Consumer Products,TATACONSUM,500800,FMCG,433.86,441.82,431.84,439.31,439.31,3325467,0.012562,437.28,460.17,0.25968,1007254.931,FALSE
25-02-2025,Tata Consumer Products,TATACONSUM,500800,FMCG,439.31,439.67,425.22,428.95,428.95,2521999,-0.023582,433.66,458.99,0.267208,1007254.931,FALSE
26-02-2025,Tata Consumer Products,TATACONSUM,500800,FMCG,428.95,429.36,425.45,428.6,428.6,6818441,-0.000816,432.83,458.09,0.262357,1007254.931,FALSE
27-02-2025,Tata Consumer Products,TATACONSUM,500800,FMCG,428.6,446.68,424.43,443.14,443.14,7340299,0.033924,433.34,457.8,0.281415,1007254.931,FALSE
28-02-2025,Tata Consumer Products,TATACONSUM,500800,FMCG,443.14,460.8,439.2,458.55,458.55,3593545,0.034775,437.55,457.99,0.299404,1007254.931,FALSE
03-03-2025,Tata Consumer Products,TATACONSUM,500800,FMCG,458.55,468.96,457.38,467.83,467.83,1596551,0.020238,442.89,458.05,0.293197,1007254.931,FALSE
04-03-2025,Tata Consumer Products,TATACONSUM,500800,FMCG,467.83,472.87,464.75,471.23,471.23,1612183,0.007268,448.23,457.97,0.289837,1007254.931,FALSE
05-03-2025,Tata Consumer Products,TATACONSUM,500800,FMCG,471.23,474.66,461.89,461.99,461.99,3273296,-0.019608,451.47,457.88,0.290034,1007254.931,FALSE
06-03-2025,Tata Consumer Products,TATACONSUM,500800,FMCG,461.99,469.17,457.41,468.86,468.86,4244286,0.01487,457.17,457.8,0.290378,1007254.931,FALSE
07-03-2025,Tata Consumer Products,TATACONSUM,500800,FMCG,468.86,469.41,466.39,467.61,467.61,4699149,-0.002666,462.74,457.47,0.287694,1007254.931,FALSE
10-03-2025,Tata Consumer Products,TATACONSUM,500800,FMCG,467.61,476,464.5,473.09,473.09,3128944,0.011719,467.02,457.57,0.286144,1007254.931,FALSE
11-03-2025,Tata Consumer Products,TATACONSUM,500800,FMCG,473.09,475.96,463.37,467.34,467.34,3481588,-0.012154,468.28,457.21,0.283625,1007254.931,FALSE
12-03-2025,Tata Consumer Products,TATACONSUM,500800,FMCG,467.34,471.88,465.21,465.95,465.95,2985798,-0.002974,468.01,456.85,0.283642,1007254.931,FALSE
13-03-2025,Tata Consumer Products,TATACONSUM,500800,FMCG,465.95,469.47,462,467.72,467.72,4623249,0.003799,467.51,456.98,0.271964,1007254.931,FALSE
14-03-2025,Tata Consumer Products,TATACONSUM,500800,FMCG,467.72,470.56,467.66,470.25,470.25,5878303,0.005409,468.69,457.05,0.271,1007254.931,FALSE
17-03-2025,Tata Consumer Products,TATACONSUM,500800,FMCG,470.25,477.69,468.18,475.13,475.13,1303940,0.010377,469.58,457.2,0.272282,1007254.931,FALSE
18-03-2025,Tata Consumer Products,TATACONSUM,500800,FMCG,475.13,478.17,467.65,469.87,469.87,4350991,-0.011071,469.91,457.25,0.274049,1007254.931,FALSE
19-03-2025,Tata Consumer Products,TATACONSUM,500800,FMCG,469.87,470.52,455.77,457.48,457.48,5539987,-0.026369,467.68,456.88,0.284703,1007254.931,FALSE
20-03-2025,Tata Consumer Products,TATACONSUM,500800,FMCG,457.48,475.19,454.8,472.57,472.57,5707868,0.032985,468.42,457.24,0.297851,1007254.931,FALSE
21-03-2025,Tata Consumer Products,TATACONSUM,500800,FMCG,472.57,497.32,468.25,496.34,496.34,4944351,0.050299,472.77,458.19,0.329064,1007254.931,FALSE
24-03-2025,Tata Consumer Products,TATACONSUM,500800,FMCG,496.34,505.26,494.71,501.03,501.03,4675992,0.009449,477.52,459.31,0.329632,1007254.931,FALSE
25-03-2025,Tata Consumer Products,TATACONSUM,500800,FMCG,501.03,505.21,485.18,488.01,488.01,5766763,-0.025986,480.06,459.93,0.339767,1007254.931,FALSE
26-03-2025,Tata Consumer Products,TATACONSUM,500800,FMCG,488.01,490.11,476.49,480.71,480.71,3648621,-0.014959,480.86,460.18,0.342529,1007254.931,FALSE
27-03-2025,Tata Consumer Products,TATACONSUM,500800,FMCG,480.71,490.54,476.99,485.84,485.84,4970804,0.010672,483.14,460.97,0.336325,1007254.931,FALSE
28-03-2025,Tata Consumer Products,TATACONSUM,500800,FMCG,485.84,504.01,485.64,499.12,499.12,3236246,0.027334,489.09,462.46,0.339044,1007254.931,FALSE
31-03-2025,Tata Consumer Products,TATACONSUM,500800,FMCG,499.12,499.76,482.67,487.26,487.26,4065325,-0.023762,491.19,464.22,0.319324,1007254.931,FALSE
01-04-2025,Tata Consumer Products,TATACONSUM,500800,FMCG,487.26,489.05,486.06,486.29,486.29,1868597,-0.001991,489.75,465.78,0.318906,1007254.931,FALSE
02-04-2025,Tata Consumer Products,TATACONSUM,500800,FMCG,486.29,491.37,483.43,488.44,488.44,3450990,0.004421,487.95,467.76,0.308207,1007254.931,FALSE
03-04-2025,Tata Consumer Products,TATACONSUM,500800,FMCG,488.44,497.55,485.63,497.13,497.13,1994573,0.017791,489.26,469.98,0.310558,1007254.931,FALSE
04-04-2025,Tata Consumer Products,TATACONSUM,500800,FMCG,497.13,499.03,490.08,493.96,493.96,2585046,-0.006377,491.15,471.99,0.312149,1007254.931,FALSE
07-04-2025,Tata Consumer Products,TATACONSUM,500800,FMCG,493.96,495.25,478.05,478.76,478.76,3936247,-0.030772,490.14,473.3,0.327343,1007254.931,FALSE
08-04-2025,Tata Consumer Products,TATACONSUM,500800,FMCG,478.76,489.56,477.9,484.95,484.95,4500474,0.012929,488.11,475.17,0.318491,1007254.931,FALSE
09-04-2025,Tata Consumer Products,TATACONSUM,500800,FMCG,484.95,498.14,481.3,496.1,496.1,7593932,0.022992,489.38,477.42,0.322621,1007254.931,FALSE
10-04-2025,Tata Consumer Products,TATACONSUM,500800,FMCG,496.1,499.88,494.79,495.53,495.53,1182367,-0.001149,490.7,479.16,0.31119,1007254.931,FALSE
11-04-2025,Tata Consumer Products,TATACONSUM,500800,FMCG,495.53,501.72,493.2,499.79,499.79,7289936,0.008597,492.32,480.54,0.297584,1007254.931,FALSE
14-04-2025,Tata Consumer Products,TATACONSUM,500800,FMCG,499.79,500.45,491.67,495.3,495.3,3297685,-0.008984,492.06,481.46,0.294952,1007254.931,FALSE
15-04-2025,Tata Consumer Products,TATACONSUM,500800,FMCG,495.3,499.57,484,487.17,487.17,6069156,-0.016414,491.09,481.99,0.299279,1007254.931,FALSE
16-04-2025,Tata Consumer Products,TATACONSUM,500800,FMCG,487.17,497.41,486.14,497.41,497.41,5745106,0.021019,493.75,483.17,0.297799,1007254.931,FALSE
17-04-2025,Tata Consumer Products,TATACONSUM,500800,FMCG,497.41,501.8,495.9,501.52,501.52,7795930,0.008263,496.12,484.26,0.296051,1007254.931,FALSE
18-04-2025,Tata Consumer Products,TATACONSUM,500800,FMCG,501.52,508.53,496.66,506.69,506.69,1761019,0.010309,497.63,485.56,0.296504,1007254.931,FALSE
21-04-2025,Tata Consumer Products,TATACONSUM,500800,FMCG,506.69,525.75,504.41,522.16,522.16,7770305,0.030531,501.43,487.19,0.306248,1007254.931,FALSE
22-04-2025,Tata Consumer Products,TATACONSUM,500800,FMCG,522.16,523.94,511.18,511.41,511.41,1440238,-0.020588,503.09,488.66,0.310928,1007254.931,FALSE
23-04-2025,Tata Consumer Products,TATACONSUM,500800,FMCG,511.41,511.74,504.9,506.02,506.02,7141146,-0.010539,504.63,490,0.312998,1007254.931,FALSE
24-04-2025,Tata Consumer Products,TATACONSUM,500800,FMCG,506.02,509.48,504.28,507.87,507.87,5565250,0.003656,507.58,491.34,0.312995,1007254.931,FALSE
25-04-2025,Tata Consumer Products,TATACONSUM,500800,FMCG,507.87,509.11,497.37,502.39,502.39,4373399,-0.01079,508.29,492.41,0.315394,1007254.931,FALSE
28-04-2025,Tata Consumer Products,TATACONSUM,500800,FMCG,502.39,510.54,500.87,510.51,510.51,3784423,0.016163,509.58,493.59,0.317108,1007254.931,FALSE
29-04-2025,Tata Consumer Products,TATACONSUM,500800,FMCG,510.51,513.24,508.72,508.85,508.85,1655177,-0.003252,509.89,494.89,0.314984,1007254.931,FALSE
30-04-2025,Tata Consumer Products,TATACONSUM,500800,FMCG,508.85,509.44,496.44,499,499,6612775,-0.019357,506.58,496.27,0.309947,1007254.931,FALSE
01-05-2025,Tata Consumer Products,TATACONSUM,500800,FMCG,499,501.35,498.59,499.91,499.91,6095660,0.001824,504.94,497.18,0.296698,1007254.931,FALSE
02-05-2025,Tata Consumer Products,TATACONSUM,500800,FMCG,499.91,505.08,498.54,501.86,501.86,7561179,0.003901,504.34,497.37,0.259234,1007254.931,FALSE
05-05-2025,Tata Consumer Products,TATACONSUM,500800,FMCG,501.86,515.2,496.88,511.5,511.5,6112934,0.019209,504.86,497.72,0.263668,1007254.931,FALSE
06-05-2025,Tata Consumer Products,TATACONSUM,500800,FMCG,511.5,517.13,507.89,515.77,515.77,7699283,0.008348,506.77,498.64,0.251845,1007254.931,FALSE
07-05-2025,Tata Consumer Products,TATACONSUM,500800,FMCG,515.77,522.5,515.51,520.79,520.79,7207644,0.009733,508.24,499.98,0.247556,1007254.931,FALSE
08-05-2025,Tata Consumer Products,TATACONSUM,500800,FMCG,520.79,525.68,518.45,524.38,524.38,3979149,0.006893,510.46,501.26,0.246751,1007254.931,FALSE
09-05-2025,Tata Consumer Products,TATACONSUM,500800,FMCG,524.38,529.4,521.78,522.67,522.67,5926048,-0.003261,513.84,502.05,0.235864,1007254.931,FALSE
12-05-2025,Tata Consumer Products,TATACONSUM,500800,FMCG,522.67,523.67,514.81,515.45,515.45,2850290,-0.013814,516.06,502.99,0.22819,1007254.931,FALSE
13-05-2025,Tata Consumer Products,TATACONSUM,500800,FMCG,515.45,519.63,512.42,518.68,518.68,6566622,0.006266,518.46,504.07,0.228197,1007254.931,FALSE
14-05-2025,Tata Consumer Products,TATACONSUM,500800,FMCG,518.68,520.99,512.88,515.49,515.49,5260296,-0.00615,519.03,504.97,0.229377,1007254.931,FALSE
15-05-2025,Tata Consumer Products,TATACONSUM,500800,FMCG,515.49,534.17,511.66,533.17,533.17,4082281,0.034297,521.52,506.17,0.243847,1007254.931,FALSE
16-05-2025,Tata Consumer Products,TATACONSUM,500800,FMCG,533.17,548.6,528.41,547.74,547.74,5397350,0.027327,525.37,507.96,0.252652,1007254.931,FALSE
19-05-2025,Tata Consumer Products,TATACONSUM,500800,FMCG,547.74,555.48,546.39,554.95,554.95,2940309,0.013163,529.74,510.5,0.231998,1007254.931,FALSE
20-05-2025,Tata Consumer Products,TATACONSUM,500800,FMCG,554.95,563.01,549.83,559.43,559.43,5356414,0.008073,534.99,512.98,0.230988,1007254.931,FALSE
21-05-2025,Tata Consumer Products,TATACONSUM,500800,FMCG,559.43,562.85,555.83,558.72,558.72,4323682,-0.001269,541.17,515.07,0.22508,1007254.931,FALSE
22-05-2025,Tata Consumer Products,TATACONSUM,500800,FMCG,558.72,562.36,543.5,544.91,544.91,3252450,-0.024717,544.92,516.72,0.239715,1007254.931,FALSE
23-05-2025,Tata Consumer Products,TATACONSUM,500800,FMCG,544.91,549.12,538.24,542.83,542.83,7828702,-0.003817,548.82,518.15,0.240022,1007254.931,FALSE
26-05-2025,Tata Consumer Products,TATACONSUM,500800,FMCG,542.83,545.98,542.63,544.2,544.2,1446262,0.002524,550.4,519.78,0.237388,1007254.931,FALSE
27-05-2025,Tata Consumer Products,TATACONSUM,500800,FMCG,544.2,551.99,541.15,546.97,546.97,6303892,0.00509,550.29,521.78,0.229974,1007254.931,FALSE
28-05-2025,Tata Consumer Products,TATACONSUM,500800,FMCG,546.97,556.43,543.02,552.38,552.38,2470033,0.009891,549.92,523.61,0.225012,1007254.931,FALSE
29-05-2025,Tata Consumer Products,TATACONSUM,500800,FMCG,552.38,567.36,550.83,562.83,562.83,2557640,0.018918,550.41,525.65,0.229016,1007254.931,FALSE
30-05-2025,Tata Consumer Products,TATACONSUM,500800,FMCG,562.83,566.89,550.53,555.32,555.32,2080935,-0.013343,549.92,527.27,0.233526,1007254.931,FALSE
02-06-2025,Tata Consumer Products,TATACONSUM,500800,FMCG,555.32,557.31,546.7,548.01,548.01,1716863,-0.013164,550.36,528.13,0.223136,1007254.931,FALSE
03-06-2025,Tata Consumer Products,TATACONSUM,500800,FMCG,548.01,565.79,543.41,564.19,564.19,1867302,0.029525,553.41,529.89,0.226863,1007254.931,FALSE
04-06-2025,Tata Consumer Products,TATACONSUM,500800,FMCG,564.19,575.59,563.75,573.17,573.17,6828719,0.015917,557.55,532.13,0.225716,1007254.931,FALSE
05-06-2025,Tata Consumer Products,TATACONSUM,500800,FMCG,573.17,573.73,568.07,568.98,568.98,7483983,-0.00731,560.7,534.17,0.228195,1007254.931,FALSE
06-06-2025,Tata Consumer Products,TATACONSUM,500800,FMCG,568.98,571.55,565.88,568.04,568.04,5093451,-0.001652,562.93,536.36,0.224593,1007254.931,FALSE
09-06-2025,Tata Consumer Products,TATACONSUM,500800,FMCG,568.04,568.29,562.32,567.16,567.16,1096933,-0.001549,563.55,538.24,0.222249,1007254.931,FALSE
10-06-2025,Tata Consumer Products,TATACONSUM,500800,FMCG,567.16,567.83,566.34,567.8,567.8,7051484,0.001128,565.34,540.21,0.221435,1007254.931,FALSE
11-06-2025,Tata Consumer Products,TATACONSUM,500800,FMCG,567.8,578.8,562.83,573.45,573.45,5213004,0.009951,568.97,542.69,0.210896,1007254.931,FALSE
12-06-2025,Tata Consumer Products,TATACONSUM,500800,FMCG,573.45,606.97,572.14,602.82,602.82,4646102,0.051216,574.49,546.12,0.249948,1007254.931,FALSE
13-06-2025,Tata Consumer Products,TATACONSUM,500800,FMCG,602.82,608.81,600.09,605.4,605.4,7632316,0.00428,579.09,549.57,0.249918,1007254.931,FALSE
16-06-2025,Tata Consumer Products,TATACONSUM,500800,FMCG,605.4,615.82,603.27,613.73,613.73,3868583,0.013759,585.49,552.98,0.24798,1007254.931,FALSE
17-06-2025,Tata Consumer Products,TATACONSUM,500800,FMCG,613.73,617.23,592.64,593.34,593.34,3520371,-0.033223,589.1,555.57,0.272882,1007254.931,FALSE
18-06-2025,Tata Consumer Products,TATACONSUM,500800,FMCG,593.34,598.63,582.33,587.88,587.88,6458726,-0.009202,592.06,557.8,0.275428,1007254.931,FALSE
19-06-2025,Tata Consumer Products,TATACONSUM,500800,FMCG,587.88,606.55,585.3,602.62,602.62,4689686,0.025073,597.03,560.41,0.281941,1007254.931,FALSE
20-06-2025,Tata Consumer Products,TATACONSUM,500800,FMCG,602.62,611.43,598.46,607.77,607.77,6018164,0.008546,601.94,563.25,0.281083,1007254.931,FALSE
23-06-2025,Tata Consumer Products,TATACONSUM,500800,FMCG,607.77,610.57,551.53,554.72,554.72,5870485,-0.087286,595.07,564.56,0.385512,1007254.931,FALSE
24-06-2025,Tata Consumer Products,TATACONSUM,500800,FMCG,554.72,564.42,551.94,562.48,562.48,6876094,0.013989,588.93,566.02,0.386773,1007254.931,FALSE
25-06-2025,Tata Consumer Products,TATACONSUM,500800,FMCG,562.48,588.42,559.01,584.34,584.34,3220187,0.038864,584.74,568.31,0.39932,1007254.931,FALSE
26-06-2025,Tata Consumer Products,TATACONSUM,500800,FMCG,584.34,590.07,556.26,561.3,561.3,1504204,-0.039429,580.16,569.25,0.408578,1007254.931,FALSE
27-06-2025,Tata Consumer Products,TATACONSUM,500800,FMCG,561.3,581.1,557.38,578.64,578.64,4343563,0.030893,578.84,570.28,0.410621,1007254.931,FALSE
30-06-2025,Tata Consumer Products,TATACONSUM,500800,FMCG,578.64,580.91,543.94,546.85,546.85,5532867,-0.054939,570.87,570.01,0.441074,1007254.931,FALSE
01-07-2025,Tata Consumer Products,TATACONSUM,500800,FMCG,546.85,559.77,543.32,557.38,557.38,6719719,0.019256,563.67,569.94,0.444058,1007254.931,FALSE
02-07-2025,Tata Consumer Products,TATACONSUM,500800,FMCG,557.38,559.94,554,557.57,557.57,2869383,0.000341,564.08,569.9,0.444034,1007254.931,FALSE
03-07-2025,Tata Consumer Products,TATACONSUM,500800,FMCG,557.57,563.09,529.34,531.64,531.64,6217489,-0.046505,559.67,569.46,0.458948,1007254.931,FALSE
04-07-2025,Tata Consumer Products,TATACONSUM,500800,FMCG,531.64,540.44,528.32,536.65,536.65,6825380,0.009424,552.86,569.25,0.459697,1007254.931,FALSE
07-07-2025,Tata Consumer Products,TATACONSUM,500800,FMCG,536.65,551.24,534.27,549.27,549.27,6659145,0.023516,551.14,569.42,0.464685,1007254.931,FALSE
08-07-2025,Tata Consumer Products,TATACONSUM,500800,FMCG,549.27,555.6,545.11,553.54,553.54,6656498,0.007774,547.56,569.64,0.464969,1007254.931,FALSE
09-07-2025,Tata Consumer Products,TATACONSUM,500800,FMCG,553.54,562.71,548.18,560.29,560.29,7911381,0.012194,549.48,569.91,0.465407,1007254.931,FALSE
10-07-2025,Tata Consumer Products,TATACONSUM,500800,FMCG,560.29,560.5,550.62,555.96,555.96,5628041,-0.007728,549.27,569.68,0.462842,1007254.931,FALSE
11-07-2025,Tata Consumer Products,TATACONSUM,500800,FMCG,555.96,558.89,531.15,535.54,535.54,3592292,-0.036729,546.13,569.02,0.473544,1007254.931,FALSE
14-07-2025,Tata Consumer Products,TATACONSUM,500800,FMCG,535.54,547.63,532.32,543.22,543.22,4055378,0.014341,547.78,568.86,0.473998,1007254.931,FALSE
15-07-2025,Tata Consumer Products,TATACONSUM,500800,FMCG,543.22,566.22,539.15,562.5,562.5,6229638,0.035492,551.47,568.8,0.477514,1007254.931,FALSE
16-07-2025,Tata Consumer Products,TATACONSUM,500800,FMCG,562.5,576.63,561.5,575.49,575.49,2655741,0.023093,555.22,568.88,0.479994,1007254.931,FALSE
17-07-2025,Tata Consumer Products,TATACONSUM,500800,FMCG,575.49,579.68,550.25,552.9,552.9,5219491,-0.039254,555.13,568.34,0.493304,1007254.931,FALSE
18-07-2025,Tata Consumer Products,TATACONSUM,500800,FMCG,552.9,556.88,535.04,536.42,536.42,5009120,-0.029806,551.72,567.29,0.500581,1007254.931,FALSE
21-07-2025,Tata Consumer Products,TATACONSUM,500800,FMCG,536.42,537.83,527.6,527.61,527.61,5666233,-0.016424,547.67,565.97,0.502468,1007254.931,FALSE
22-07-2025,Tata Consumer Products,TATACONSUM,500800,FMCG,527.61,530.9,506.13,511.07,511.07,3948891,-0.031349,544.17,564.08,0.509527,1007254.931,FALSE
23-07-2025,Tata Consumer Products,TATACONSUM,500800,FMCG,511.07,514.9,506.65,511.78,511.78,6179117,0.001389,539.68,562.02,0.508239,1007254.931,FALSE
24-07-2025,Tata Consumer Products,TATACONSUM,500800,FMCG,511.78,520.39,509.15,516.06,516.06,1500029,0.008363,533.05,559.13,0.482851,1007254.931,FALSE
25-07-2025,Tata Consumer Products,TATACONSUM,500800,FMCG,516.06,516.76,500.28,501.55,501.55,6248119,-0.028117,522.48,555.67,0.486724,1007254.931,FALSE
28-07-2025,Tata Consumer Products,TATACONSUM,500800,FMCG,501.55,510.59,498.08,509.6,509.6,6683217,0.01605,516.3,552.2,0.487568,1007254.931,FALSE
29-07-2025,Tata Consumer Products,TATACONSUM,500800,FMCG,509.6,518.49,507.39,515.98,515.98,7200216,0.01252,513.38,549.62,0.483145,1007254.931,FALSE
30-07-2025,Tata Consumer Products,TATACONSUM,500800,FMCG,515.98,516.21,506.48,510.58,510.58,7459537,-0.010466,510.95,547.04,0.483273,1007254.931,FALSE
31-07-2025,Tata Consumer Products,TATACONSUM,500800,FMCG,510.58,512.71,503.99,509.08,509.08,3445251,-0.002938,510.66,543.93,0.475266,1007254.931,FALSE
01-08-2025,Tata Consumer Products,TATACONSUM,500800,FMCG,509.08,513.09,487.77,489.48,489.48,1324701,-0.038501,507.48,539.98,0.482971,1007254.931,FALSE
04-08-2025,Tata Consumer Products,TATACONSUM,500800,FMCG,489.48,490.21,485.28,486.47,486.47,5574369,-0.006149,503.25,537.71,0.418295,1007254.931,FALSE
05-08-2025,Tata Consumer Products,TATACONSUM,500800,FMCG,486.47,489.03,485.17,486.79,486.79,1631548,0.000658,501.14,535.19,0.415078,1007254.931,FALSE
06-08-2025,Tata Consumer Products,TATACONSUM,500800,FMCG,486.79,493.51,486.33,488.67,488.67,2962033,0.003862,498.15,532,0.395245,1007254.931,FALSE
07-08-2025,Tata Consumer Products,TATACONSUM,500800,FMCG,488.67,495.11,486.75,492.62,492.62,5917333,0.008083,494.81,529.71,0.38377,1007254.931,FALSE
08-08-2025,Tata Consumer Products,TATACONSUM,500800,FMCG,492.62,497.74,492.53,495.27,495.27,5161980,0.005379,492.63,526.93,0.370474,1007254.931,FALSE
11-08-2025,Tata Consumer Products,TATACONSUM,500800,FMCG,495.27,498.04,492.34,492.9,492.9,5246523,-0.004785,490.31,525.13,0.338776,1007254.931,FALSE
12-08-2025,Tata Consumer Products,TATACONSUM,500800,FMCG,492.9,496.89,491.56,495.97,495.97,6258225,0.006228,491.24,523.08,0.333321,1007254.931,FALSE
13-08-2025,Tata Consumer Products,TATACONSUM,500800,FMCG,495.97,506.9,495.18,506.16,506.16,2153066,0.020546,494.05,521.37,0.3405,1007254.931,FALSE
14-08-2025,Tata Consumer Products,TATACONSUM,500800,FMCG,506.16,509.59,501.74,505.44,505.44,6537007,-0.001422,496.72,520.5,0.314519,1007254.931,FALSE
15-08-2025,Tata Consumer Products,TATACONSUM,500800,FMCG,505.44,510.92,504.91,508.91,508.91,5105755,0.006865,499.61,519.57,0.313834,1007254.931,FALSE
18-08-2025,Tata Consumer Products,TATACONSUM,500800,FMCG,508.91,510.38,502.87,507.27,507.27,3940871,-0.003223,501.7,518.17,0.304691,1007254.931,FALSE
19-08-2025,Tata Consumer Products,TATACONSUM,500800,FMCG,507.27,507.43,499.85,500.96,500.96,4245626,-0.012439,502.52,516.42,0.304418,1007254.931,FALSE
20-08-2025,Tata Consumer Products,TATACONSUM,500800,FMCG,500.96,510.73,500.41,506.45,506.45,4561041,0.010959,504.45,514.62,0.303898,1007254.931,FALSE
21-08-2025,Tata Consumer Products,TATACONSUM,500800,FMCG,506.45,506.61,501.03,501.08,501.08,4852519,-0.010603,505.18,512.79,0.304385,1007254.931,FALSE
22-08-2025,Tata Consumer Products,TATACONSUM,500800,FMCG,501.08,508.99,497.49,505.2,505.2,3336948,0.008222,505.04,511.78,0.28895,1007254.931,FALSE
25-08-2025,Tata Consumer Products,TATACONSUM,500800,FMCG,505.2,507.67,503.9,505.74,505.74,2561251,0.001069,505.09,510.53,0.285049,1007254.931,FALSE
26-08-2025,Tata Consumer Products,TATACONSUM,500800,FMCG,505.74,508.76,500.35,502.91,502.91,2183254,-0.005596,504.23,508.55,0.261729,1007254.931,FALSE
27-08-2025,Tata Consumer Products,TATACONSUM,500800,FMCG,502.91,504.16,499.31,499.87,499.87,3384944,-0.006045,503.17,506.03,0.249239,1007254.931,FALSE
28-08-2025,Tata Consumer Products,TATACONSUM,500800,FMCG,499.87,500.64,490.16,495.04,495.04,2823621,-0.009663,502.33,504.1,0.227235,1007254.931,FALSE
29-08-2025,Tata Consumer Products,TATACONSUM,500800,FMCG,495.04,497.68,478.39,478.99,478.99,4612963,-0.032422,498.4,502.18,0.229969,1007254.931,FALSE
01-09-2025,Tata Consumer Products,TATACONSUM,500800,FMCG,478.99,486.25,477.02,482.9,482.9,7384959,0.008163,495.81,500.69,0.229154,1007254.931,FALSE
02-09-2025,Tata Consumer Products,TATACONSUM,500800,FMCG,482.9,486.32,478.78,485.37,485.37,1756680,0.005115,492.97,499.84,0.213581,1007254.931,FALSE
03-09-2025,Tata Consumer Products,TATACONSUM,500800,FMCG,485.37,496.02,484.18,493.86,493.86,3162786,0.017492,491.28,499.24,0.220545,1007254.931,FALSE
04-09-2025,Tata Consumer Products,TATACONSUM,500800,FMCG,493.86,496.06,487.56,488.86,488.86,1344062,-0.010124,489.27,498.33,0.220165,1007254.931,FALSE
05-09-2025,Tata Consumer Products,TATACONSUM,500800,FMCG,488.86,508.73,484.91,507.64,507.64,7823315,0.038416,490.38,498.54,0.23478,1007254.931,FALSE
08-09-2025,Tata Consumer Products,TATACONSUM,500800,FMCG,507.64,510.51,502.66,504.04,504.04,5905361,-0.007092,491.67,498.35,0.231018,1007254.931,FALSE
09-09-2025,Tata Consumer Products,TATACONSUM,500800,FMCG,504.04,504.77,495.45,495.47,495.47,2690346,-0.017003,494.02,497.67,0.232663,1007254.931,FALSE
10-09-2025,Tata Consumer Products,TATACONSUM,500800,FMCG,495.47,497.99,483.79,485.87,485.87,3899697,-0.019376,494.44,496.84,0.237121,1007254.931,FALSE
11-09-2025,Tata Consumer Products,TATACONSUM,500800,FMCG,485.87,486.42,469.2,469.26,469.26,6061497,-0.034186,492.14,495.52,0.255315,1007254.931,FALSE
12-09-2025,Tata Consumer Products,TATACONSUM,500800,FMCG,469.26,486.23,464.99,483.88,483.88,7704050,0.031155,490.72,495.33,0.249928,1007254.931,FALSE
15-09-2025,Tata Consumer Products,TATACONSUM,500800,FMCG,483.88,498.94,480.77,497.39,497.39,5017323,0.02792,491.94,495.69,0.262163,1007254.931,FALSE
16-09-2025,Tata Consumer Products,TATACONSUM,500800,FMCG,497.39,505.89,494.49,503.62,503.62,2896373,0.012525,491.36,496.25,0.264326,1007254.931,FALSE
17-09-2025,Tata Consumer Products,TATACONSUM,500800,FMCG,503.62,505.8,493.84,494.84,494.84,5878090,-0.017434,490.05,496.46,0.269661,1007254.931,FALSE
18-09-2025,Tata Consumer Products,TATACONSUM,500800,FMCG,494.84,517.67,491.38,513.01,513.01,5800227,0.036719,492.55,497.14,0.288705,1007254.931,FALSE
19-09-2025,Tata Consumer Products,TATACONSUM,500800,FMCG,513.01,515.53,506.21,509.66,509.66,5507705,-0.00653,495.95,497.62,0.289382,1007254.931,FALSE
22-09-2025,Tata Consumer Products,TATACONSUM,500800,FMCG,509.66,513.83,506.87,507.18,507.18,1321775,-0.004866,501.37,498.09,0.289396,1007254.931,FALSE
23-09-2025,Tata Consumer Products,TATACONSUM,500800,FMCG,507.18,523.19,502.71,522.01,522.01,5947240,0.02924,506.82,498.96,0.300407,1007254.931,FALSE
24-09-2025,Tata Consumer Products,TATACONSUM,500800,FMCG,522.01,531.01,518.98,529.15,529.15,1137371,0.013678,511.35,499.73,0.297342,1007254.931,FALSE
25-09-2025,Tata Consumer Products,TATACONSUM,500800,FMCG,529.15,553.12,524.95,552.71,552.71,7338829,0.044524,518.37,501.3,0.322012,1007254.931,FALSE
26-09-2025,Tata Consumer Products,TATACONSUM,500800,FMCG,552.71,558.07,551.25,555.73,555.73,7173710,0.005464,527.06,502.87,0.321898,1007254.931,FALSE
29-09-2025,Tata Consumer Products,TATACONSUM,500800,FMCG,555.73,559.45,550.92,551.6,551.6,4944286,-0.007432,532.58,504.34,0.32285,1007254.931,FALSE
30-09-2025,Tata Consumer Products,TATACONSUM,500800,FMCG,551.6,556.22,541.29,545.12,545.12,5522444,-0.011748,537.64,505.82,0.32257,1007254.931,FALSE
01-10-2025,Tata Consumer Products,TATACONSUM,500800,FMCG,545.12,548.21,521.09,525.26,525.26,1474941,-0.036432,540.23,506.44,0.34114,1007254.931,FALSE
02-10-2025,Tata Consumer Products,TATACONSUM,500800,FMCG,525.26,528.62,520.58,522.6,522.6,7120979,-0.005064,540.31,507.16,0.339816,1007254.931,FALSE
03-10-2025,Tata Consumer Products,TATACONSUM,500800,FMCG,522.6,535.77,522.47,534.82,534.82,2895778,0.023383,541.12,508.15,0.345173,1007254.931,FALSE
06-10-2025,Tata Consumer Products,TATACONSUM,500800,FMCG,534.82,541.69,530.44,541.49,541.49,2834738,0.012471,539.52,509.34,0.346449,1007254.931,FALSE
07-10-2025,Tata Consumer Products,TATACONSUM,500800,FMCG,541.49,546.27,540.38,541.98,541.98,5957532,0.000905,537.55,510.64,0.345638,1007254.931,FALSE
08-10-2025,Tata Consumer Products,TATACONSUM,500800,FMCG,541.98,542.89,529.67,531.47,531.47,7572187,-0.019392,534.68,511.69,0.350709,1007254.931,FALSE
09-10-2025,Tata Consumer Products,TATACONSUM,500800,FMCG,531.47,534.63,528.13,534.15,534.15,4458522,0.005043,533.11,513,0.348942,1007254.931,FALSE
10-10-2025,Tata Consumer Products,TATACONSUM,500800,FMCG,534.15,550.35,533.61,545.23,545.23,4552609,0.020743,535.96,515.21,0.336135,1007254.931,FALSE
13-10-2025,Tata Consumer Products,TATACONSUM,500800,FMCG,545.23,555.5,544.84,550.2,550.2,4839863,0.009115,539.91,517.45,0.336236,1007254.931,FALSE
14-10-2025,Tata Consumer Products,TATACONSUM,500800,FMCG,550.2,555.72,550.06,552.31,552.31,3037975,0.003835,542.4,519.68,0.336238,1007254.931,FALSE
15-10-2025,Tata Consumer Products,TATACONSUM,500800,FMCG,552.31,554.4,538.8,543.79,543.79,5176063,-0.015426,542.73,521.34,0.338738,1007254.931,FALSE
16-10-2025,Tata Consumer Products,TATACONSUM,500800,FMCG,543.79,558.1,542.09,553.49,553.49,7726892,0.017838,544.38,523.5,0.338707,1007254.931,FALSE
17-10-2025,Tata Consumer Products,TATACONSUM,500800,FMCG,553.49,554.62,515.67,519.1,519.1,3678404,-0.062133,542.61,523.88,0.374362,1007254.931,FALSE
20-10-2025,Tata Consumer Products,TATACONSUM,500800,FMCG,519.1,525.58,513.96,523.33,523.33,6411600,0.008149,541.06,524.52,0.3741,1007254.931,FALSE
21-10-2025,Tata Consumer Products,TATACONSUM,500800,FMCG,523.33,552.46,519.83,550.49,550.49,6417268,0.051898,541.82,526.36,0.397045,1007254.931,FALSE
22-10-2025,Tata Consumer Products,TATACONSUM,500800,FMCG,550.49,555.52,531.36,534.16,534.16,6955832,-0.029664,539.52,527.97,0.403337,1007254.931,FALSE
23-10-2025,Tata Consumer Products,TATACONSUM,500800,FMCG,534.16,539.08,529.08,531.85,531.85,6064744,-0.004325,536.6,530.05,0.388105,1007254.931,FALSE
24-10-2025,Tata Consumer Products,TATACONSUM,500800,FMCG,531.85,535.5,529.85,532.03,532.03,7450136,0.000338,534.92,531.66,0.379884,1007254.931,FALSE
27-10-2025,Tata Consumer Products,TATACONSUM,500800,FMCG,532.03,532.62,524.21,527.38,527.38,6000095,-0.00874,531.19,532.66,0.374176,1007254.931,FALSE
28-10-2025,Tata Consumer Products,TATACONSUM,500800,FMCG,527.38,541.17,522.32,538.57,538.57,7833092,0.021218,533.97,533.82,0.377093,1007254.931,FALSE
29-10-2025,Tata Consumer Products,TATACONSUM,500800,FMCG,538.57,545.26,534.33,543.93,543.93,6007171,0.009952,536.92,535.46,0.372834,1007254.931,FALSE
30-10-2025,Tata Consumer Products,TATACONSUM,500800,FMCG,543.93,550.69,541.62,545.86,545.86,6858358,0.003548,536.25,536.56,0.359242,1007254.931,FALSE
31-10-2025,Tata Consumer Products,TATACONSUM,500800,FMCG,545.86,555.6,544.04,554.84,554.84,7232506,0.016451,539.21,538.06,0.360494,1007254.931,FALSE
03-11-2025,Tata Consumer Products,TATACONSUM,500800,FMCG,554.84,555.6,549.93,555.3,555.3,7883835,0.000829,542.56,539.67,0.35978,1007254.931,FALSE
04-11-2025,Tata Consumer Products,TATACONSUM,500800,FMCG,555.3,595.05,554.55,590.89,590.89,5167749,0.064091,550.97,541.96,0.394171,1007254.931,FALSE
05-11-2025,Tata Consumer Products,TATACONSUM,500800,FMCG,590.89,595.66,585.87,592.98,592.98,5971568,0.003537,560.34,544.09,0.393199,1007254.931,FALSE
06-11-2025,Tata Consumer Products,TATACONSUM,500800,FMCG,592.98,600.58,591.46,595.59,595.59,7769505,0.004401,568.48,545.52,0.374085,1007254.931,FALSE
07-11-2025,Tata Consumer Products,TATACONSUM,500800,FMCG,595.59,596.03,571.39,575.51,575.51,3661679,-0.033714,573,546.18,0.388579,1007254.931,FALSE
10-11-2025,Tata Consumer Products,TATACONSUM,500800,FMCG,575.51,580.12,564.95,569.54,569.54,1834348,-0.010373,576.38,546.78,0.389256,1007254.931,FALSE
11-11-2025,Tata Consumer Products,TATACONSUM,500800,FMCG,569.54,583.12,566.83,582.9,582.9,7189941,0.023458,580.39,548.03,0.392317,1007254.931,FALSE
12-11-2025,Tata Consumer Products,TATACONSUM,500800,FMCG,582.9,583.06,566.53,567.62,567.62,5423712,-0.026214,582.15,549.45,0.38454,1007254.931,FALSE
13-11-2025,Tata Consumer Products,TATACONSUM,500800,FMCG,567.62,570.24,538.82,543.41,543.41,3999385,-0.042652,575.36,550.14,0.406107,1007254.931,FALSE
14-11-2025,Tata Consumer Products,TATACONSUM,500800,FMCG,543.41,545.24,541.41,544.03,544.03,6018485,0.001141,568.37,550.45,0.400831,1007254.931,FALSE
17-11-2025,Tata Consumer Products,TATACONSUM,500800,FMCG,544.03,562.54,542.29,559.22,559.22,1228581,0.027921,563.18,551.04,0.407165,1007254.931,FALSE
18-11-2025,Tata Consumer Products,TATACONSUM,500800,FMCG,559.22,560.12,556.37,559.98,559.98,4340542,0.001359,560.96,551.64,0.407163,1007254.931,FALSE
19-11-2025,Tata Consumer Products,TATACONSUM,500800,FMCG,559.98,560.17,554.07,556.49,556.49,2858300,-0.006232,559.09,552.47,0.403087,1007254.931,FALSE
20-11-2025,Tata Consumer Products,TATACONSUM,500800,FMCG,556.49,560.54,532.42,536.08,536.08,3017458,-0.036676,552.4,552.54,0.418069,1007254.931,FALSE
21-11-2025,Tata Consumer Products,TATACONSUM,500800,FMCG,536.08,542.34,535.35,541.2,541.2,7785220,0.009551,548.63,552.4,0.414593,1007254.931,FALSE
24-11-2025,Tata Consumer Products,TATACONSUM,500800,FMCG,541.2,552.23,538.84,548.63,548.63,4850262,0.013729,549.38,552.35,0.415681,1007254.931,FALSE
25-11-2025,Tata Consumer Products,TATACONSUM,500800,FMCG,548.63,552.74,524.63,529.35,529.35,1983024,-0.035142,547.28,551.58,0.427919,1007254.931,FALSE
26-11-2025,Tata Consumer Products,TATACONSUM,500800,FMCG,529.35,541.95,529.16,541.63,541.63,3553233,0.023198,544.77,551.51,0.431282,1007254.931,FALSE
27-11-2025,Tata Consumer Products,TATACONSUM,500800,FMCG,541.63,554.43,539.15,550.19,550.19,2698563,0.015804,543.37,551.4,0.4306,1007254.931,FALSE
28-11-2025,Tata Consumer Products,TATACONSUM,500800,FMCG,550.19,564.44,546.56,562.93,562.93,7363868,0.023156,544.29,552.86,0.39267,1007254.931,FALSE
01-12-2025,Tata Consumer Products,TATACONSUM,500800,FMCG,562.93,572,557.93,569.78,569.78,3038894,0.012168,549.1,554.41,0.3933,1007254.931,FALSE
02-12-2025,Tata Consumer Products,TATACONSUM,500800,FMCG,569.78,578.02,566.4,577.51,577.51,3497546,0.013567,554.29,555.31,0.366799,1007254.931,FALSE
03-12-2025,Tata Consumer Products,TATACONSUM,500800,FMCG,577.51,588.71,572.75,583.82,583.82,3339088,0.010926,559.32,556.97,0.35517,1007254.931,FALSE
04-12-2025,Tata Consumer Products,TATACONSUM,500800,FMCG,583.82,597.58,582.52,594.25,594.25,2229948,0.017865,568.59,559.05,0.356899,1007254.931,FALSE
05-12-2025,Tata Consumer Products,TATACONSUM,500800,FMCG,594.25,597.25,570.91,572.93,572.93,6461262,-0.035877,573.06,560.41,0.375055,1007254.931,FALSE
08-12-2025,Tata Consumer Products,TATACONSUM,500800,FMCG,572.93,578.48,550.78,556.02,556.02,5034723,-0.029515,573.89,561.37,0.385275,1007254.931,FALSE
09-12-2025,Tata Consumer Products,TATACONSUM,500800,FMCG,556.02,557.88,543.26,548.11,548.11,4058846,-0.014226,571.77,561.68,0.383643,1007254.931,FALSE
10-12-2025,Tata Consumer Products,TATACONSUM,500800,FMCG,548.11,552.99,543.91,546.96,546.96,3771948,-0.002098,568.51,561.78,0.382752,1007254.931,FALSE
11-12-2025,Tata Consumer Products,TATACONSUM,500800,FMCG,546.96,555.45,544.36,551.48,551.48,5666793,0.008264,564.8,561.97,0.383326,1007254.931,FALSE
12-12-2025,Tata Consumer Products,TATACONSUM,500800,FMCG,551.48,560.5,548.99,555.34,555.34,1671287,0.006999,560.73,561.99,0.380905,1007254.931,FALSE
15-12-2025,Tata Consumer Products,TATACONSUM,500800,FMCG,555.34,573.18,555.01,568.02,568.02,7522388,0.022833,556.98,562.41,0.386465,1007254.931,FALSE
16-12-2025,Tata Consumer Products,TATACONSUM,500800,FMCG,568.02,587.12,562.95,581.36,581.36,4953896,0.023485,558.18,562.1,0.344545,1007254.931,FALSE
17-12-2025,Tata Consumer Products,TATACONSUM,500800,FMCG,581.36,582.12,566.83,571.5,571.5,2593599,-0.01696,560.4,561.38,0.347663,1007254.931,FALSE
18-12-2025,Tata Consumer Products,TATACONSUM,500800,FMCG,571.5,579.09,568.9,574.52,574.52,4764924,0.005284,564.17,560.68,0.347791,1007254.931,FALSE
19-12-2025,Tata Consumer Products,TATACONSUM,500800,FMCG,574.52,579.14,563.48,565.06,565.06,6964364,-0.016466,566.75,560.33,0.337107,1007254.931,FALSE
22-12-2025,Tata Consumer Products,TATACONSUM,500800,FMCG,565.06,568.7,561.28,563.22,563.22,2212379,-0.003256,568.43,560.12,0.335904,1007254.931,FALSE
23-12-2025,Tata Consumer Products,TATACONSUM,500800,FMCG,563.22,568.7,562.52,567.12,567.12,4666935,0.006924,570.11,559.59,0.329156,1007254.931,FALSE
24-12-2025,Tata Consumer Products,TATACONSUM,500800,FMCG,567.12,572.6,524.93,528.74,528.74,5183467,-0.067675,564.5,558.3,0.375718,1007254.931,FALSE
25-12-2025,Tata Consumer Products,TATACONSUM,500800,FMCG,528.74,555.64,525.8,554.51,554.51,6670242,0.048739,560.67,558.67,0.383267,1007254.931,FALSE
26-12-2025,Tata Consumer Products,TATACONSUM,500800,FMCG,554.51,563.87,553.21,561.06,561.06,4971512,0.011812,559.18,559.23,0.384556,1007254.931,FALSE
29-12-2025,Tata Consumer Products,TATACONSUM,500800,FMCG,561.06,563.99,551.2,554.66,554.66,6154866,-0.011407,556.34,559.08,0.377744,1007254.931,FALSE
30-12-2025,Tata Consumer Products,TATACONSUM,500800,FMCG,554.66,577.25,549.23,576.32,576.32,6415288,0.039051,557.95,559.63,0.39435,1007254.931,FALSE
31-12-2025,Tata Consumer Products,TATACONSUM,500800,FMCG,576.32,580.48,571.9,572.6,572.6,7237904,-0.006455,559.29,560.16,0.394387,1007254.931,FALSE
01-01-2026,Tata Consumer Products,TATACONSUM,500800,FMCG,572.6,574.92,569.98,574.41,574.41,3530989,0.003161,560.33,561.44,0.37764,1007254.931,FALSE
02-01-2026,Tata Consumer Products,TATACONSUM,500800,FMCG,574.41,578.39,566.28,569.1,569.1,5927082,-0.009244,566.09,562.37,0.378554,1007254.931,FALSE
05-01-2026,Tata Consumer Products,TATACONSUM,500800,FMCG,569.1,593.18,568.15,588.18,588.18,2741316,0.033527,570.9,563.69,0.388132,1007254.931,FALSE
06-01-2026,Tata Consumer Products,TATACONSUM,500800,FMCG,588.18,590.24,584.12,587.24,587.24,6910083,-0.001598,574.64,565.62,0.371601,1007254.931,FALSE
07-01-2026,Tata Consumer Products,TATACONSUM,500800,FMCG,587.24,593.47,583.69,589.29,589.29,7658539,0.003491,579.59,567.21,0.366991,1007254.931,FALSE
08-01-2026,Tata Consumer Products,TATACONSUM,500800,FMCG,589.29,604.72,588.37,603.78,603.78,3059470,0.024589,583.51,568.99,0.370505,1007254.931,FALSE
09-01-2026,Tata Consumer Products,TATACONSUM,500800,FMCG,603.78,616.31,602.84,611.14,611.14,4928522,0.01219,589.02,570.6,0.36676,1007254.931,FALSE
12-01-2026,Tata Consumer Products,TATACONSUM,500800,FMCG,611.14,616.96,605.55,610.78,610.78,6756374,-0.000589,594.22,571.97,0.365853,1007254.931,FALSE
13-01-2026,Tata Consumer Products,TATACONSUM,500800,FMCG,610.78,625.61,608.88,624.65,624.65,1189979,0.022709,602.15,573.54,0.369183,1007254.931,FALSE
14-01-2026,Tata Consumer Products,TATACONSUM,500800,FMCG,624.65,661.22,620.72,656.68,656.68,5935139,0.051277,611.94,575.97,0.394479,1007254.931,FALSE
15-01-2026,Tata Consumer Products,TATACONSUM,500800,FMCG,656.68,664.52,652.56,661.18,661.18,6744981,0.006853,622.5,578.2,0.392457,1007254.931,FALSE
16-01-2026,Tata Consumer Products,TATACONSUM,500800,FMCG,661.18,666.58,655.63,663.05,663.05,7098584,0.002828,633.04,581.2,0.374,1007254.931,FALSE
19-01-2026,Tata Consumer Products,TATACONSUM,500800,FMCG,663.05,670.35,658.15,665.65,665.65,2377306,0.003921,641.88,584.86,0.359337,1007254.931,FALSE
20-01-2026,Tata Consumer Products,TATACONSUM,500800,FMCG,665.65,686.76,660.05,683.42,683.42,6300159,0.026696,652.2,589.37,0.358631,1007254.931,FALSE
21-01-2026,Tata Consumer Products,TATACONSUM,500800,FMCG,683.42,687.53,671.35,675.58,675.58,6502254,-0.011472,661.46,593.65,0.361855,1007254.931,FALSE
22-01-2026,Tata Consumer Products,TATACONSUM,500800,FMCG,675.58,677.14,669.13,672.15,672.15,1019959,-0.005077,668.24,597.68,0.363613,1007254.931,FALSE
23-01-2026,Tata Consumer Products,TATACONSUM,500800,FMCG,672.15,674.7,649.26,651.82,651.82,5936136,-0.030246,667.55,600.89,0.37919,1007254.931,FALSE
26-01-2026,Tata Consumer Products,TATACONSUM,500800,FMCG,651.82,657.46,634.3,636.71,636.71,5383556,-0.023181,664.05,603.18,0.384465,1007254.931,FALSE
27-01-2026,Tata Consumer Products,TATACONSUM,500800,FMCG,636.71,637.41,627.8,630.44,630.44,7781696,-0.009847,659.4,604.82,0.381988,1007254.931,FALSE
28-01-2026,Tata Consumer Products,TATACONSUM,500800,FMCG,630.44,634.21,629.23,630.05,630.05,1301075,-0.000619,654.31,606.77,0.377483,1007254.931,FALSE
29-01-2026,Tata Consumer Products,TATACONSUM,500800,FMCG,630.05,653.86,627.38,652.66,652.66,7759055,0.035886,649.92,609.38,0.388963,1007254.931,FALSE
30-01-2026,Tata Consumer Products,TATACONSUM,500800,FMCG,652.66,665.56,650.11,659.98,659.98,4999942,0.011216,647.69,612.54,0.384211,1007254.931,FALSE
02-02-2026,Tata Consumer Products,TATACONSUM,500800,FMCG,659.98,663.8,648.04,648.27,648.27,2920874,-0.017743,644.28,615.37,0.389332,1007254.931,FALSE
03-02-2026,Tata Consumer Products,TATACONSUM,500800,FMCG,648.27,650.88,637.4,639.15,639.15,3712348,-0.014068,642.47,617.78,0.393161,1007254.931,FALSE
04-02-2026,Tata Consumer Products,TATACONSUM,500800,FMCG,639.15,658.69,634.35,657.05,657.05,6365147,0.028006,645.37,622.05,0.334374,1007254.931,FALSE
05-02-2026,Tata Consumer Products,TATACONSUM,500800,FMCG,657.05,675.12,653.25,672.18,672.18,7972336,0.023027,651.33,625.97,0.31452,1007254.931,FALSE
06-02-2026,Tata Consumer Products,TATACONSUM,500800,FMCG,672.18,679.34,666.76,672.9,672.9,3217985,0.001071,657.46,629.7,0.314521,1007254.931,FALSE
09-02-2026,Tata Consumer Products,TATACONSUM,500800,FMCG,672.9,676.32,663.65,667.28,667.28,7886014,-0.008352,659.54,633.46,0.313151,1007254.931,FALSE
10-02-2026,Tata Consumer Products,TATACONSUM,500800,FMCG,667.28,685.83,661.58,682.62,682.62,5404385,0.022989,662.78,637,0.301839,1007254.931,FALSE
11-02-2026,Tata Consumer Products,TATACONSUM,500800,FMCG,682.62,687.72,664.07,669.4,669.4,2344107,-0.019367,665.8,640.23,0.308649,1007254.931,FALSE
12-02-2026,Tata Consumer Products,TATACONSUM,500800,FMCG,669.4,677.54,668.74,674.99,674.99,5184222,0.008351,670.92,643.58,0.308689,1007254.931,FALSE
13-02-2026,Tata Consumer Products,TATACONSUM,500800,FMCG,674.99,709.02,668.39,706,706,6612371,0.045941,677.91,648.14,0.326586,1007254.931,FALSE
16-02-2026,Tata Consumer Products,TATACONSUM,500800,FMCG,706,711.65,705.9,709.26,709.26,1381804,0.004618,683.21,652.18,0.31711,1007254.931,FALSE
17-02-2026,Tata Consumer Products,TATACONSUM,500800,FMCG,709.26,710.33,694.44,698.61,698.61,1552399,-0.015016,686.88,655.89,0.322409,1007254.931,FALSE
18-02-2026,Tata Consumer Products,TATACONSUM,500800,FMCG,698.61,709.72,693.07,704.69,704.69,1036272,0.008703,692.22,659.74,0.32241,1007254.931,FALSE
19-02-2026,Tata Consumer Products,TATACONSUM,500800,FMCG,704.69,710.84,696.1,698.42,698.42,4992617,-0.008898,694.48,662.89,0.320394,1007254.931,FALSE
20-02-2026,Tata Consumer Products,TATACONSUM,500800,FMCG,698.42,704.74,675.23,679.3,679.3,1404348,-0.027376,695.9,665.16,0.333016,1007254.931,FALSE
23-02-2026,Tata Consumer Products,TATACONSUM,500800,FMCG,679.3,695.23,676.84,689.16,689.16,7524739,0.014515,697.92,667.78,0.334184,1007254.931,FALSE
24-02-2026,Tata Consumer Products,TATACONSUM,500800,FMCG,689.16,708.1,688.74,704.91,704.91,1895594,0.022854,697.76,670.45,0.334254,1007254.931,FALSE
25-02-2026,Tata Consumer Products,TATACONSUM,500800,FMCG,704.91,706.91,700.82,700.88,700.88,1501279,-0.005717,696.57,671.93,0.304023,1007254.931,FALSE
26-02-2026,Tata Consumer Products,TATACONSUM,500800,FMCG,700.88,705.35,695.28,695.94,695.94,2803567,-0.007048,696.19,673.08,0.304902,1007254.931,FALSE
27-02-2026,Tata Consumer Products,TATACONSUM,500800,FMCG,695.94,702.59,682.24,682.91,682.91,6342293,-0.018723,693.07,673.75,0.310667,1007254.931,FALSE
02-03-2026,Tata Consumer Products,TATACONSUM,500800,FMCG,682.91,687.87,677.04,681.2,681.2,7348686,-0.002504,690.61,674.26,0.310731,1007254.931,FALSE
03-03-2026,Tata Consumer Products,TATACONSUM,500800,FMCG,681.2,684.57,670.34,673.88,673.88,2757025,-0.010746,689.84,673.95,0.30262,1007254.931,FALSE
04-03-2026,Tata Consumer Products,TATACONSUM,500800,FMCG,673.88,678.52,657.58,660.59,660.59,4630428,-0.019722,685.76,673.45,0.306191,1007254.931,FALSE
05-03-2026,Tata Consumer Products,TATACONSUM,500800,FMCG,660.59,691.22,656.02,685.92,685.92,6416324,0.038345,683.05,673.91,0.325867,1007254.931,FALSE
06-03-2026,Tata Consumer Products,TATACONSUM,500800,FMCG,685.92,699.03,685.8,692.66,692.66,6578242,0.009826,681.87,675.27,0.313053,1007254.931,FALSE
09-03-2026,Tata Consumer Products,TATACONSUM,500800,FMCG,692.66,706.29,690.78,700.94,700.94,2070426,0.011954,682.59,677.41,0.304737,1007254.931,FALSE
10-03-2026,Tata Consumer Products,TATACONSUM,500800,FMCG,700.94,716.76,695.49,713.67,713.67,6868182,0.018161,686.98,680.18,0.304981,1007254.931,FALSE
11-03-2026,Tata Consumer Products,TATACONSUM,500800,FMCG,713.67,727.02,707.18,725.03,725.03,7070946,0.015918,693.24,683.35,0.306417,1007254.931,FALSE
12-03-2026,Tata Consumer Products,TATACONSUM,500800,FMCG,725.03,728.66,716.25,719.41,719.41,6144601,-0.007751,699.75,685.57,0.293878,1007254.931,FALSE
13-03-2026,Tata Consumer Products,TATACONSUM,500800,FMCG,719.41,726.06,718.82,723.69,723.69,4690734,0.005949,708.76,687.7,0.293059,1007254.931,FALSE
16-03-2026,Tata Consumer Products,TATACONSUM,500800,FMCG,723.69,730.51,714.4,720.16,720.16,3739695,-0.004878,713.65,690.09,0.287371,1007254.931,FALSE
17-03-2026,Tata Consumer Products,TATACONSUM,500800,FMCG,720.16,730.52,713.78,726.83,726.83,7225834,0.009262,718.53,693.02,0.282777,1007254.931,FALSE
18-03-2026,Tata Consumer Products,TATACONSUM,500800,FMCG,726.83,735.62,723.82,732.16,732.16,7047015,0.007333,722.99,695.52,0.274022,1007254.931,FALSE
19-03-2026,Tata Consumer Products,TATACONSUM,500800,FMCG,732.16,734.71,725.16,726.92,726.92,4627550,-0.007157,724.89,697.34,0.269505,1007254.931,FALSE
20-03-2026,Tata Consumer Products,TATACONSUM,500800,FMCG,726.92,731.57,707.65,707.96,707.96,6194348,-0.026083,722.45,698.51,0.282169,1007254.931,FALSE
23-03-2026,Tata Consumer Products,TATACONSUM,500800,FMCG,707.96,714.08,703.78,710.39,710.39,3799268,0.003432,721.16,699.95,0.28053,1007254.931,FALSE
24-03-2026,Tata Consumer Products,TATACONSUM,500800,FMCG,710.39,711.3,701.4,707.84,707.84,6202060,-0.00359,718.89,700.79,0.273946,1007254.931,FALSE
25-03-2026,Tata Consumer Products,TATACONSUM,500800,FMCG,707.84,713.99,676.81,681.43,681.43,1625274,-0.037311,713.36,701.19,0.290194,1007254.931,FALSE
26-03-2026,Tata Consumer Products,TATACONSUM,500800,FMCG,681.43,691.16,679.27,688.69,688.69,7311020,0.010654,707.91,701.65,0.290794,1007254.931,FALSE
27-03-2026,Tata Consumer Products,TATACONSUM,500800,FMCG,688.69,705.37,684.26,702.33,702.33,4608838,0.019806,703.65,701.53,0.264215,1007254.931,FALSE
30-03-2026,Tata Consumer Products,TATACONSUM,500800,FMCG,702.33,739.72,696.49,738.2,738.2,5190644,0.051073,705.26,702.49,0.302816,1007254.931,FALSE
31-03-2026,Tata Consumer Products,TATACONSUM,500800,FMCG,738.2,742.28,729.3,732.79,732.79,2325739,-0.007329,708.81,703.63,0.299977,1007254.931,FALSE
01-04-2026,Tata Consumer Products,TATACONSUM,500800,FMCG,732.79,737.94,719.32,725.26,725.26,4700021,-0.010276,710.93,704.32,0.301204,1007254.931,FALSE
02-04-2026,Tata Consumer Products,TATACONSUM,500800,FMCG,725.26,731.65,706.75,709.53,709.53,1022084,-0.021689,711.18,704.69,0.307128,1007254.931,FALSE
03-04-2026,Tata Consumer Products,TATACONSUM,500800,FMCG,709.53,713.22,707.06,712.85,712.85,7231137,0.004679,715.66,705.8,0.295491,1007254.931,FALSE
06-04-2026,Tata Consumer Products,TATACONSUM,500800,FMCG,712.85,723.06,708.69,716.09,716.09,6242075,0.004545,719.58,706.7,0.293159,1007254.931,FALSE
07-04-2026,Tata Consumer Products,TATACONSUM,500800,FMCG,716.09,721.13,701.55,704.83,704.83,4181232,-0.015724,719.94,706.7,0.289979,1007254.931,FALSE
08-04-2026,Tata Consumer Products,TATACONSUM,500800,FMCG,704.83,706.83,695.85,702.71,702.71,6850863,-0.003008,714.87,706.76,0.289608,1007254.931,FALSE
09-04-2026,Tata Consumer Products,TATACONSUM,500800,FMCG,702.71,704.15,671.77,675.26,675.26,6680994,-0.039063,706.65,706.07,0.310711,1007254.931,FALSE
10-04-2026,Tata Consumer Products,TATACONSUM,500800,FMCG,675.26,690.14,672.66,688.11,688.11,1833542,0.01903,701.34,706.24,0.311075,1007254.931,FALSE
13-04-2026,Tata Consumer Products,TATACONSUM,500800,FMCG,688.11,694.13,675.17,677.84,677.84,1376924,-0.014925,696.81,706.13,0.314163,1007254.931,FALSE
14-04-2026,Tata Consumer Products,TATACONSUM,500800,FMCG,677.84,679.82,674,677.71,677.71,2774920,-0.000192,691.79,706.26,0.312504,1007254.931,FALSE
15-04-2026,Tata Consumer Products,TATACONSUM,500800,FMCG,677.71,680.85,656.38,658.71,658.71,1009029,-0.028036,683.6,706.2,0.31803,1007254.931,FALSE
16-04-2026,Tata Consumer Products,TATACONSUM,500800,FMCG,658.71,663.36,646.66,651.37,651.37,5011929,-0.011143,675.96,705.05,0.298028,1007254.931,FALSE
17-04-2026,Tata Consumer Products,TATACONSUM,500800,FMCG,651.37,657.05,645.59,648.05,648.05,4698047,-0.005097,668.15,703.56,0.296211,1007254.931,FALSE
20-04-2026,Tata Consumer Products,TATACONSUM,500800,FMCG,648.05,652.5,645.56,648.23,648.23,4765846,0.000278,664.29,701.8,0.293334,1007254.931,FALSE
21-04-2026,Tata Consumer Products,TATACONSUM,500800,FMCG,648.23,659.71,644.23,654.78,654.78,1515283,0.010104,659.53,699.84,0.289319,1007254.931,FALSE
22-04-2026,Tata Consumer Products,TATACONSUM,500800,FMCG,654.78,675.12,654.38,673.95,673.95,7427373,0.029277,658.97,698.14,0.299213,1007254.931,FALSE
23-04-2026,Tata Consumer Products,TATACONSUM,500800,FMCG,673.95,690.16,669.53,684.16,684.16,7835801,0.015149,659.89,696.96,0.302901,1007254.931,FALSE
24-04-2026,Tata Consumer Products,TATACONSUM,500800,FMCG,684.16,699.59,680.71,697.67,697.67,5133781,0.019747,665.46,696.09,0.308438,1007254.931,FALSE
27-04-2026,Tata Consumer Products,TATACONSUM,500800,FMCG,697.67,719.12,694.51,718.2,718.2,1038508,0.029427,675.01,696.03,0.320515,1007254.931,FALSE
28-04-2026,Tata Consumer Products,TATACONSUM,500800,FMCG,718.2,733.83,713.03,726.74,726.74,3771820,0.011891,686.25,696.03,0.321257,1007254.931,FALSE
29-04-2026,Tata Consumer Products,TATACONSUM,500800,FMCG,726.74,728.2,721.06,726.57,726.57,6027047,-0.000234,697.44,695.84,0.320543,1007254.931,FALSE
30-04-2026,Tata Consumer Products,TATACONSUM,500800,FMCG,726.57,742.61,720.42,741.6,741.6,6241088,0.020686,709.84,696.33,0.325308,1007254.931,FALSE
01-05-2026,Tata Consumer Products,TATACONSUM,500800,FMCG,741.6,762.63,738.82,757.88,757.88,2703692,0.021953,721.83,697.99,0.32048,1007254.931,FALSE
04-05-2026,Tata Consumer Products,TATACONSUM,500800,FMCG,757.88,770.54,755.4,768.09,768.09,6758908,0.013472,733.82,699.92,0.322059,1007254.931,FALSE
05-05-2026,Tata Consumer Products,TATACONSUM,500800,FMCG,768.09,769.11,740.8,746.13,746.13,7772864,-0.02859,740.74,701.19,0.334291,1007254.931,FALSE
06-05-2026,Tata Consumer Products,TATACONSUM,500800,FMCG,746.13,750.61,729.68,733.95,733.95,4560704,-0.016324,742.99,702.94,0.317997,1007254.931,FALSE
07-05-2026,Tata Consumer Products,TATACONSUM,500800,FMCG,733.95,739.52,725.66,730.28,730.28,3670791,-0.005,743.5,704.33,0.317819,1007254.931,FALSE
08-05-2026,Tata Consumer Products,TATACONSUM,500800,FMCG,730.28,747.92,726.22,742.03,742.03,4682900,0.01609,745.71,705.65,0.316203,1007254.931,FALSE
11-05-2026,Tata Consumer Products,TATACONSUM,500800,FMCG,742.03,743.24,736.3,742.08,742.08,1190983,6.70E-05,745.78,705.78,0.279929,1007254.931,FALSE
12-05-2026,Tata Consumer Products,TATACONSUM,500800,FMCG,742.08,763.56,740.67,759.33,759.33,4664149,0.023245,745.98,706.67,0.286609,1007254.931,FALSE
13-05-2026,Tata Consumer Products,TATACONSUM,500800,FMCG,759.33,786.03,755.11,779.68,779.68,1188550,0.0268,747.64,708.48,0.293605,1007254.931,FALSE
14-05-2026,Tata Consumer Products,TATACONSUM,500800,FMCG,779.68,800.06,778.45,798.77,798.77,1243520,0.024484,755.16,711.46,0.290925,1007254.931,FALSE
15-05-2026,Tata Consumer Products,TATACONSUM,500800,FMCG,798.77,820.13,795.52,818.43,818.43,4873613,0.024613,767.23,714.97,0.296932,1007254.931,FALSE
18-05-2026,Tata Consumer Products,TATACONSUM,500800,FMCG,818.43,818.45,796.54,801.86,801.86,4575535,-0.020246,777.45,717.83,0.305671,1007254.931,FALSE
19-05-2026,Tata Consumer Products,TATACONSUM,500800,FMCG,801.86,814.25,797.91,810.01,810.01,7906983,0.010164,787.17,721.34,0.300348,1007254.931,FALSE
20-05-2026,Tata Consumer Products,TATACONSUM,500800,FMCG,810.01,811.58,797.53,800.57,800.57,4553724,-0.011654,795.52,724.6,0.303337,1007254.931,FALSE
21-05-2026,Tata Consumer Products,TATACONSUM,500800,FMCG,800.57,806.37,767.71,774.56,774.56,7858414,-0.032489,797.7,727.91,0.295627,1007254.931,FALSE
22-05-2026,Tata Consumer Products,TATACONSUM,500800,FMCG,774.56,782.02,764.54,770.5,770.5,6649776,-0.005242,796.39,730.66,0.293804,1007254.931,FALSE
25-05-2026,Tata Consumer Products,TATACONSUM,500800,FMCG,770.5,792.95,766.44,791.3,791.3,3360910,0.026995,795.32,734.44,0.295527,1007254.931,FALSE
26-05-2026,Tata Consumer Products,TATACONSUM,500800,FMCG,791.3,804.17,783.78,798.99,798.99,7483187,0.009718,792.54,738.48,0.295311,1007254.931,FALSE
27-05-2026,Tata Consumer Products,TATACONSUM,500800,FMCG,798.99,833.39,795.59,831.63,831.63,4378925,0.040852,796.79,744.25,0.294478,1007254.931,FALSE
28-05-2026,Tata Consumer Products,TATACONSUM,500800,FMCG,831.63,835.14,825.08,834.99,834.99,5164633,0.00404,800.36,750.37,0.289156,1007254.931,FALSE
29-05-2026,Tata Consumer Products,TATACONSUM,500800,FMCG,834.99,882.94,833.59,876.29,876.29,1703190,0.049462,811.18,757.98,0.309433,1007254.931,FALSE
01-06-2026,Tata Consumer Products,TATACONSUM,500800,FMCG,876.29,883.66,873.78,879.84,879.84,2488126,0.004051,826.22,765.7,0.308564,1007254.931,FALSE
02-06-2026,Tata Consumer Products,TATACONSUM,500800,FMCG,879.84,889.01,876.86,880.67,880.67,4655237,0.000943,841.96,773.22,0.309785,1007254.931,FALSE
03-06-2026,Tata Consumer Products,TATACONSUM,500800,FMCG,880.67,885.38,857.67,858.58,858.58,2898666,-0.025083,851.57,779.38,0.320441,1007254.931,FALSE
04-06-2026,Tata Consumer Products,TATACONSUM,500800,FMCG,858.58,879.46,854.27,878.08,878.08,5197911,0.022712,862.87,785.84,0.322588,1007254.931,FALSE
05-06-2026,Tata Consumer Products,TATACONSUM,500800,FMCG,878.08,882.03,868.03,869.7,869.7,1559384,-0.009544,868.31,791.58,0.324917,1007254.931,FALSE
08-06-2026,Tata Consumer Products,TATACONSUM,500800,FMCG,869.7,871.46,853.43,858.88,858.88,2757431,-0.012441,871.72,796.27,0.323103,1007254.931,FALSE
09-06-2026,Tata Consumer Products,TATACONSUM,500800,FMCG,858.88,889.06,857.25,881.32,881.32,5656117,0.026127,872.44,801.42,0.327889,1007254.931,FALSE
10-06-2026,Tata Consumer Products,TATACONSUM,500800,FMCG,881.32,908.41,880.23,902.17,902.17,5284801,0.023658,875.63,807.27,0.330826,1007254.931,FALSE
11-06-2026,Tata Consumer Products,TATACONSUM,500800,FMCG,902.17,926.2,893.43,923.05,923.05,7885612,0.023144,881.68,813.32,0.331756,1007254.931,FALSE
12-06-2026,Tata Consumer Products,TATACONSUM,500800,FMCG,923.05,927.92,910.79,916.83,916.83,7297849,-0.006739,890,818.62,0.33134,1007254.931,FALSE
15-06-2026,Tata Consumer Products,TATACONSUM,500800,FMCG,916.83,922.96,907.77,916.35,916.35,6674374,-0.000524,895.47,823.56,0.331292,1007254.931,FALSE
16-06-2026,Tata Consumer Products,TATACONSUM,500800,FMCG,916.35,923.52,911.22,915.71,915.71,1006687,-0.000698,902.04,829.21,0.315387,1007254.931,FALSE
17-06-2026,Tata Consumer Products,TATACONSUM,500800,FMCG,915.71,931.25,915.4,930.5,930.5,5217269,0.016151,912.28,835.77,0.30845,1007254.931,FALSE
18-06-2026,Tata Consumer Products,TATACONSUM,500800,FMCG,930.5,960.09,925.15,959.88,959.88,2602536,0.031574,923.5,843.42,0.313109,1007254.931,FALSE
19-06-2026,Tata Consumer Products,TATACONSUM,500800,FMCG,959.88,968.53,954.52,967.42,967.42,2868407,0.007855,932.82,850.93,0.312476,1007254.931,FALSE
22-06-2026,Tata Consumer Products,TATACONSUM,500800,FMCG,967.42,1010.09,967.28,1006.12,1006.12,2469436,0.040003,944.69,859.73,0.323716,1007254.931,FALSE
23-06-2026,Tata Consumer Products,TATACONSUM,500800,FMCG,1006.12,1029.46,997.45,1024.68,1024.68,4191324,0.018447,960.09,868.58,0.322357,1007254.931,FALSE
24-06-2026,Tata Consumer Products,TATACONSUM,500800,FMCG,1024.68,1026.07,1014.05,1020.38,1020.38,1867203,-0.004196,974.96,876.6,0.321033,1007254.931,FALSE
25-06-2026,Tata Consumer Products,TATACONSUM,500800,FMCG,1020.38,1042.07,1012.78,1037.8,1037.8,4722541,0.017072,992.4,884.57,0.318678,1007254.931,FALSE
26-06-2026,Tata Consumer Products,TATACONSUM,500800,FMCG,1037.8,1078.47,1032.67,1073.73,1073.73,2162708,0.034621,1012.86,893.08,0.324222,1007254.931,FALSE
29-06-2026,Tata Consumer Products,TATACONSUM,500800,FMCG,1073.73,1118.39,1067.09,1117.17,1117.17,4503194,0.040457,1035.33,903.59,0.323901,1007254.931,FALSE
30-06-2026,Tata Consumer Products,TATACONSUM,500800,FMCG,1117.17,1154.74,1114.3,1144.25,1144.25,5381387,0.02424,1060.59,914.73,0.326029,1007254.931,FALSE
01-07-2026,Tata Consumer Products,TATACONSUM,500800,FMCG,1144.25,1152.27,1133.11,1145.41,1145.41,2257724,0.001014,1080.49,926.23,0.320129,1007254.931,FALSE
02-07-2026,Tata Consumer Products,TATACONSUM,500800,FMCG,1145.41,1149.86,1136.45,1141.02,1141.02,1718860,-0.003833,1097.11,938.44,0.295163,1007254.931,FALSE
03-07-2026,Tata Consumer Products,TATACONSUM,500800,FMCG,1141.02,1160.59,1139.17,1154.74,1154.74,6643809,0.012024,1116.3,951.25,0.290006,1007254.931,FALSE
06-07-2026,Tata Consumer Products,TATACONSUM,500800,FMCG,1154.74,1197.73,1154.09,1193.97,1193.97,6169721,0.033973,1138.61,964.67,0.293462,1007254.931,FALSE
07-07-2026,Tata Consumer Products,TATACONSUM,500800,FMCG,1193.97,1215.22,1186.38,1204.93,1204.93,2830186,0.009179,1157.36,978.2,0.293534,1007254.931,FALSE
08-07-2026,Tata Consumer Products,TATACONSUM,500800,FMCG,1204.93,1223.48,1193.08,1216.49,1216.49,7209158,0.009594,1171.54,991.03,0.282411,1007254.931,FALSE
09-07-2026,Tata Consumer Products,TATACONSUM,500800,FMCG,1216.49,1224.37,1205.59,1218.34,1218.34,2548143,0.001521,1182.13,1003.81,0.283192,1007254.931,FALSE
10-07-2026,Tata Consumer Products,TATACONSUM,500800,FMCG,1218.34,1229.44,1202.46,1210.96,1210.96,7486114,-0.006057,1191.49,1014.97,0.265969,1007254.931,FALSE
31-12-2024,Tata Motors,TATAMOTORS,500570,Automobile,500,504.51,499.37,503.3,503.3,2104289,,1200.85,1029.062857,0.268550533,1417904.409,FALSE
01-01-2025,Tata Motors,TATAMOTORS,500570,Automobile,503.3,504.02,488.66,493.08,493.08,3697586,-0.020306,1210.21,1041.958214,0.26391859,1417904.409,FALSE
02-01-2025,Tata Motors,TATAMOTORS,500570,Automobile,493.08,504.62,488.74,500.73,500.73,6282178,0.015515,1219.57,1054.853571,0.259286648,1417904.409,FALSE
03-01-2025,Tata Motors,TATAMOTORS,500570,Automobile,500.73,511.41,498.04,510.4,510.4,2894877,0.019312,505.07,1067.748929,0.254654705,1417904.409,FALSE
06-01-2025,Tata Motors,TATAMOTORS,500570,Automobile,510.4,515.05,487.69,490.74,490.74,1925931,-0.038519,501.29,1080.644286,0.250022762,1417904.409,FALSE
07-01-2025,Tata Motors,TATAMOTORS,500570,Automobile,490.74,493.96,476.89,478.2,478.2,4653429,-0.025553,497.51,1093.539643,0.245390819,1417904.409,FALSE
08-01-2025,Tata Motors,TATAMOTORS,500570,Automobile,478.2,479.84,477.96,479.66,479.66,2137436,0.003053,493.73,1106.435,0.240758876,1417904.409,FALSE
09-01-2025,Tata Motors,TATAMOTORS,500570,Automobile,479.66,479.69,474.03,476.87,476.87,3203247,-0.005817,489.95,1119.330357,0.236126933,1417904.409,FALSE
10-01-2025,Tata Motors,TATAMOTORS,500570,Automobile,476.87,477.19,475.46,476.95,476.95,4153225,0.000168,487.65,1132.225714,0.23149499,1417904.409,FALSE
13-01-2025,Tata Motors,TATAMOTORS,500570,Automobile,476.95,479.84,465.94,469.05,469.05,4948665,-0.016564,483.12,1145.121071,0.226863048,1417904.409,FALSE
14-01-2025,Tata Motors,TATAMOTORS,500570,Automobile,476.95,479.84,465.94,469.05,469.05,5475636,0,477.22,1158.016429,0.222231105,1417904.409,TRUE
15-01-2025,Tata Motors,TATAMOTORS,500570,Automobile,477.53,486.36,477.45,485.2,485.2,5736566,0.034431,476.43,1170.911786,0.217599162,1417904.409,FALSE
16-01-2025,Tata Motors,TATAMOTORS,500570,Automobile,485.2,490.21,482.31,486.08,486.08,6910009,0.001814,477.55,1183.807143,0.212967219,1417904.409,FALSE
17-01-2025,Tata Motors,TATAMOTORS,500570,Automobile,486.08,497.57,484.96,497.28,497.28,1462554,0.023041,480.07,1196.7025,0.208335276,1417904.409,FALSE
20-01-2025,Tata Motors,TATAMOTORS,500570,Automobile,497.28,506.21,492.94,502.18,502.18,3536266,0.009854,483.68,1209.597857,0.203703333,1417904.409,FALSE
21-01-2025,Tata Motors,TATAMOTORS,500570,Automobile,502.18,506.84,492.55,493.8,493.8,1007472,-0.016687,486.09,1222.493214,0.19907139,1417904.409,FALSE
22-01-2025,Tata Motors,TATAMOTORS,500570,Automobile,493.8,501.54,490.79,497.69,497.69,1066098,0.007878,490.18,1235.388571,0.194439448,1417904.409,FALSE
23-01-2025,Tata Motors,TATAMOTORS,500570,Automobile,497.69,501.17,485.69,488.4,488.4,2485939,-0.018666,492.95,1248.283929,0.189807505,1417904.409,FALSE
24-01-2025,Tata Motors,TATAMOTORS,500570,Automobile,488.4,501.39,486.46,497.22,497.22,5187002,0.018059,494.66,1261.179286,0.185175562,1417904.409,FALSE
27-01-2025,Tata Motors,TATAMOTORS,500570,Automobile,497.22,497.42,493.61,496.97,496.97,7261580,-0.000503,496.22,1274.074643,0.180543619,1417904.409,FALSE
28-01-2025,Tata Motors,TATAMOTORS,500570,Automobile,496.97,497.98,491.79,495.38,495.38,6414788,-0.003199,495.95,1286.97,0.329231244,1417904.409,FALSE
29-01-2025,Tata Motors,TATAMOTORS,500570,Automobile,495.38,496,486.11,488.89,488.89,5524035,-0.013101,494.05,1299.865357,0.324540378,1417904.409,FALSE
30-01-2025,Tata Motors,TATAMOTORS,500570,Automobile,488.89,503.61,485.18,501.08,501.08,6447146,0.024934,495.09,1312.760714,0.319849511,1417904.409,FALSE
31-01-2025,Tata Motors,TATAMOTORS,500570,Automobile,501.08,504.82,494.87,499.79,499.79,2203722,-0.002574,495.39,1325.656071,0.315158644,1417904.409,FALSE
03-02-2025,Tata Motors,TATAMOTORS,500570,Automobile,499.79,502.93,493.68,495.75,495.75,6878846,-0.008083,496.44,1338.551429,0.310467778,1417904.409,FALSE
04-02-2025,Tata Motors,TATAMOTORS,500570,Automobile,495.75,499.97,489.98,492.51,492.51,7231847,-0.006536,495.77,485.6497059,0.305776911,1417904.409,FALSE
05-02-2025,Tata Motors,TATAMOTORS,500570,Automobile,492.51,498.77,492.45,498,498,1665381,0.011147,495.91,487.073848,0.301086044,1417904.409,FALSE
06-02-2025,Tata Motors,TATAMOTORS,500570,Automobile,498,505.58,494.04,501.89,501.89,4289691,0.007811,496.84,488.4979902,0.296395178,1417904.409,FALSE
07-02-2025,Tata Motors,TATAMOTORS,500570,Automobile,501.89,507.26,499.28,506.28,506.28,6810260,0.008747,499.33,489.9221324,0.291704311,1417904.409,FALSE
10-02-2025,Tata Motors,TATAMOTORS,500570,Automobile,506.28,512.28,504.22,510.9,510.9,4332642,0.009125,500.73,492.78,0.287013444,1417904.409,FALSE
11-02-2025,Tata Motors,TATAMOTORS,500570,Automobile,510.9,536.82,510.42,533.04,533.04,6883308,0.043335,505.48,493.77,0.284658,1417904.409,FALSE
12-02-2025,Tata Motors,TATAMOTORS,500570,Automobile,533.04,538.26,524.27,528.97,528.97,7548793,-0.007635,510.23,494.96,0.278301,1417904.409,FALSE
13-02-2025,Tata Motors,TATAMOTORS,500570,Automobile,528.97,532.21,521.75,523.82,523.82,4322650,-0.009736,514.7,495.73,0.277656,1417904.409,FALSE
14-02-2025,Tata Motors,TATAMOTORS,500570,Automobile,523.82,524.1,512.03,515.55,515.55,1416406,-0.015788,517.21,495.91,0.27689,1417904.409,FALSE
17-02-2025,Tata Motors,TATAMOTORS,500570,Automobile,515.55,525.38,514.78,522.16,522.16,3380368,0.012821,520.1,496.95,0.253004,1417904.409,FALSE
18-02-2025,Tata Motors,TATAMOTORS,500570,Automobile,522.16,534.44,517.14,534.21,534.21,2506247,0.023077,524.09,498.82,0.245818,1417904.409,FALSE
19-02-2025,Tata Motors,TATAMOTORS,500570,Automobile,534.21,538.94,532.31,533.26,533.26,4318805,-0.001778,527.29,500.61,0.246346,1417904.409,FALSE
20-02-2025,Tata Motors,TATAMOTORS,500570,Automobile,533.26,537.05,523.52,524.57,524.57,5100399,-0.016296,526.08,502.2,0.251661,1417904.409,FALSE
21-02-2025,Tata Motors,TATAMOTORS,500570,Automobile,524.57,525.48,511.75,516.18,516.18,4247288,-0.015994,524.25,503.5,0.257698,1417904.409,FALSE
24-02-2025,Tata Motors,TATAMOTORS,500570,Automobile,516.18,523.64,511.47,523.16,523.16,2368405,0.013522,524.16,505.31,0.252795,1417904.409,FALSE
25-02-2025,Tata Motors,TATAMOTORS,500570,Automobile,523.16,532.17,522.05,531.19,531.19,3108154,0.015349,526.39,507.38,0.254714,1417904.409,FALSE
26-02-2025,Tata Motors,TATAMOTORS,500570,Automobile,531.19,542.5,528.7,537.23,537.23,5756689,0.011371,528.54,509.11,0.239295,1417904.409,FALSE
27-02-2025,Tata Motors,TATAMOTORS,500570,Automobile,537.23,539.69,526.46,530.35,530.35,1188881,-0.012806,527.99,510.59,0.243903,1417904.409,FALSE
28-02-2025,Tata Motors,TATAMOTORS,500570,Automobile,530.35,537.26,525.69,533.08,533.08,2498646,0.005148,527.97,511.78,0.236544,1417904.409,FALSE
03-03-2025,Tata Motors,TATAMOTORS,500570,Automobile,533.08,537.99,531.06,534.59,534.59,7246390,0.002833,529.4,512.86,0.235501,1417904.409,FALSE
04-03-2025,Tata Motors,TATAMOTORS,500570,Automobile,534.59,540.27,531.82,537.19,537.19,1694098,0.004864,532.4,514.31,0.228672,1417904.409,FALSE
05-03-2025,Tata Motors,TATAMOTORS,500570,Automobile,537.19,547.62,533.21,546.82,546.82,3903221,0.017927,535.78,515.95,0.232393,1417904.409,FALSE
06-03-2025,Tata Motors,TATAMOTORS,500570,Automobile,546.82,554.74,542.83,549.54,549.54,2448896,0.004974,538.4,517.99,0.222932,1417904.409,FALSE
07-03-2025,Tata Motors,TATAMOTORS,500570,Automobile,549.54,558.96,545.24,557.28,557.28,1732555,0.014085,541.26,519.99,0.221049,1417904.409,FALSE
10-03-2025,Tata Motors,TATAMOTORS,500570,Automobile,557.28,561.54,554.1,558.31,558.31,3959138,0.001848,545.26,522.03,0.220747,1417904.409,FALSE
11-03-2025,Tata Motors,TATAMOTORS,500570,Automobile,558.31,565.75,557.73,561.82,561.82,4650094,0.006287,549.36,524.25,0.219776,1417904.409,FALSE
12-03-2025,Tata Motors,TATAMOTORS,500570,Automobile,561.82,572.89,556.74,569.19,569.19,2232968,0.013118,554.31,526.92,0.214822,1417904.409,FALSE
13-03-2025,Tata Motors,TATAMOTORS,500570,Automobile,569.19,574.55,548.1,552.89,552.89,1544558,-0.028637,556.55,528.65,0.227716,1417904.409,FALSE
14-03-2025,Tata Motors,TATAMOTORS,500570,Automobile,552.89,553.71,545.24,549.63,549.63,1942844,-0.005896,556.95,530.31,0.228673,1417904.409,FALSE
17-03-2025,Tata Motors,TATAMOTORS,500570,Automobile,549.63,552.42,544.19,544.73,544.73,5560809,-0.008915,556.26,531.94,0.229044,1417904.409,FALSE
18-03-2025,Tata Motors,TATAMOTORS,500570,Automobile,544.73,546.94,536.95,538.05,538.05,7021973,-0.012263,553.52,533.46,0.231755,1417904.409,FALSE
19-03-2025,Tata Motors,TATAMOTORS,500570,Automobile,538.05,540.6,531.37,535.36,535.36,2262037,-0.005,550.24,534.71,0.231581,1417904.409,FALSE
20-03-2025,Tata Motors,TATAMOTORS,500570,Automobile,535.36,552.29,535.23,551.63,551.63,3242780,0.030391,548.78,536.37,0.244929,1417904.409,FALSE
21-03-2025,Tata Motors,TATAMOTORS,500570,Automobile,551.63,552.37,537.04,542.35,542.35,3406708,-0.016823,544.95,537.57,0.251093,1417904.409,FALSE
24-03-2025,Tata Motors,TATAMOTORS,500570,Automobile,542.35,554.67,540.31,553.13,553.13,3525310,0.019876,544.98,538.98,0.255484,1417904.409,FALSE
25-03-2025,Tata Motors,TATAMOTORS,500570,Automobile,553.13,554.81,530.94,534.79,534.79,2710103,-0.033157,542.86,539.03,0.245971,1417904.409,FALSE
26-03-2025,Tata Motors,TATAMOTORS,500570,Automobile,534.79,537.08,526.76,531.47,531.47,1386892,-0.006208,540.97,539.12,0.245609,1417904.409,FALSE
27-03-2025,Tata Motors,TATAMOTORS,500570,Automobile,531.47,536.73,529.37,533.47,533.47,4676090,0.003763,540.31,539.44,0.243939,1417904.409,FALSE
28-03-2025,Tata Motors,TATAMOTORS,500570,Automobile,533.47,543.42,531.77,539.99,539.99,3501587,0.012222,540.98,540.25,0.240954,1417904.409,FALSE
31-03-2025,Tata Motors,TATAMOTORS,500570,Automobile,539.99,550.2,536.7,547.94,547.94,3395804,0.014722,540.45,541.11,0.241781,1417904.409,FALSE
01-04-2025,Tata Motors,TATAMOTORS,500570,Automobile,547.94,559.19,544.76,556.91,556.91,2853650,0.01637,542.53,541.87,0.237375,1417904.409,FALSE
02-04-2025,Tata Motors,TATAMOTORS,500570,Automobile,556.91,558.12,551.04,553.3,553.3,7505376,-0.006482,542.55,542.54,0.238328,1417904.409,FALSE
03-04-2025,Tata Motors,TATAMOTORS,500570,Automobile,553.3,556.56,545.16,548.46,548.46,5273395,-0.008748,544.51,543.33,0.234447,1417904.409,FALSE
04-04-2025,Tata Motors,TATAMOTORS,500570,Automobile,548.46,559.92,543.33,558.15,558.15,3930842,0.017668,548.32,544.73,0.2328,1417904.409,FALSE
07-04-2025,Tata Motors,TATAMOTORS,500570,Automobile,558.15,558.35,553.69,556.29,556.29,2437732,-0.003332,551.58,545.84,0.231119,1417904.409,FALSE
08-04-2025,Tata Motors,TATAMOTORS,500570,Automobile,556.29,558.62,541.31,542.38,542.38,6607865,-0.025005,551.92,546.21,0.240498,1417904.409,FALSE
09-04-2025,Tata Motors,TATAMOTORS,500570,Automobile,542.38,544.95,528.35,530.36,530.36,7218558,-0.022162,549.41,545.98,0.247241,1417904.409,FALSE
10-04-2025,Tata Motors,TATAMOTORS,500570,Automobile,530.36,531.55,518.81,520.87,520.87,1226231,-0.017894,544.26,545.67,0.249901,1417904.409,FALSE
11-04-2025,Tata Motors,TATAMOTORS,500570,Automobile,520.87,529.32,520.18,526.31,526.31,7507666,0.010444,540.4,545.44,0.251404,1417904.409,FALSE
14-04-2025,Tata Motors,TATAMOTORS,500570,Automobile,526.31,531.06,525.45,528.07,528.07,5895940,0.003344,537.49,545.22,0.251464,1417904.409,FALSE
15-04-2025,Tata Motors,TATAMOTORS,500570,Automobile,528.07,539.39,524.45,535.63,535.63,1698817,0.014316,534.27,545.17,0.254619,1417904.409,FALSE
16-04-2025,Tata Motors,TATAMOTORS,500570,Automobile,535.63,539.1,529.51,531.32,531.32,6272097,-0.008047,530.71,544.65,0.249836,1417904.409,FALSE
17-04-2025,Tata Motors,TATAMOTORS,500570,Automobile,531.32,536.75,526.24,533.27,533.27,1751820,0.00367,529.4,544.11,0.249601,1417904.409,FALSE
18-04-2025,Tata Motors,TATAMOTORS,500570,Automobile,533.27,541.91,531.97,540.21,540.21,1356032,0.013014,530.81,543.54,0.249061,1417904.409,FALSE
21-04-2025,Tata Motors,TATAMOTORS,500570,Automobile,540.21,544.46,536.6,537.13,537.13,1807285,-0.005701,533.13,542.84,0.249294,1417904.409,FALSE
22-04-2025,Tata Motors,TATAMOTORS,500570,Automobile,537.13,545.29,533.09,542.31,542.31,4218824,0.009644,535.42,542.19,0.250354,1417904.409,FALSE
23-04-2025,Tata Motors,TATAMOTORS,500570,Automobile,542.31,544.65,530.68,535.4,535.4,5336984,-0.012742,536.47,541.06,0.248845,1417904.409,FALSE
24-04-2025,Tata Motors,TATAMOTORS,500570,Automobile,535.4,538.75,530.3,531.78,531.78,3851274,-0.006761,535.92,540.36,0.23619,1417904.409,FALSE
25-04-2025,Tata Motors,TATAMOTORS,500570,Automobile,531.78,533.7,526.92,527.99,527.99,1853782,-0.007127,535.44,539.64,0.23643,1417904.409,FALSE
28-04-2025,Tata Motors,TATAMOTORS,500570,Automobile,527.99,530.69,514.67,515.62,515.62,2394179,-0.023428,532.92,538.66,0.244145,1417904.409,FALSE
29-04-2025,Tata Motors,TATAMOTORS,500570,Automobile,515.62,524.74,512.93,520.9,520.9,6966676,0.01024,530.16,538.09,0.244407,1417904.409,FALSE
30-04-2025,Tata Motors,TATAMOTORS,500570,Automobile,520.9,525.52,513.85,516.27,516.27,7738366,-0.008888,527.18,537.46,0.245224,1417904.409,FALSE
01-05-2025,Tata Motors,TATAMOTORS,500570,Automobile,516.27,521.42,514.93,516.66,516.66,6279900,0.000755,523.52,536.29,0.226486,1417904.409,FALSE
02-05-2025,Tata Motors,TATAMOTORS,500570,Automobile,516.66,524.51,516.43,521.89,521.89,1723897,0.010123,521.59,535.61,0.224703,1417904.409,FALSE
05-05-2025,Tata Motors,TATAMOTORS,500570,Automobile,521.89,529.55,519.37,526.81,526.81,6738662,0.009427,520.88,534.73,0.218138,1417904.409,FALSE
06-05-2025,Tata Motors,TATAMOTORS,500570,Automobile,526.81,538.35,521.75,534.08,534.08,5843922,0.0138,521.75,534.71,0.200742,1417904.409,FALSE
07-05-2025,Tata Motors,TATAMOTORS,500570,Automobile,534.08,535.76,529.82,533.3,533.3,4682423,-0.00146,524.27,534.77,0.19993,1417904.409,FALSE
08-05-2025,Tata Motors,TATAMOTORS,500570,Automobile,533.3,537.76,526.43,529.05,529.05,2002669,-0.007969,525.44,534.62,0.200997,1417904.409,FALSE
09-05-2025,Tata Motors,TATAMOTORS,500570,Automobile,529.05,531.66,527.88,528.47,528.47,7976740,-0.001096,527.18,534.24,0.197521,1417904.409,FALSE
12-05-2025,Tata Motors,TATAMOTORS,500570,Automobile,528.47,529.08,509.61,510.9,510.9,4098245,-0.033247,526.36,533,0.213386,1417904.409,FALSE
13-05-2025,Tata Motors,TATAMOTORS,500570,Automobile,510.9,511.27,494.91,496.37,496.37,1309225,-0.02844,522.71,530.98,0.218873,1417904.409,FALSE
14-05-2025,Tata Motors,TATAMOTORS,500570,Automobile,496.37,500.55,479.79,483.49,483.49,2469779,-0.025948,516.52,528.66,0.228073,1417904.409,FALSE
15-05-2025,Tata Motors,TATAMOTORS,500570,Automobile,483.49,483.75,469.93,474.08,474.08,3808854,-0.019463,507.95,526.18,0.231936,1417904.409,FALSE
16-05-2025,Tata Motors,TATAMOTORS,500570,Automobile,474.08,479.45,469.81,478.11,478.11,1436287,0.008501,500.07,523.51,0.225676,1417904.409,FALSE
19-05-2025,Tata Motors,TATAMOTORS,500570,Automobile,478.11,479.71,465.07,469.69,469.69,3267556,-0.017611,491.59,520.62,0.22851,1417904.409,FALSE
20-05-2025,Tata Motors,TATAMOTORS,500570,Automobile,469.69,470.51,461.79,466.38,466.38,4278825,-0.007047,482.72,518.09,0.22101,1417904.409,FALSE
21-05-2025,Tata Motors,TATAMOTORS,500570,Automobile,466.38,480.23,461.93,478.73,478.73,7640518,0.026481,478.12,516.37,0.2327,1417904.409,FALSE
22-05-2025,Tata Motors,TATAMOTORS,500570,Automobile,478.73,482.28,475.21,475.56,475.56,1604625,-0.006622,475.15,514.86,0.22882,1417904.409,FALSE
23-05-2025,Tata Motors,TATAMOTORS,500570,Automobile,475.56,482.88,474.9,482.81,482.81,5038026,0.015245,475.05,513.41,0.231663,1417904.409,FALSE
26-05-2025,Tata Motors,TATAMOTORS,500570,Automobile,482.81,486.8,472.59,474.03,474.03,7410327,-0.018185,475.04,511.61,0.235105,1417904.409,FALSE
27-05-2025,Tata Motors,TATAMOTORS,500570,Automobile,474.03,478.09,469.71,472.32,472.32,6643336,-0.003607,474.22,509.5,0.228971,1417904.409,FALSE
28-05-2025,Tata Motors,TATAMOTORS,500570,Automobile,472.32,474.08,463.14,463.59,463.59,7474590,-0.018483,473.35,507.24,0.232511,1417904.409,FALSE
29-05-2025,Tata Motors,TATAMOTORS,500570,Automobile,463.59,464.3,456.78,460.67,460.67,2192388,-0.006299,472.53,504.82,0.231285,1417904.409,FALSE
30-05-2025,Tata Motors,TATAMOTORS,500570,Automobile,460.67,471.46,457.83,468.65,468.65,6609402,0.017323,471.09,502.43,0.234478,1417904.409,FALSE
02-06-2025,Tata Motors,TATAMOTORS,500570,Automobile,468.65,469.21,450.24,452.69,452.69,7850439,-0.034055,467.82,499.62,0.249532,1417904.409,FALSE
03-06-2025,Tata Motors,TATAMOTORS,500570,Automobile,452.69,458.52,451.94,456.85,456.85,3282229,0.00919,464.11,496.77,0.249295,1417904.409,FALSE
04-06-2025,Tata Motors,TATAMOTORS,500570,Automobile,456.85,463.65,455.69,459.25,459.25,4490476,0.005253,462,494.23,0.250256,1417904.409,FALSE
05-06-2025,Tata Motors,TATAMOTORS,500570,Automobile,459.25,463.82,453.3,454.02,454.02,4715889,-0.011388,459.39,491.64,0.250901,1417904.409,FALSE
06-06-2025,Tata Motors,TATAMOTORS,500570,Automobile,454.02,457.53,437.36,441.12,441.12,4455704,-0.028413,456.18,488.75,0.259797,1417904.409,FALSE
09-06-2025,Tata Motors,TATAMOTORS,500570,Automobile,441.12,443.35,438.54,441.98,441.98,3028472,0.00195,453.51,486.29,0.255242,1417904.409,FALSE
10-06-2025,Tata Motors,TATAMOTORS,500570,Automobile,441.98,445.02,434.3,437.52,437.52,7796193,-0.010091,449.06,483.51,0.251469,1417904.409,FALSE
11-06-2025,Tata Motors,TATAMOTORS,500570,Automobile,437.52,442.87,436.22,439.77,439.77,7695477,0.005143,447.22,480.96,0.253194,1417904.409,FALSE
12-06-2025,Tata Motors,TATAMOTORS,500570,Automobile,439.77,441.89,438.14,440.18,440.18,3665126,0.000932,444.83,478.41,0.25323,1417904.409,FALSE
13-06-2025,Tata Motors,TATAMOTORS,500570,Automobile,440.18,457.42,438.4,454.5,454.5,6637044,0.032532,444.16,476.17,0.272603,1417904.409,FALSE
16-06-2025,Tata Motors,TATAMOTORS,500570,Automobile,454.5,454.55,449.12,452.56,452.56,3782675,-0.004268,443.95,473.69,0.269413,1417904.409,FALSE
17-06-2025,Tata Motors,TATAMOTORS,500570,Automobile,452.56,453.5,440.09,443.52,443.52,6563674,-0.019975,444.29,470.67,0.266801,1417904.409,FALSE
18-06-2025,Tata Motors,TATAMOTORS,500570,Automobile,443.52,447.67,442.6,445.33,445.33,5093268,0.004081,444.77,467.74,0.268107,1417904.409,FALSE
19-06-2025,Tata Motors,TATAMOTORS,500570,Automobile,445.33,448.25,441.14,447.51,447.51,4291187,0.004895,446.2,465.02,0.269811,1417904.409,FALSE
20-06-2025,Tata Motors,TATAMOTORS,500570,Automobile,447.51,460.66,446.97,459.9,459.9,1896368,0.027687,449.07,462.74,0.28622,1417904.409,FALSE
23-06-2025,Tata Motors,TATAMOTORS,500570,Automobile,459.9,471.73,455.78,467.81,467.81,3247599,0.017199,453.02,461.3,0.279399,1417904.409,FALSE
24-06-2025,Tata Motors,TATAMOTORS,500570,Automobile,467.81,476.05,467.34,471.39,471.39,2518010,0.007653,455.43,460.47,0.270024,1417904.409,FALSE
25-06-2025,Tata Motors,TATAMOTORS,500570,Automobile,471.39,488.12,470.14,485.42,485.42,2352458,0.029763,460.13,460.53,0.274573,1417904.409,FALSE
26-06-2025,Tata Motors,TATAMOTORS,500570,Automobile,485.42,489.49,470.11,474.12,474.12,7873143,-0.023279,464.5,460.53,0.277167,1417904.409,FALSE
27-06-2025,Tata Motors,TATAMOTORS,500570,Automobile,474.12,478.81,467.45,468.29,468.29,1722984,-0.012296,467.78,460.21,0.278274,1417904.409,FALSE
30-06-2025,Tata Motors,TATAMOTORS,500570,Automobile,468.29,468.95,457.94,459.85,459.85,6589680,-0.018023,469.54,459.88,0.278496,1417904.409,FALSE
01-07-2025,Tata Motors,TATAMOTORS,500570,Automobile,459.85,461.91,454.44,456.49,456.49,7063012,-0.007307,469.05,459.55,0.27855,1417904.409,FALSE
02-07-2025,Tata Motors,TATAMOTORS,500570,Automobile,456.49,458.28,443.06,444.15,444.15,1217370,-0.027032,465.67,458.39,0.27657,1417904.409,FALSE
03-07-2025,Tata Motors,TATAMOTORS,500570,Automobile,444.15,450.37,441,450.01,450.01,5125318,0.013194,462.62,457.54,0.279853,1417904.409,FALSE
04-07-2025,Tata Motors,TATAMOTORS,500570,Automobile,450.01,453.41,444.42,448.24,448.24,5041833,-0.003933,457.31,456.39,0.275251,1417904.409,FALSE
07-07-2025,Tata Motors,TATAMOTORS,500570,Automobile,448.24,450.18,431.47,435.28,435.28,3510709,-0.028913,451.76,455.1,0.282288,1417904.409,FALSE
08-07-2025,Tata Motors,TATAMOTORS,500570,Automobile,435.28,437.32,425.21,426.65,426.65,5667000,-0.019826,445.81,453.58,0.286628,1417904.409,FALSE
09-07-2025,Tata Motors,TATAMOTORS,500570,Automobile,426.65,430.19,424.39,429.54,429.54,3860685,0.006774,441.48,452.44,0.284284,1417904.409,FALSE
10-07-2025,Tata Motors,TATAMOTORS,500570,Automobile,429.54,437.75,428.48,436.96,436.96,4077841,0.017274,438.69,451.65,0.289623,1417904.409,FALSE
11-07-2025,Tata Motors,TATAMOTORS,500570,Automobile,436.96,458.75,435.89,454.63,454.63,4020633,0.040438,440.19,451.18,0.309791,1417904.409,FALSE
14-07-2025,Tata Motors,TATAMOTORS,500570,Automobile,454.63,481.56,453.89,481.35,481.35,6604720,0.058773,444.66,452.14,0.338747,1417904.409,FALSE
15-07-2025,Tata Motors,TATAMOTORS,500570,Automobile,481.35,486.71,476.82,485.58,485.58,5432044,0.008788,450,453.1,0.338677,1417904.409,FALSE
16-07-2025,Tata Motors,TATAMOTORS,500570,Automobile,485.58,487,471.98,476.21,476.21,3653328,-0.019297,455.85,453.66,0.344216,1417904.409,FALSE
17-07-2025,Tata Motors,TATAMOTORS,500570,Automobile,476.21,478.55,452.6,456.14,456.14,7487385,-0.042145,460.06,453.73,0.365083,1417904.409,FALSE
18-07-2025,Tata Motors,TATAMOTORS,500570,Automobile,456.14,461.5,453.78,458.81,458.81,6614412,0.005853,464.24,454.32,0.354942,1417904.409,FALSE
21-07-2025,Tata Motors,TATAMOTORS,500570,Automobile,458.81,461.08,449.37,451.58,451.58,7529457,-0.015758,466.33,454.64,0.358462,1417904.409,FALSE
22-07-2025,Tata Motors,TATAMOTORS,500570,Automobile,451.58,451.96,445.68,448.06,448.06,6113506,-0.007795,465.39,454.99,0.357909,1417904.409,FALSE
23-07-2025,Tata Motors,TATAMOTORS,500570,Automobile,448.06,449.15,440.42,442.8,442.8,3740443,-0.011739,459.88,455.1,0.359567,1417904.409,FALSE
24-07-2025,Tata Motors,TATAMOTORS,500570,Automobile,442.8,446.53,439.85,441.77,441.77,6410591,-0.002326,453.62,455.15,0.359655,1417904.409,FALSE
25-07-2025,Tata Motors,TATAMOTORS,500570,Automobile,441.77,454.29,441.19,451.41,451.41,3304837,0.021821,450.08,455.05,0.352601,1417904.409,FALSE
28-07-2025,Tata Motors,TATAMOTORS,500570,Automobile,451.41,455.99,450.84,453.05,453.05,2896501,0.003633,449.64,455.06,0.352512,1417904.409,FALSE
29-07-2025,Tata Motors,TATAMOTORS,500570,Automobile,453.05,456.09,447.54,451.84,451.84,4157325,-0.002671,448.64,455.34,0.347406,1417904.409,FALSE
30-07-2025,Tata Motors,TATAMOTORS,500570,Automobile,451.84,455.29,440.58,442.71,442.71,7785126,-0.020206,447.38,455.25,0.352536,1417904.409,FALSE
31-07-2025,Tata Motors,TATAMOTORS,500570,Automobile,442.71,442.97,424.02,428.1,428.1,4975539,-0.033001,444.53,454.6,0.364893,1417904.409,FALSE
01-08-2025,Tata Motors,TATAMOTORS,500570,Automobile,428.1,429.67,423.46,424.15,424.15,3685851,-0.009227,441.86,453.41,0.35503,1417904.409,FALSE
04-08-2025,Tata Motors,TATAMOTORS,500570,Automobile,424.15,426.44,421.56,423.91,423.91,4232725,-0.000566,439.31,451.95,0.350185,1417904.409,FALSE
05-08-2025,Tata Motors,TATAMOTORS,500570,Automobile,423.91,440.6,423.03,439.11,439.11,3038513,0.035857,437.55,450.87,0.366818,1417904.409,FALSE
06-08-2025,Tata Motors,TATAMOTORS,500570,Automobile,439.11,444.19,438,440.47,440.47,5611273,0.003097,435.76,449.38,0.354626,1417904.409,FALSE
07-08-2025,Tata Motors,TATAMOTORS,500570,Automobile,440.47,451.52,440.34,449.35,449.35,3452973,0.02016,435.4,448.55,0.355382,1417904.409,FALSE
08-08-2025,Tata Motors,TATAMOTORS,500570,Automobile,449.35,452.8,444.56,445.09,445.09,4880793,-0.00948,435.74,447.78,0.354735,1417904.409,FALSE
11-08-2025,Tata Motors,TATAMOTORS,500570,Automobile,445.09,448.88,430.78,434.76,434.76,3588727,-0.023209,436.69,446.94,0.35715,1417904.409,FALSE
12-08-2025,Tata Motors,TATAMOTORS,500570,Automobile,434.76,436.96,425.22,426.59,426.59,3245008,-0.018792,437.04,445.94,0.360276,1417904.409,FALSE
13-08-2025,Tata Motors,TATAMOTORS,500570,Automobile,426.59,430.47,418.06,420.61,420.61,7791650,-0.014018,436.57,445.16,0.354347,1417904.409,FALSE
14-08-2025,Tata Motors,TATAMOTORS,500570,Automobile,420.61,441.31,418.66,438.73,438.73,3420115,0.04308,436.51,444.78,0.375147,1417904.409,FALSE
15-08-2025,Tata Motors,TATAMOTORS,500570,Automobile,438.73,442.46,430.01,431.74,431.74,1493642,-0.015932,435.27,444.23,0.377682,1417904.409,FALSE
18-08-2025,Tata Motors,TATAMOTORS,500570,Automobile,431.74,440.69,429.45,439.2,439.2,3650149,0.017279,433.82,444.36,0.371674,1417904.409,FALSE
19-08-2025,Tata Motors,TATAMOTORS,500570,Automobile,439.2,441.39,430.68,431.49,431.49,4725008,-0.017555,431.87,444.52,0.370648,1417904.409,FALSE
20-08-2025,Tata Motors,TATAMOTORS,500570,Automobile,431.49,442.08,427.22,439.74,439.74,1662478,0.01912,432.59,444.86,0.374135,1417904.409,FALSE
21-08-2025,Tata Motors,TATAMOTORS,500570,Automobile,439.74,443.81,436.14,443.35,443.35,3139790,0.008209,434.98,445.08,0.371633,1417904.409,FALSE
22-08-2025,Tata Motors,TATAMOTORS,500570,Automobile,443.35,445.11,438.9,442.18,442.18,2162438,-0.002639,438.06,444.66,0.352113,1417904.409,FALSE
25-08-2025,Tata Motors,TATAMOTORS,500570,Automobile,442.18,446.24,439.97,442.04,442.04,4504537,-0.000317,438.53,443.35,0.303724,1417904.409,FALSE
26-08-2025,Tata Motors,TATAMOTORS,500570,Automobile,442.04,444.83,435.81,436.47,436.47,6061796,-0.012601,439.21,441.72,0.303045,1417904.409,FALSE
27-08-2025,Tata Motors,TATAMOTORS,500570,Automobile,436.47,441.37,432.45,440.58,440.58,7779361,0.009416,439.41,440.53,0.301355,1417904.409,FALSE
28-08-2025,Tata Motors,TATAMOTORS,500570,Automobile,440.58,442.08,435.3,436.8,436.8,3723676,-0.00858,440.17,439.88,0.277673,1417904.409,FALSE
29-08-2025,Tata Motors,TATAMOTORS,500570,Automobile,436.8,437.63,426.09,426.31,426.31,7042810,-0.024016,438.25,438.8,0.284403,1417904.409,FALSE
01-09-2025,Tata Motors,TATAMOTORS,500570,Automobile,426.31,426.41,414.2,415.62,415.62,2501772,-0.025076,434.29,437.6,0.289474,1417904.409,FALSE
02-09-2025,Tata Motors,TATAMOTORS,500570,Automobile,415.62,421.14,412.32,417.27,417.27,6463479,0.00397,430.73,436.57,0.289649,1417904.409,FALSE
03-09-2025,Tata Motors,TATAMOTORS,500570,Automobile,417.27,432.58,414.67,430.65,430.65,4938706,0.032066,429.1,436.17,0.304566,1417904.409,FALSE
04-09-2025,Tata Motors,TATAMOTORS,500570,Automobile,430.65,433.58,427.42,432.25,432.25,6307213,0.003715,428.5,435.85,0.304798,1417904.409,FALSE
05-09-2025,Tata Motors,TATAMOTORS,500570,Automobile,432.25,434.83,428.01,431.44,431.44,6288776,-0.001874,427.19,435.19,0.297332,1417904.409,FALSE
08-09-2025,Tata Motors,TATAMOTORS,500570,Automobile,431.44,434.15,430.52,434.12,434.12,4727026,0.006212,426.81,434.56,0.2978,1417904.409,FALSE
09-09-2025,Tata Motors,TATAMOTORS,500570,Automobile,434.12,446.91,430.11,445.68,445.68,2801956,0.026629,429.58,434.35,0.308503,1417904.409,FALSE
10-09-2025,Tata Motors,TATAMOTORS,500570,Automobile,445.68,451,443.72,447.85,447.85,4683289,0.004869,434.18,434.52,0.302936,1417904.409,FALSE
11-09-2025,Tata Motors,TATAMOTORS,500570,Automobile,447.85,450.69,441.56,444.4,444.4,6787529,-0.007703,438.06,435.06,0.287038,1417904.409,FALSE
12-09-2025,Tata Motors,TATAMOTORS,500570,Automobile,444.4,458.91,444.39,454.45,454.45,7794613,0.022615,441.46,436.08,0.29159,1417904.409,FALSE
15-09-2025,Tata Motors,TATAMOTORS,500570,Automobile,454.45,461.42,449.94,458.58,458.58,7492534,0.009088,445.22,437.23,0.29206,1417904.409,FALSE
16-09-2025,Tata Motors,TATAMOTORS,500570,Automobile,458.58,475.15,457.29,472.89,472.89,2270269,0.031205,451.14,438.36,0.287763,1417904.409,FALSE
17-09-2025,Tata Motors,TATAMOTORS,500570,Automobile,472.89,478.48,472.6,474.86,474.86,5181761,0.004166,456.96,439.5,0.287794,1417904.409,FALSE
18-09-2025,Tata Motors,TATAMOTORS,500570,Automobile,474.86,479.15,461.34,463.47,463.47,1732164,-0.023986,459.5,439.97,0.292874,1417904.409,FALSE
19-09-2025,Tata Motors,TATAMOTORS,500570,Automobile,463.47,466.81,450.44,451.02,451.02,5682633,-0.026863,459.95,440.17,0.302553,1417904.409,FALSE
22-09-2025,Tata Motors,TATAMOTORS,500570,Automobile,451.02,470.63,450.33,466.14,466.14,7946350,0.033524,463.06,441.22,0.308357,1417904.409,FALSE
23-09-2025,Tata Motors,TATAMOTORS,500570,Automobile,466.14,486.21,463.19,482.44,482.44,1368031,0.034968,467.06,443.08,0.315375,1417904.409,FALSE
24-09-2025,Tata Motors,TATAMOTORS,500570,Automobile,482.44,486.62,479.06,480.95,480.95,5596008,-0.003088,470.25,445.09,0.311424,1417904.409,FALSE
25-09-2025,Tata Motors,TATAMOTORS,500570,Automobile,480.95,481.5,473.1,477.5,477.5,7618639,-0.007173,470.91,446.38,0.290941,1417904.409,FALSE
26-09-2025,Tata Motors,TATAMOTORS,500570,Automobile,477.5,495.3,475.98,491.7,491.7,6930290,0.029738,473.32,448.38,0.295211,1417904.409,FALSE
29-09-2025,Tata Motors,TATAMOTORS,500570,Automobile,491.7,493.86,477.56,481.06,481.06,3747393,-0.021639,475.83,449.78,0.302053,1417904.409,FALSE
30-09-2025,Tata Motors,TATAMOTORS,500570,Automobile,481.06,483.72,470.51,472.69,472.69,1727453,-0.017399,478.93,451.15,0.30196,1417904.409,FALSE
01-10-2025,Tata Motors,TATAMOTORS,500570,Automobile,472.69,482.14,469.57,479.01,479.01,7467302,0.01337,480.76,452.46,0.299781,1417904.409,FALSE
02-10-2025,Tata Motors,TATAMOTORS,500570,Automobile,479.01,483.65,472.62,475.47,475.47,7449257,-0.00739,479.77,453.53,0.300845,1417904.409,FALSE
03-10-2025,Tata Motors,TATAMOTORS,500570,Automobile,475.47,480.34,473.22,475.66,475.66,5052842,0.0004,479.01,454.65,0.300522,1417904.409,FALSE
06-10-2025,Tata Motors,TATAMOTORS,500570,Automobile,475.66,477.03,469.83,474.34,474.34,7852262,-0.002775,478.56,455.72,0.300814,1417904.409,FALSE
07-10-2025,Tata Motors,TATAMOTORS,500570,Automobile,474.34,481.28,472.71,477.78,477.78,1032331,0.007252,476.57,457.1,0.297625,1417904.409,FALSE
08-10-2025,Tata Motors,TATAMOTORS,500570,Automobile,477.78,495.15,476.93,491.47,491.47,5316274,0.028653,478.06,458.8,0.306221,1417904.409,FALSE
09-10-2025,Tata Motors,TATAMOTORS,500570,Automobile,491.47,494.31,488.13,492.6,492.6,1269793,0.002299,480.9,460.66,0.304006,1417904.409,FALSE
10-10-2025,Tata Motors,TATAMOTORS,500570,Automobile,492.6,499.81,488.43,499.19,499.19,7549859,0.013378,483.79,463.08,0.292973,1417904.409,FALSE
13-10-2025,Tata Motors,TATAMOTORS,500570,Automobile,499.19,499.4,478.78,478.97,478.97,5762931,-0.040506,484.29,465.2,0.309865,1417904.409,FALSE
14-10-2025,Tata Motors,TATAMOTORS,500570,Automobile,478.97,482.7,476.59,478.75,478.75,7394000,-0.000459,484.73,467.25,0.310249,1417904.409,FALSE
15-10-2025,Tata Motors,TATAMOTORS,500570,Automobile,478.75,481.09,466.71,470.91,470.91,4938676,-0.016376,484.24,468.59,0.304945,1417904.409,FALSE
16-10-2025,Tata Motors,TATAMOTORS,500570,Automobile,470.91,475.55,456.22,459.67,459.67,1582841,-0.023869,481.65,469.5,0.314829,1417904.409,FALSE
17-10-2025,Tata Motors,TATAMOTORS,500570,Automobile,459.67,461.81,447.34,451.83,451.83,1185727,-0.017056,475.99,470.18,0.319593,1417904.409,FALSE
20-10-2025,Tata Motors,TATAMOTORS,500570,Automobile,451.83,456.24,446.65,449.03,449.03,3349014,-0.006197,469.76,470.68,0.320106,1417904.409,FALSE
21-10-2025,Tata Motors,TATAMOTORS,500570,Automobile,449.03,459.36,446.07,457.48,457.48,6204219,0.018818,463.81,471.07,0.315507,1417904.409,FALSE
22-10-2025,Tata Motors,TATAMOTORS,500570,Automobile,457.48,461.11,444.23,445.57,445.57,2057226,-0.026034,459.03,471,0.324842,1417904.409,FALSE
23-10-2025,Tata Motors,TATAMOTORS,500570,Automobile,445.57,446.45,441.35,446.07,446.07,6965017,0.001122,454.37,471.05,0.324022,1417904.409,FALSE
24-10-2025,Tata Motors,TATAMOTORS,500570,Automobile,446.07,448.55,440.35,441.97,441.97,2676384,-0.009191,450.23,470.64,0.318068,1417904.409,FALSE
27-10-2025,Tata Motors,TATAMOTORS,500570,Automobile,441.97,445.52,436.05,439.3,439.3,4474922,-0.006041,447.32,469.99,0.317029,1417904.409,FALSE
28-10-2025,Tata Motors,TATAMOTORS,500570,Automobile,439.3,452.47,437.53,448.33,448.33,2421567,0.020555,446.82,469.17,0.308958,1417904.409,FALSE
29-10-2025,Tata Motors,TATAMOTORS,500570,Automobile,448.33,457.11,445.81,453.38,453.38,4260302,0.011264,447.44,468.46,0.310788,1417904.409,FALSE
30-10-2025,Tata Motors,TATAMOTORS,500570,Automobile,453.38,465.9,450.11,465.73,465.73,4165218,0.02724,448.62,468.53,0.313823,1417904.409,FALSE
31-10-2025,Tata Motors,TATAMOTORS,500570,Automobile,465.73,467.47,462.16,464.52,464.52,1038311,-0.002598,451.33,468.98,0.30324,1417904.409,FALSE
03-11-2025,Tata Motors,TATAMOTORS,500570,Automobile,464.52,464.75,454.13,458.29,458.29,4974680,-0.013412,453.07,468.72,0.28993,1417904.409,FALSE
04-11-2025,Tata Motors,TATAMOTORS,500570,Automobile,458.29,458.79,454.55,456.47,456.47,6506547,-0.003971,455.15,467.86,0.269922,1417904.409,FALSE
05-11-2025,Tata Motors,TATAMOTORS,500570,Automobile,456.47,462.01,453.51,458.91,458.91,7553932,0.005345,457.95,467.12,0.270652,1417904.409,FALSE
06-11-2025,Tata Motors,TATAMOTORS,500570,Automobile,458.91,464.05,457.34,460.76,460.76,3315012,0.004031,459.72,466.56,0.270531,1417904.409,FALSE
07-11-2025,Tata Motors,TATAMOTORS,500570,Automobile,460.76,464.33,449.16,451,451,7164103,-0.021182,459.38,465.21,0.260236,1417904.409,FALSE
10-11-2025,Tata Motors,TATAMOTORS,500570,Automobile,451,455.95,449.01,452.04,452.04,7151345,0.002306,457.43,464.24,0.254315,1417904.409,FALSE
11-11-2025,Tata Motors,TATAMOTORS,500570,Automobile,452.04,457.69,451.47,454.33,454.33,7918679,0.005066,455.97,463.63,0.250765,1417904.409,FALSE
12-11-2025,Tata Motors,TATAMOTORS,500570,Automobile,454.33,481.26,453.91,477.43,477.43,3611424,0.050844,458.71,463.58,0.290116,1417904.409,FALSE
13-11-2025,Tata Motors,TATAMOTORS,500570,Automobile,477.43,495.83,474.24,495.59,495.59,6956240,0.038037,464.29,464.25,0.309237,1417904.409,FALSE
14-11-2025,Tata Motors,TATAMOTORS,500570,Automobile,495.59,496.75,484.19,487.38,487.38,4955545,-0.016566,468.36,464.64,0.31367,1417904.409,FALSE
17-11-2025,Tata Motors,TATAMOTORS,500570,Automobile,487.38,490.41,481.61,484.82,484.82,1407894,-0.005253,471.8,464.99,0.314011,1417904.409,FALSE
18-11-2025,Tata Motors,TATAMOTORS,500570,Automobile,484.82,488.99,470.78,470.88,470.88,2892392,-0.028753,474.64,464.76,0.324851,1417904.409,FALSE
19-11-2025,Tata Motors,TATAMOTORS,500570,Automobile,470.88,470.9,464.03,465.55,465.55,5704359,-0.011319,476.57,463.89,0.3144,1417904.409,FALSE
20-11-2025,Tata Motors,TATAMOTORS,500570,Automobile,465.55,471.13,464.63,468.72,468.72,2124118,0.006809,478.62,463.1,0.315159,1417904.409,FALSE
21-11-2025,Tata Motors,TATAMOTORS,500570,Automobile,468.72,483.51,465.07,480.26,480.26,4043123,0.02462,479.03,462.46,0.321382,1417904.409,FALSE
24-11-2025,Tata Motors,TATAMOTORS,500570,Automobile,480.26,480.4,469.42,473.5,473.5,6424355,-0.014076,475.87,462.28,0.301744,1417904.409,FALSE
25-11-2025,Tata Motors,TATAMOTORS,500570,Automobile,473.5,475.4,466.38,467.54,467.54,2048316,-0.012587,473.04,461.91,0.303871,1417904.409,FALSE
26-11-2025,Tata Motors,TATAMOTORS,500570,Automobile,467.54,471.73,444.7,447.69,447.69,4476133,-0.042456,467.73,461.13,0.324338,1417904.409,FALSE
27-11-2025,Tata Motors,TATAMOTORS,500570,Automobile,447.69,450.7,445.88,446.46,446.46,2504010,-0.002747,464.25,460.69,0.317373,1417904.409,FALSE
28-11-2025,Tata Motors,TATAMOTORS,500570,Automobile,446.46,447.52,435.99,437.2,437.2,4755415,-0.020741,460.2,460.21,0.319189,1417904.409,FALSE
01-12-2025,Tata Motors,TATAMOTORS,500570,Automobile,437.2,440.93,432.19,432.79,432.79,2684980,-0.010087,455.06,459.67,0.319948,1417904.409,FALSE
02-12-2025,Tata Motors,TATAMOTORS,500570,Automobile,432.79,434.29,424.21,425.41,425.41,7757911,-0.017052,447.23,458.6,0.317491,1417904.409,FALSE
03-12-2025,Tata Motors,TATAMOTORS,500570,Automobile,425.41,429.04,421.96,424.82,424.82,1536908,-0.001387,440.27,457.9,0.309364,1417904.409,FALSE
04-12-2025,Tata Motors,TATAMOTORS,500570,Automobile,424.82,426.09,406.37,410.1,410.1,7745059,-0.03465,432.07,456.71,0.323857,1417904.409,FALSE
05-12-2025,Tata Motors,TATAMOTORS,500570,Automobile,410.1,412.52,397.47,398.27,398.27,6543124,-0.028847,425.01,455.25,0.332236,1417904.409,FALSE
08-12-2025,Tata Motors,TATAMOTORS,500570,Automobile,398.27,417.08,396.12,415.43,415.43,6989494,0.043086,420.57,454.45,0.358153,1417904.409,FALSE
09-12-2025,Tata Motors,TATAMOTORS,500570,Automobile,415.43,416.58,402.1,404.94,404.94,6960563,-0.025251,415.97,453.01,0.358118,1417904.409,FALSE
10-12-2025,Tata Motors,TATAMOTORS,500570,Automobile,404.94,408.53,392.49,396.26,396.26,2313265,-0.021435,410.75,451.1,0.359226,1417904.409,FALSE
11-12-2025,Tata Motors,TATAMOTORS,500570,Automobile,396.26,411.79,393.85,411.02,411.02,7517642,0.037248,408.69,449.28,0.367911,1417904.409,FALSE
12-12-2025,Tata Motors,TATAMOTORS,500570,Automobile,411.02,435.48,409.97,435.11,435.11,5159908,0.05861,410.16,448.3,0.410137,1417904.409,FALSE
15-12-2025,Tata Motors,TATAMOTORS,500570,Automobile,435.11,436.59,422.47,425.13,425.13,7735101,-0.022937,412.31,447.19,0.413385,1417904.409,FALSE
16-12-2025,Tata Motors,TATAMOTORS,500570,Automobile,425.13,428.18,420.86,422.21,422.21,7147031,-0.006868,415.73,446.05,0.41358,1417904.409,FALSE
17-12-2025,Tata Motors,TATAMOTORS,500570,Automobile,422.21,428.74,418.09,425.31,425.31,5057270,0.007342,417.14,444.93,0.41394,1417904.409,FALSE
18-12-2025,Tata Motors,TATAMOTORS,500570,Automobile,425.31,444.62,423.61,440.22,440.22,3621247,0.035057,422.18,444.25,0.427546,1417904.409,FALSE
19-12-2025,Tata Motors,TATAMOTORS,500570,Automobile,440.22,441.53,428.8,431.75,431.75,1821010,-0.01924,427.25,443.61,0.426792,1417904.409,FALSE
22-12-2025,Tata Motors,TATAMOTORS,500570,Automobile,431.75,433.52,429.75,429.85,429.85,1707743,-0.004401,429.94,442.87,0.426769,1417904.409,FALSE
23-12-2025,Tata Motors,TATAMOTORS,500570,Automobile,429.85,437.35,428.13,436.75,436.75,3727967,0.016052,430.17,442.28,0.42938,1417904.409,FALSE
24-12-2025,Tata Motors,TATAMOTORS,500570,Automobile,436.75,443.3,432.93,440.77,440.77,6676740,0.009204,432.41,441.06,0.401794,1417904.409,FALSE
25-12-2025,Tata Motors,TATAMOTORS,500570,Automobile,440.77,445.16,435,437.67,437.67,4537406,-0.007033,434.62,439.13,0.383229,1417904.409,FALSE
26-12-2025,Tata Motors,TATAMOTORS,500570,Automobile,437.67,440.74,434.78,436.72,436.72,4372344,-0.002171,436.25,437.44,0.381347,1417904.409,FALSE
29-12-2025,Tata Motors,TATAMOTORS,500570,Automobile,436.72,439.32,420.95,424.93,424.93,2711176,-0.026997,434.06,435.44,0.387436,1417904.409,FALSE
30-12-2025,Tata Motors,TATAMOTORS,500570,Automobile,424.93,426.59,419.5,423.12,423.12,4950748,-0.00426,432.83,433.85,0.380331,1417904.409,FALSE
31-12-2025,Tata Motors,TATAMOTORS,500570,Automobile,423.12,426.99,419.72,421.07,421.07,5466527,-0.004845,431.58,432.37,0.379605,1417904.409,FALSE
01-01-2026,Tata Motors,TATAMOTORS,500570,Automobile,421.07,425.34,418.78,423.24,423.24,7875010,0.005154,429.65,430.85,0.379261,1417904.409,FALSE
02-01-2026,Tata Motors,TATAMOTORS,500570,Automobile,423.24,423.81,416.7,418.75,418.75,6105918,-0.010609,426.5,428.8,0.37051,1417904.409,FALSE
05-01-2026,Tata Motors,TATAMOTORS,500570,Automobile,418.75,424.45,416.1,422.91,422.91,5250480,0.009934,424.39,427.11,0.371537,1417904.409,FALSE
06-01-2026,Tata Motors,TATAMOTORS,500570,Automobile,422.91,431.98,421.5,431.69,431.69,7370537,0.020761,423.67,425.92,0.376979,1417904.409,FALSE
07-01-2026,Tata Motors,TATAMOTORS,500570,Automobile,431.69,434.12,430.63,433.24,433.24,3974855,0.003591,424.86,425.44,0.357571,1417904.409,FALSE
08-01-2026,Tata Motors,TATAMOTORS,500570,Automobile,433.24,436.58,429.29,436.51,436.51,7544642,0.007548,426.77,425.11,0.358341,1417904.409,FALSE
09-01-2026,Tata Motors,TATAMOTORS,500570,Automobile,436.51,439.17,432.48,437.19,437.19,3589890,0.001558,429.08,425.11,0.353191,1417904.409,FALSE
12-01-2026,Tata Motors,TATAMOTORS,500570,Automobile,437.19,440.19,433.5,437.41,437.41,1894454,0.000503,431.1,425.26,0.351832,1417904.409,FALSE
13-01-2026,Tata Motors,TATAMOTORS,500570,Automobile,437.41,438.91,427.1,431.32,431.32,3923335,-0.013923,432.9,425.46,0.350583,1417904.409,FALSE
14-01-2026,Tata Motors,TATAMOTORS,500570,Automobile,431.32,436.09,428.1,434.26,434.26,1901364,0.006816,434.52,425.77,0.350966,1417904.409,FALSE
15-01-2026,Tata Motors,TATAMOTORS,500570,Automobile,434.26,438.43,430.32,433.63,433.63,1828793,-0.001451,434.79,426.56,0.334493,1417904.409,FALSE
16-01-2026,Tata Motors,TATAMOTORS,500570,Automobile,433.63,455.4,430.33,452,452,7168460,0.042363,437.47,428.35,0.340903,1417904.409,FALSE
19-01-2026,Tata Motors,TATAMOTORS,500570,Automobile,452,468.98,449.83,466.45,466.45,6563253,0.031969,441.75,430.05,0.331342,1417904.409,FALSE
20-01-2026,Tata Motors,TATAMOTORS,500570,Automobile,466.45,471.62,464.32,470.29,470.29,2548482,0.008232,446.48,432.23,0.319592,1417904.409,FALSE
21-01-2026,Tata Motors,TATAMOTORS,500570,Automobile,470.29,474.5,462.23,463.34,463.34,6864018,-0.014778,450.18,434.46,0.315326,1417904.409,FALSE
22-01-2026,Tata Motors,TATAMOTORS,500570,Automobile,463.34,464.43,450.34,453.27,453.27,1482315,-0.021734,453.32,435.87,0.309873,1417904.409,FALSE
23-01-2026,Tata Motors,TATAMOTORS,500570,Automobile,453.27,465.8,451.96,464.29,464.29,2990779,0.024312,457.61,436.84,0.270226,1417904.409,FALSE
26-01-2026,Tata Motors,TATAMOTORS,500570,Automobile,464.29,471.21,463.1,466.96,466.96,5942712,0.005751,462.37,438.24,0.25952,1417904.409,FALSE
27-01-2026,Tata Motors,TATAMOTORS,500570,Automobile,466.96,474.18,464.23,471.68,471.68,3126576,0.010108,465.18,439.89,0.258424,1417904.409,FALSE
28-01-2026,Tata Motors,TATAMOTORS,500570,Automobile,471.68,475.18,453.59,455.46,455.46,6113525,-0.034388,463.61,440.89,0.280823,1417904.409,FALSE
29-01-2026,Tata Motors,TATAMOTORS,500570,Automobile,455.46,466.88,454.46,464.14,464.14,7120339,0.019058,462.73,441.69,0.268219,1417904.409,FALSE
30-01-2026,Tata Motors,TATAMOTORS,500570,Automobile,464.14,471.65,460.35,468.59,468.59,1462431,0.009588,463.48,442.92,0.261399,1417904.409,FALSE
02-02-2026,Tata Motors,TATAMOTORS,500570,Automobile,468.59,469.99,454.47,458.41,458.41,1167792,-0.021725,464.22,443.87,0.270255,1417904.409,FALSE
03-02-2026,Tata Motors,TATAMOTORS,500570,Automobile,458.41,459.52,453.56,454.32,454.32,7580014,-0.008922,462.79,444.45,0.26889,1417904.409,FALSE
04-02-2026,Tata Motors,TATAMOTORS,500570,Automobile,454.32,458.42,454.29,456.94,456.94,4643202,0.005767,461.36,444.99,0.268213,1417904.409,FALSE
05-02-2026,Tata Motors,TATAMOTORS,500570,Automobile,456.94,458.36,455.41,457.65,457.65,4545320,0.001554,459.36,445.66,0.267036,1417904.409,FALSE
06-02-2026,Tata Motors,TATAMOTORS,500570,Automobile,457.65,461.65,451.58,455.21,455.21,4245730,-0.005332,459.32,446.28,0.267583,1417904.409,FALSE
09-02-2026,Tata Motors,TATAMOTORS,500570,Automobile,455.21,456.5,450.68,454.49,454.49,4035288,-0.001582,457.94,447.26,0.253832,1417904.409,FALSE
10-02-2026,Tata Motors,TATAMOTORS,500570,Automobile,454.49,457.04,451.8,452.43,452.43,5830887,-0.004533,455.64,448.24,0.253895,1417904.409,FALSE
11-02-2026,Tata Motors,TATAMOTORS,500570,Automobile,452.43,457.63,448.92,454.03,454.03,5058218,0.003536,455.01,449.34,0.252989,1417904.409,FALSE
12-02-2026,Tata Motors,TATAMOTORS,500570,Automobile,454.03,471.29,453.51,467.62,467.62,2143741,0.029932,456.91,450.82,0.265036,1417904.409,FALSE
13-02-2026,Tata Motors,TATAMOTORS,500570,Automobile,467.62,469.67,442.12,443.85,443.85,5386470,-0.050832,455.04,451.65,0.306059,1417904.409,FALSE
16-02-2026,Tata Motors,TATAMOTORS,500570,Automobile,443.85,445.97,437.56,441.97,441.97,5678315,-0.004236,452.8,452.29,0.305671,1417904.409,FALSE
17-02-2026,Tata Motors,TATAMOTORS,500570,Automobile,441.97,448.17,441.12,443.75,443.75,1795206,0.004027,451.16,452.69,0.300382,1417904.409,FALSE
18-02-2026,Tata Motors,TATAMOTORS,500570,Automobile,443.75,449.62,443.07,446.6,446.6,3637138,0.006423,450.04,453.14,0.300698,1417904.409,FALSE
19-02-2026,Tata Motors,TATAMOTORS,500570,Automobile,446.6,450.24,441.63,443.5,443.5,6533552,-0.006941,448.76,453.37,0.300967,1417904.409,FALSE
20-02-2026,Tata Motors,TATAMOTORS,500570,Automobile,443.5,447.51,425.49,428.14,428.14,5331003,-0.034634,445.06,453.07,0.317879,1417904.409,FALSE
23-02-2026,Tata Motors,TATAMOTORS,500570,Automobile,428.14,434.56,424.15,431.17,431.17,1954588,0.007077,439.85,452.86,0.318629,1417904.409,FALSE
24-02-2026,Tata Motors,TATAMOTORS,500570,Automobile,431.17,447.1,426.94,446.28,446.28,1280665,0.035044,440.2,453.36,0.33175,1417904.409,FALSE
25-02-2026,Tata Motors,TATAMOTORS,500570,Automobile,446.28,448.79,432.51,432.81,432.81,5068477,-0.030183,438.89,453.31,0.343572,1417904.409,FALSE
26-02-2026,Tata Motors,TATAMOTORS,500570,Automobile,432.81,440.95,432.21,440.5,440.5,4232090,0.017768,438.43,453.54,0.347306,1417904.409,FALSE
27-02-2026,Tata Motors,TATAMOTORS,500570,Automobile,440.5,443.38,434.37,437.83,437.83,7727360,-0.006061,437.18,453.07,0.324505,1417904.409,FALSE
02-03-2026,Tata Motors,TATAMOTORS,500570,Automobile,437.83,442.01,436.33,437.51,437.51,4655756,-0.000731,436.32,452.1,0.30924,1417904.409,FALSE
03-03-2026,Tata Motors,TATAMOTORS,500570,Automobile,437.51,439.75,424.73,428.52,428.52,7520421,-0.020548,436.37,450.71,0.312243,1417904.409,FALSE
04-03-2026,Tata Motors,TATAMOTORS,500570,Automobile,428.52,430.37,423.04,425.86,425.86,2500284,-0.006207,435.62,449.46,0.310394,1417904.409,FALSE
05-03-2026,Tata Motors,TATAMOTORS,500570,Automobile,425.86,437.31,425.39,437.15,437.15,4131363,0.026511,434.31,448.92,0.316024,1417904.409,FALSE
06-03-2026,Tata Motors,TATAMOTORS,500570,Automobile,437.15,446.71,433.51,442.46,442.46,1977365,0.012147,435.69,448.19,0.309451,1417904.409,FALSE
09-03-2026,Tata Motors,TATAMOTORS,500570,Automobile,442.46,458.49,441.68,458.01,458.01,5019604,0.035144,438.19,447.9,0.326618,1417904.409,FALSE
10-03-2026,Tata Motors,TATAMOTORS,500570,Automobile,458.01,469.22,456.07,469.03,469.03,2319320,0.024061,442.65,447.81,0.332975,1417904.409,FALSE
11-03-2026,Tata Motors,TATAMOTORS,500570,Automobile,469.03,474.55,466.44,473.38,473.38,4445841,0.009274,447.77,448.4,0.317446,1417904.409,FALSE
12-03-2026,Tata Motors,TATAMOTORS,500570,Automobile,473.38,490.45,471.01,490.13,490.13,3408987,0.035384,456.57,449.27,0.32863,1417904.409,FALSE
13-03-2026,Tata Motors,TATAMOTORS,500570,Automobile,490.13,496.93,486.77,494.68,494.68,2300107,0.009283,466.41,450.14,0.328571,1417904.409,FALSE
16-03-2026,Tata Motors,TATAMOTORS,500570,Automobile,494.68,505.71,491.45,503.12,503.12,1677671,0.017062,475.83,451.63,0.323408,1417904.409,FALSE
17-03-2026,Tata Motors,TATAMOTORS,500570,Automobile,503.12,504.69,495.42,500.38,500.38,4584363,-0.005446,484.1,453.17,0.322421,1417904.409,FALSE
18-03-2026,Tata Motors,TATAMOTORS,500570,Automobile,500.38,501.56,495.38,501.3,501.3,7631238,0.001839,490.29,454.65,0.322374,1417904.409,FALSE
19-03-2026,Tata Motors,TATAMOTORS,500570,Automobile,501.3,501.86,492,494.56,494.56,2391237,-0.013445,493.94,455.88,0.325988,1417904.409,FALSE
20-03-2026,Tata Motors,TATAMOTORS,500570,Automobile,494.56,506.53,494.09,504.59,504.59,3834958,0.020281,498.39,457.52,0.32888,1417904.409,FALSE
23-03-2026,Tata Motors,TATAMOTORS,500570,Automobile,504.59,504.9,489.37,492.96,492.96,2572246,-0.023048,498.8,458.8,0.337614,1417904.409,FALSE
24-03-2026,Tata Motors,TATAMOTORS,500570,Automobile,492.96,504.41,488.14,500.92,500.92,6662787,0.016147,499.69,460.42,0.338958,1417904.409,FALSE
25-03-2026,Tata Motors,TATAMOTORS,500570,Automobile,500.92,501.95,497.67,499.26,499.26,3904317,-0.003314,499.14,461.93,0.339554,1417904.409,FALSE
26-03-2026,Tata Motors,TATAMOTORS,500570,Automobile,499.26,512.74,496.95,511.2,511.2,7820919,0.023915,500.68,463.38,0.335896,1417904.409,FALSE
27-03-2026,Tata Motors,TATAMOTORS,500570,Automobile,511.2,521.18,509.03,519.13,519.13,2716172,0.015513,503.23,465.89,0.295818,1417904.409,FALSE
30-03-2026,Tata Motors,TATAMOTORS,500570,Automobile,519.13,540.54,518.87,538.3,538.3,1565146,0.036927,509.48,469.1,0.30797,1417904.409,FALSE
31-03-2026,Tata Motors,TATAMOTORS,500570,Automobile,538.3,546.44,534.68,546.43,546.43,5077641,0.015103,515.46,472.52,0.308783,1417904.409,FALSE
01-04-2026,Tata Motors,TATAMOTORS,500570,Automobile,546.43,547.04,527.65,529.53,529.53,5561686,-0.030928,520.68,475.29,0.327924,1417904.409,FALSE
02-04-2026,Tata Motors,TATAMOTORS,500570,Automobile,529.53,534.09,524.91,529.08,529.08,7935189,-0.00085,524.7,478.14,0.326323,1417904.409,FALSE
03-04-2026,Tata Motors,TATAMOTORS,500570,Automobile,529.08,529.09,512.64,516.94,516.94,7099863,-0.022945,527.23,481.1,0.315212,1417904.409,FALSE
06-04-2026,Tata Motors,TATAMOTORS,500570,Automobile,516.94,519.57,507.64,511.84,511.84,7189189,-0.009866,527.32,483.79,0.318744,1417904.409,FALSE
07-04-2026,Tata Motors,TATAMOTORS,500570,Automobile,511.84,530.15,509.71,527.57,527.57,5439641,0.030732,528.53,486.5,0.315551,1417904.409,FALSE
08-04-2026,Tata Motors,TATAMOTORS,500570,Automobile,527.57,536.34,525.87,534.56,534.56,3518704,0.013249,527.99,489.89,0.297101,1417904.409,FALSE
09-04-2026,Tata Motors,TATAMOTORS,500570,Automobile,534.56,536.87,523.41,527.36,527.36,4003182,-0.013469,525.27,492.79,0.30124,1417904.409,FALSE
10-04-2026,Tata Motors,TATAMOTORS,500570,Automobile,527.36,531.47,512.78,516.93,516.93,1936213,-0.019778,523.47,495.42,0.30862,1417904.409,FALSE
13-04-2026,Tata Motors,TATAMOTORS,500570,Automobile,516.93,521.88,514.39,517.52,517.52,4017534,0.001141,521.82,498.09,0.308327,1417904.409,FALSE
14-04-2026,Tata Motors,TATAMOTORS,500570,Automobile,517.52,518.87,500.68,505.19,505.19,3551069,-0.023825,520.14,500.65,0.310896,1417904.409,FALSE
15-04-2026,Tata Motors,TATAMOTORS,500570,Automobile,505.19,506.82,497.95,498.66,498.66,1251292,-0.012926,518.26,503.07,0.313726,1417904.409,FALSE
16-04-2026,Tata Motors,TATAMOTORS,500570,Automobile,498.66,503.24,494.28,502.02,502.02,2431274,0.006738,514.61,505.23,0.307368,1417904.409,FALSE
17-04-2026,Tata Motors,TATAMOTORS,500570,Automobile,502.02,516.34,501.54,513.87,513.87,4742205,0.023605,511.65,507.61,0.311513,1417904.409,FALSE
20-04-2026,Tata Motors,TATAMOTORS,500570,Automobile,513.87,523.94,513.09,520.39,520.39,3585400,0.012688,510.65,509.69,0.299306,1417904.409,FALSE
21-04-2026,Tata Motors,TATAMOTORS,500570,Automobile,520.39,521.58,494.15,496.8,496.8,7954800,-0.045331,507.78,510.62,0.326138,1417904.409,FALSE
22-04-2026,Tata Motors,TATAMOTORS,500570,Automobile,496.8,501.73,496.47,500.07,500.07,4349694,0.006582,505.29,511.51,0.325718,1417904.409,FALSE
23-04-2026,Tata Motors,TATAMOTORS,500570,Automobile,500.07,505.71,499.81,501.04,501.04,7710952,0.00194,504.69,511.87,0.310005,1417904.409,FALSE
24-04-2026,Tata Motors,TATAMOTORS,500570,Automobile,501.04,505.69,501.04,505.44,505.44,5624978,0.008782,505.66,512.23,0.309891,1417904.409,FALSE
27-04-2026,Tata Motors,TATAMOTORS,500570,Automobile,505.44,524.44,503.24,522.03,522.03,1282794,0.032823,508.52,512.86,0.320227,1417904.409,FALSE
28-04-2026,Tata Motors,TATAMOTORS,500570,Automobile,522.03,525.75,496.87,500.75,500.75,2424116,-0.040764,506.65,512.87,0.342407,1417904.409,FALSE
29-04-2026,Tata Motors,TATAMOTORS,500570,Automobile,500.75,501.51,494.91,495.08,495.08,5940579,-0.011323,503.03,512.67,0.343998,1417904.409,FALSE
30-04-2026,Tata Motors,TATAMOTORS,500570,Automobile,495.08,501.42,491.85,501.18,501.18,4815822,0.012321,503.66,512.89,0.343474,1417904.409,FALSE
01-05-2026,Tata Motors,TATAMOTORS,500570,Automobile,501.18,501.87,481.58,485.58,485.58,3112354,-0.031127,501.59,512.25,0.350219,1417904.409,FALSE
04-05-2026,Tata Motors,TATAMOTORS,500570,Automobile,485.58,504.75,484.76,500.16,500.16,4654592,0.030026,501.46,512.49,0.35499,1417904.409,FALSE
05-05-2026,Tata Motors,TATAMOTORS,500570,Automobile,500.16,504.14,499.42,504.09,504.09,7320924,0.007857,501.27,512.6,0.352666,1417904.409,FALSE
06-05-2026,Tata Motors,TATAMOTORS,500570,Automobile,504.09,513.84,499.75,512.88,512.88,3720956,0.017437,499.96,513.05,0.355855,1417904.409,FALSE
07-05-2026,Tata Motors,TATAMOTORS,500570,Automobile,512.88,513.04,503.1,507.28,507.28,1315803,-0.010919,500.89,512.92,0.350769,1417904.409,FALSE
08-05-2026,Tata Motors,TATAMOTORS,500570,Automobile,507.28,516.36,504.54,515.79,515.79,3176714,0.016776,503.85,512.81,0.351274,1417904.409,FALSE
11-05-2026,Tata Motors,TATAMOTORS,500570,Automobile,515.79,530.34,511.56,527.07,527.07,7551118,0.021869,507.55,512.44,0.340059,1417904.409,FALSE
12-05-2026,Tata Motors,TATAMOTORS,500570,Automobile,527.07,531.07,526.58,529.79,529.79,6332441,0.005161,513.87,511.88,0.33731,1417904.409,FALSE
13-05-2026,Tata Motors,TATAMOTORS,500570,Automobile,529.79,535.57,527.7,532.53,532.53,6862330,0.005172,518.49,511.98,0.325314,1417904.409,FALSE
14-05-2026,Tata Motors,TATAMOTORS,500570,Automobile,532.53,538.84,528.61,535.68,535.68,7381246,0.005915,523,512.2,0.325681,1417904.409,FALSE
15-05-2026,Tata Motors,TATAMOTORS,500570,Automobile,535.68,540.23,525.34,526.7,526.7,1822530,-0.016764,524.98,512.53,0.322269,1417904.409,FALSE
18-05-2026,Tata Motors,TATAMOTORS,500570,Automobile,526.7,526.72,521.45,525.41,525.41,2978708,-0.002449,527.57,512.98,0.320845,1417904.409,FALSE
19-05-2026,Tata Motors,TATAMOTORS,500570,Automobile,525.41,529.89,521.42,524.07,524.07,1418770,-0.00255,528.75,512.86,0.308367,1417904.409,FALSE
20-05-2026,Tata Motors,TATAMOTORS,500570,Automobile,524.07,531.62,520.14,528.35,528.35,1033149,0.008167,528.93,512.66,0.306812,1417904.409,FALSE
21-05-2026,Tata Motors,TATAMOTORS,500570,Automobile,528.35,540.05,525.89,539.18,539.18,6842953,0.020498,530.27,513.05,0.309833,1417904.409,FALSE
22-05-2026,Tata Motors,TATAMOTORS,500570,Automobile,539.18,543.34,526.09,528.03,528.03,7558630,-0.02068,529.63,513.42,0.310367,1417904.409,FALSE
25-05-2026,Tata Motors,TATAMOTORS,500570,Automobile,528.03,532.55,525.82,526.98,526.98,2090303,-0.001989,528.39,513.74,0.310478,1417904.409,FALSE
26-05-2026,Tata Motors,TATAMOTORS,500570,Automobile,526.98,544.23,525.88,542.85,542.85,6055183,0.030115,530.7,514.99,0.312668,1417904.409,FALSE
27-05-2026,Tata Motors,TATAMOTORS,500570,Automobile,542.85,547.84,531.03,535.05,535.05,4744287,-0.014369,532.07,516.2,0.313318,1417904.409,FALSE
28-05-2026,Tata Motors,TATAMOTORS,500570,Automobile,535.05,537.48,525.89,526.52,526.52,1484578,-0.015942,532.42,517.02,0.317544,1417904.409,FALSE
29-05-2026,Tata Motors,TATAMOTORS,500570,Automobile,526.52,532.11,526.07,528.91,528.91,7410214,0.004539,532.5,517.52,0.310897,1417904.409,FALSE
01-06-2026,Tata Motors,TATAMOTORS,500570,Automobile,528.91,543.41,527.98,538.11,538.11,7098670,0.017394,532.35,518.11,0.312709,1417904.409,FALSE
02-06-2026,Tata Motors,TATAMOTORS,500570,Automobile,538.11,540.45,537.17,538.5,538.5,4972136,0.000725,533.85,519.5,0.279778,1417904.409,FALSE
03-06-2026,Tata Motors,TATAMOTORS,500570,Automobile,538.5,557.58,534.07,553.08,553.08,5955219,0.027075,537.57,521.27,0.288333,1417904.409,FALSE
04-06-2026,Tata Motors,TATAMOTORS,500570,Automobile,553.08,564.63,550.88,562.84,562.84,3780633,0.017647,540.43,523.33,0.291163,1417904.409,FALSE
05-06-2026,Tata Motors,TATAMOTORS,500570,Automobile,562.84,577.17,557.26,572.6,572.6,6549872,0.017341,545.79,525.57,0.29342,1417904.409,FALSE
08-06-2026,Tata Motors,TATAMOTORS,500570,Automobile,572.6,582.71,571.81,579.23,579.23,4115112,0.011579,553.32,527.48,0.281723,1417904.409,FALSE
09-06-2026,Tata Motors,TATAMOTORS,500570,Automobile,579.23,607.79,575.44,606.48,606.48,7924229,0.047045,564.41,531,0.276398,1417904.409,FALSE
10-06-2026,Tata Motors,TATAMOTORS,500570,Automobile,606.48,608.99,601.59,604.3,604.3,1441820,-0.003595,573.86,534.64,0.272941,1417904.409,FALSE
11-06-2026,Tata Motors,TATAMOTORS,500570,Automobile,604.3,606.22,578.1,580.38,580.38,2205046,-0.039583,579.84,537.28,0.303569,1417904.409,FALSE
12-06-2026,Tata Motors,TATAMOTORS,500570,Automobile,580.38,599.76,575.31,599.3,599.3,7781266,0.032599,586.45,541.07,0.293544,1417904.409,FALSE
15-06-2026,Tata Motors,TATAMOTORS,500570,Automobile,599.3,599.48,588.31,594.11,594.11,3021471,-0.00866,590.91,544.2,0.288782,1417904.409,FALSE
16-06-2026,Tata Motors,TATAMOTORS,500570,Automobile,594.11,597.75,588.92,595.69,595.69,3174579,0.002659,594.21,547.26,0.288871,1417904.409,FALSE
17-06-2026,Tata Motors,TATAMOTORS,500570,Automobile,595.69,611.71,594.54,611.59,611.59,6538928,0.026692,598.84,550.55,0.293338,1417904.409,FALSE
18-06-2026,Tata Motors,TATAMOTORS,500570,Automobile,611.59,612.6,590.99,592.3,592.3,2325544,-0.031541,596.81,553.38,0.309355,1417904.409,FALSE
19-06-2026,Tata Motors,TATAMOTORS,500570,Automobile,592.3,596.59,573.97,577.77,577.77,4594769,-0.024531,593.02,555.45,0.319123,1417904.409,FALSE
22-06-2026,Tata Motors,TATAMOTORS,500570,Automobile,577.77,581.86,557.93,559.55,559.55,3002331,-0.031535,590.04,556.53,0.33045,1417904.409,FALSE
23-06-2026,Tata Motors,TATAMOTORS,500570,Automobile,559.55,563.68,546.9,550.94,550.94,2385553,-0.015387,583.14,557.23,0.334197,1417904.409,FALSE
24-06-2026,Tata Motors,TATAMOTORS,500570,Automobile,550.94,557.83,547.82,556.06,556.06,7750612,0.009293,577.7,558.02,0.334801,1417904.409,FALSE
25-06-2026,Tata Motors,TATAMOTORS,500570,Automobile,556.06,567.17,553,562.17,562.17,2399279,0.010988,572.91,558.9,0.335684,1417904.409,FALSE
26-06-2026,Tata Motors,TATAMOTORS,500570,Automobile,562.17,568.92,557.51,565.56,565.56,1660002,0.00603,566.34,560.2,0.331185,1417904.409,FALSE
29-06-2026,Tata Motors,TATAMOTORS,500570,Automobile,565.56,566.27,545.95,549.86,549.86,5717563,-0.02776,560.27,561.01,0.342461,1417904.409,FALSE
30-06-2026,Tata Motors,TATAMOTORS,500570,Automobile,549.86,550.65,524.59,524.73,524.73,7071121,-0.045703,552.7,561.03,0.368973,1417904.409,FALSE
01-07-2026,Tata Motors,TATAMOTORS,500570,Automobile,524.73,529.21,524.47,525.56,525.56,1892470,0.001582,547.84,560.94,0.368247,1417904.409,FALSE
02-07-2026,Tata Motors,TATAMOTORS,500570,Automobile,525.56,526.47,517.73,520.87,520.87,5954907,-0.008924,543.54,560.33,0.363921,1417904.409,FALSE
03-07-2026,Tata Motors,TATAMOTORS,500570,Automobile,520.87,528.58,518.34,525.91,525.91,4785536,0.009676,539.24,560.26,0.360197,1417904.409,FALSE
06-07-2026,Tata Motors,TATAMOTORS,500570,Automobile,525.91,538.85,524.55,533.56,533.56,6810134,0.014546,535.15,560.48,0.362538,1417904.409,FALSE
07-07-2026,Tata Motors,TATAMOTORS,500570,Automobile,533.56,535.32,531.33,535.3,535.3,1888681,0.003261,530.83,560.23,0.351778,1417904.409,FALSE
08-07-2026,Tata Motors,TATAMOTORS,500570,Automobile,535.3,543.8,531.25,543.71,543.71,7831282,0.015711,529.95,560.52,0.352074,1417904.409,FALSE
09-07-2026,Tata Motors,TATAMOTORS,500570,Automobile,543.71,551.9,539.21,546.47,546.47,5333774,0.005076,533.05,561.18,0.348656,1417904.409,FALSE
10-07-2026,Tata Motors,TATAMOTORS,500570,Automobile,546.47,555.77,543.41,552.54,552.54,6895082,0.011108,536.91,561.97,0.349676,1417904.409,FALSE
31-12-2024,Tata Power,TATAPOWER,500400,Power/Utilities,500,512.16,499.01,510.42,510.42,3572110,,540.77,562.445,0.347737333,214165.0604,FALSE
01-01-2025,Tata Power,TATAPOWER,500400,Power/Utilities,510.42,513.94,498.35,502.85,502.85,6121709,-0.014831,544.63,563.033,0.346538333,214165.0604,FALSE
02-01-2025,Tata Power,TATAPOWER,500400,Power/Utilities,502.85,507.51,501.9,506.62,506.62,2863464,0.007497,548.49,563.621,0.345339333,214165.0604,FALSE
03-01-2025,Tata Power,TATAPOWER,500400,Power/Utilities,506.62,507.74,501.67,506.15,506.15,1642936,-0.000928,504.07,564.209,0.344140333,214165.0604,FALSE
06-01-2025,Tata Power,TATAPOWER,500400,Power/Utilities,506.15,507.17,491.97,495.75,495.75,4547103,-0.020547,503.45,564.797,0.342941333,214165.0604,FALSE
07-01-2025,Tata Power,TATAPOWER,500400,Power/Utilities,495.75,495.75,488.78,489.96,489.96,6809906,-0.011679,502.83,565.385,0.341742333,214165.0604,FALSE
08-01-2025,Tata Power,TATAPOWER,500400,Power/Utilities,489.96,506.14,489.22,503.75,503.75,4339960,0.028145,502.21,565.973,0.340543333,214165.0604,FALSE
09-01-2025,Tata Power,TATAPOWER,500400,Power/Utilities,503.75,506.23,502.16,506.04,506.04,2429320,0.004546,501.59,566.561,0.339344333,214165.0604,FALSE
10-01-2025,Tata Power,TATAPOWER,500400,Power/Utilities,506.04,507.42,494.1,496.08,496.08,1322430,-0.019682,500.62,567.149,0.338145333,214165.0604,FALSE
13-01-2025,Tata Power,TATAPOWER,500400,Power/Utilities,496.08,504.32,494.86,499.35,499.35,7607633,0.006592,499.58,567.737,0.336946333,214165.0604,FALSE
14-01-2025,Tata Power,TATAPOWER,500400,Power/Utilities,496.08,504.32,494.86,499.35,499.35,6325074,0,498.61,568.325,0.335747333,214165.0604,TRUE
15-01-2025,Tata Power,TATAPOWER,500400,Power/Utilities,498.14,533.95,497,532.8,532.8,2088820,0.066987,503.9,568.913,0.334548333,214165.0604,FALSE
16-01-2025,Tata Power,TATAPOWER,500400,Power/Utilities,532.8,537.77,528.38,536.11,536.11,1517507,0.006212,510.5,569.501,0.333349333,214165.0604,FALSE
17-01-2025,Tata Power,TATAPOWER,500400,Power/Utilities,536.11,538.6,531.45,532.3,532.3,1904149,-0.007107,514.58,570.089,0.332150333,214165.0604,FALSE
20-01-2025,Tata Power,TATAPOWER,500400,Power/Utilities,532.3,552.3,527.08,547.68,547.68,3635723,0.028893,520.52,570.677,0.330951333,214165.0604,FALSE
21-01-2025,Tata Power,TATAPOWER,500400,Power/Utilities,547.68,552.08,526.6,527.79,527.79,6683132,-0.036317,525.05,571.265,0.329752333,214165.0604,FALSE
22-01-2025,Tata Power,TATAPOWER,500400,Power/Utilities,527.79,529.71,525.56,529.05,529.05,2119114,0.002387,529.3,571.853,0.328553333,214165.0604,FALSE
23-01-2025,Tata Power,TATAPOWER,500400,Power/Utilities,529.05,551.1,526.09,550.41,550.41,6730912,0.040374,536.59,572.441,0.327354333,214165.0604,FALSE
24-01-2025,Tata Power,TATAPOWER,500400,Power/Utilities,550.41,552.71,548.75,549.41,549.41,1013226,-0.001817,538.96,515.0935714,0.321875667,214165.0604,FALSE
27-01-2025,Tata Power,TATAPOWER,500400,Power/Utilities,549.41,554.19,526.31,530.64,530.64,6171315,-0.034164,538.18,516.0103571,0.325235667,214165.0604,FALSE
28-01-2025,Tata Power,TATAPOWER,500400,Power/Utilities,530.64,535.32,525.26,526.7,526.7,2976906,-0.007425,537.38,516.9271429,0.328595667,214165.0604,FALSE
29-01-2025,Tata Power,TATAPOWER,500400,Power/Utilities,526.7,542.87,523.81,542.29,542.29,7723713,0.029599,536.61,517.8439286,0.331955667,214165.0604,FALSE
30-01-2025,Tata Power,TATAPOWER,500400,Power/Utilities,542.29,549.78,539.31,546.64,546.64,4330918,0.008022,539.31,518.7607143,0.335315667,214165.0604,FALSE
31-01-2025,Tata Power,TATAPOWER,500400,Power/Utilities,546.64,547.49,534.5,537.74,537.74,2893777,-0.016281,540.55,519.6775,0.338675667,214165.0604,FALSE
03-02-2025,Tata Power,TATAPOWER,500400,Power/Utilities,537.74,541.43,530.35,530.64,530.64,2700477,-0.013203,537.72,520.5942857,0.342035667,214165.0604,FALSE
04-02-2025,Tata Power,TATAPOWER,500400,Power/Utilities,530.64,535.5,524.08,524.97,524.97,6786541,-0.010685,534.23,521.5110714,0.345395667,214165.0604,FALSE
05-02-2025,Tata Power,TATAPOWER,500400,Power/Utilities,524.97,531.43,524.12,529.02,529.02,3820987,0.007715,534,522.4278571,0.348755667,214165.0604,FALSE
06-02-2025,Tata Power,TATAPOWER,500400,Power/Utilities,529.02,543.89,527.42,543.44,543.44,3464283,0.027258,536.39,523.3446429,0.352115667,214165.0604,FALSE
07-02-2025,Tata Power,TATAPOWER,500400,Power/Utilities,543.44,558.37,542.66,555.15,555.15,6149677,0.021548,538.23,524.2614286,0.355475667,214165.0604,FALSE
10-02-2025,Tata Power,TATAPOWER,500400,Power/Utilities,555.15,562.78,550.04,560.49,560.49,4761790,0.009619,540.21,524.99,0.358835667,214165.0604,FALSE
11-02-2025,Tata Power,TATAPOWER,500400,Power/Utilities,560.49,565.04,543.05,545.85,545.85,5646850,-0.02612,541.37,526.17,0.361283,214165.0604,FALSE
12-02-2025,Tata Power,TATAPOWER,500400,Power/Utilities,545.85,547.7,528.31,531.62,531.62,4119200,-0.026069,541.51,527.13,0.367381,214165.0604,FALSE
13-02-2025,Tata Power,TATAPOWER,500400,Power/Utilities,531.62,542.26,529.72,537.56,537.56,1448011,0.011173,543.3,528.16,0.368003,214165.0604,FALSE
14-02-2025,Tata Power,TATAPOWER,500400,Power/Utilities,537.56,539.03,521.92,523.36,523.36,1040950,-0.026416,542.5,528.73,0.377206,214165.0604,FALSE
17-02-2025,Tata Power,TATAPOWER,500400,Power/Utilities,523.36,524.19,518.64,521.26,521.26,1273735,-0.004013,539.33,529.58,0.371858,214165.0604,FALSE
18-02-2025,Tata Power,TATAPOWER,500400,Power/Utilities,521.26,526.3,519.73,524.69,524.69,5021235,0.00658,534.98,530.74,0.369808,214165.0604,FALSE
19-02-2025,Tata Power,TATAPOWER,500400,Power/Utilities,524.69,524.88,511.26,513.02,513.02,4595373,-0.022242,528.19,531.05,0.36833,214165.0604,FALSE
20-02-2025,Tata Power,TATAPOWER,500400,Power/Utilities,513.02,514.46,500.49,502.77,502.77,6232541,-0.01998,522.04,530.94,0.373029,214165.0604,FALSE
21-02-2025,Tata Power,TATAPOWER,500400,Power/Utilities,502.77,506.08,499.53,502.07,502.07,7262465,-0.001392,517.82,531.14,0.36836,214165.0604,FALSE
24-02-2025,Tata Power,TATAPOWER,500400,Power/Utilities,502.07,508.1,497.13,507.38,507.38,2221866,0.010576,513.51,531.41,0.369098,214165.0604,FALSE
25-02-2025,Tata Power,TATAPOWER,500400,Power/Utilities,507.38,518.98,506.25,518.4,518.4,7701020,0.021719,512.8,532.04,0.374029,214165.0604,FALSE
26-02-2025,Tata Power,TATAPOWER,500400,Power/Utilities,518.4,525.65,515.87,524.96,524.96,7521591,0.012654,513.33,531.78,0.320735,214165.0604,FALSE
27-02-2025,Tata Power,TATAPOWER,500400,Power/Utilities,524.96,526.4,524.17,525.99,525.99,5311560,0.001962,513.51,531.44,0.320222,214165.0604,FALSE
28-02-2025,Tata Power,TATAPOWER,500400,Power/Utilities,525.99,530.59,516.59,518.41,518.41,4712796,-0.014411,514.28,530.98,0.322237,214165.0604,FALSE
03-03-2025,Tata Power,TATAPOWER,500400,Power/Utilities,518.41,523.3,503.92,507.56,507.56,2236619,-0.020929,514.97,529.64,0.314769,214165.0604,FALSE
04-03-2025,Tata Power,TATAPOWER,500400,Power/Utilities,507.56,507.8,501.75,502.63,502.63,2247722,-0.009713,515.05,528.8,0.298859,214165.0604,FALSE
05-03-2025,Tata Power,TATAPOWER,500400,Power/Utilities,502.63,510.86,499.71,507,507,1130640,0.008694,514.99,528.07,0.30012,214165.0604,FALSE
06-03-2025,Tata Power,TATAPOWER,500400,Power/Utilities,507,514.43,504.89,510.67,510.67,5521632,0.007239,513.89,526.74,0.274458,214165.0604,FALSE
07-03-2025,Tata Power,TATAPOWER,500400,Power/Utilities,510.67,515.76,489.23,489.48,489.48,4032003,-0.041495,508.82,524.75,0.296958,214165.0604,FALSE
10-03-2025,Tata Power,TATAPOWER,500400,Power/Utilities,489.48,491.18,477.53,482.03,482.03,2343458,-0.01522,502.54,523.13,0.284886,214165.0604,FALSE
11-03-2025,Tata Power,TATAPOWER,500400,Power/Utilities,482.03,495.29,480.04,493.88,493.88,1936933,0.024584,499.04,522.03,0.295512,214165.0604,FALSE
12-03-2025,Tata Power,TATAPOWER,500400,Power/Utilities,493.88,497.16,490.01,494.91,494.91,1444733,0.002086,497.23,520.45,0.280338,214165.0604,FALSE
13-03-2025,Tata Power,TATAPOWER,500400,Power/Utilities,494.91,499.15,479.13,481.14,481.14,5486704,-0.027823,494.16,518.27,0.287373,214165.0604,FALSE
14-03-2025,Tata Power,TATAPOWER,500400,Power/Utilities,481.14,507.72,476.63,504.04,504.04,5797206,0.047595,493.74,517.15,0.321433,214165.0604,FALSE
17-03-2025,Tata Power,TATAPOWER,500400,Power/Utilities,504.04,506.42,502.54,504.01,504.01,5421449,-6.00E-05,492.78,516.26,0.319689,214165.0604,FALSE
18-03-2025,Tata Power,TATAPOWER,500400,Power/Utilities,504.01,509.37,501.93,508.13,508.13,1774864,0.008174,495.45,515.7,0.319663,214165.0604,FALSE
19-03-2025,Tata Power,TATAPOWER,500400,Power/Utilities,508.13,516.17,504.28,512.45,512.45,1289506,0.008502,499.79,515.14,0.319855,214165.0604,FALSE
20-03-2025,Tata Power,TATAPOWER,500400,Power/Utilities,512.45,516.82,507.19,508.93,508.93,1743522,-0.006869,501.94,513.99,0.308887,214165.0604,FALSE
21-03-2025,Tata Power,TATAPOWER,500400,Power/Utilities,508.93,510.97,499.95,501.78,501.78,6261186,-0.014049,502.93,512.22,0.302467,214165.0604,FALSE
24-03-2025,Tata Power,TATAPOWER,500400,Power/Utilities,501.78,526.83,496.79,523.33,523.33,6179604,0.042947,508.95,510.98,0.32899,214165.0604,FALSE
25-03-2025,Tata Power,TATAPOWER,500400,Power/Utilities,523.33,536.23,520.42,534.09,534.09,3063817,0.020561,513.25,510.58,0.32716,214165.0604,FALSE
26-03-2025,Tata Power,TATAPOWER,500400,Power/Utilities,534.09,545.73,530.41,543.13,543.13,1386415,0.016926,518.83,510.97,0.32167,214165.0604,FALSE
27-03-2025,Tata Power,TATAPOWER,500400,Power/Utilities,543.13,552.55,539.64,549.67,549.67,3238138,0.012041,524.77,511.37,0.321921,214165.0604,FALSE
28-03-2025,Tata Power,TATAPOWER,500400,Power/Utilities,549.67,553.93,534.45,538.91,538.91,6668384,-0.019575,528.55,511.89,0.317448,214165.0604,FALSE
31-03-2025,Tata Power,TATAPOWER,500400,Power/Utilities,538.91,558.36,534.27,552.95,552.95,2003918,0.026053,534.84,512.95,0.325052,214165.0604,FALSE
01-04-2025,Tata Power,TATAPOWER,500400,Power/Utilities,552.95,555.41,540.84,543.9,543.9,6573041,-0.016367,540.85,513.59,0.329126,214165.0604,FALSE
02-04-2025,Tata Power,TATAPOWER,500400,Power/Utilities,543.9,549.13,542.3,547.26,547.26,4243334,0.006178,544.27,514.73,0.321603,214165.0604,FALSE
03-04-2025,Tata Power,TATAPOWER,500400,Power/Utilities,547.26,549.3,529.47,529.59,529.59,1989753,-0.032288,543.63,515.62,0.330875,214165.0604,FALSE
04-04-2025,Tata Power,TATAPOWER,500400,Power/Utilities,529.59,530.3,505.11,508.24,508.24,7537249,-0.040314,538.65,515.83,0.352788,214165.0604,FALSE
07-04-2025,Tata Power,TATAPOWER,500400,Power/Utilities,508.24,513.24,504.04,511.72,511.72,4628664,0.006847,533.22,515.97,0.352041,214165.0604,FALSE
08-04-2025,Tata Power,TATAPOWER,500400,Power/Utilities,511.72,512.17,501.43,503.7,503.7,5700858,-0.015673,528.19,515.48,0.349145,214165.0604,FALSE
09-04-2025,Tata Power,TATAPOWER,500400,Power/Utilities,503.7,505.86,483.12,483.91,483.91,1676378,-0.039289,518.33,514.11,0.36399,214165.0604,FALSE
10-04-2025,Tata Power,TATAPOWER,500400,Power/Utilities,483.91,490.21,482.52,489.39,489.39,3601502,0.011324,510.54,512.89,0.365983,214165.0604,FALSE
11-04-2025,Tata Power,TATAPOWER,500400,Power/Utilities,489.39,512.15,486.89,510.38,510.38,5427998,0.04289,505.28,512.63,0.386404,214165.0604,FALSE
14-04-2025,Tata Power,TATAPOWER,500400,Power/Utilities,510.38,528.99,506.11,524.82,524.82,5517474,0.028293,504.59,513.2,0.389816,214165.0604,FALSE
15-04-2025,Tata Power,TATAPOWER,500400,Power/Utilities,524.82,526.11,521.49,522.38,522.38,1440510,-0.004649,506.61,513.86,0.388836,214165.0604,FALSE
16-04-2025,Tata Power,TATAPOWER,500400,Power/Utilities,522.38,525.94,519.19,522.74,522.74,5229921,0.000689,508.19,514.39,0.388254,214165.0604,FALSE
17-04-2025,Tata Power,TATAPOWER,500400,Power/Utilities,522.74,537.08,518.8,532.28,532.28,7611365,0.01825,512.27,515.11,0.391017,214165.0604,FALSE
18-04-2025,Tata Power,TATAPOWER,500400,Power/Utilities,532.28,547.58,527.3,544.49,544.49,6504687,0.022939,520.93,516.94,0.373398,214165.0604,FALSE
21-04-2025,Tata Power,TATAPOWER,500400,Power/Utilities,544.49,545.55,540.39,541.02,541.02,2454115,-0.006373,528.3,518.91,0.370345,214165.0604,FALSE
22-04-2025,Tata Power,TATAPOWER,500400,Power/Utilities,541.02,543.53,536.01,541.66,541.66,7388218,0.001183,532.77,520.5,0.365283,214165.0604,FALSE
23-04-2025,Tata Power,TATAPOWER,500400,Power/Utilities,541.66,548.41,538.4,545.19,545.19,5780262,0.006517,535.68,522.17,0.365377,214165.0604,FALSE
24-04-2025,Tata Power,TATAPOWER,500400,Power/Utilities,545.19,554.3,541.01,551.5,551.5,1398616,0.011574,539.84,524.52,0.353697,214165.0604,FALSE
25-04-2025,Tata Power,TATAPOWER,500400,Power/Utilities,551.5,552.32,550.01,550.31,550.31,1898039,-0.002158,543.78,526.06,0.329985,214165.0604,FALSE
28-04-2025,Tata Power,TATAPOWER,500400,Power/Utilities,550.31,552.77,546.48,549.26,549.26,7448815,-0.001908,546.2,527.57,0.330184,214165.0604,FALSE
29-04-2025,Tata Power,TATAPOWER,500400,Power/Utilities,549.26,567.76,545.84,564.7,564.7,2467175,0.028111,549.09,529.46,0.337825,214165.0604,FALSE
30-04-2025,Tata Power,TATAPOWER,500400,Power/Utilities,564.7,580.19,562.96,578.64,578.64,1677318,0.024686,554.47,531.66,0.343022,214165.0604,FALSE
01-05-2025,Tata Power,TATAPOWER,500400,Power/Utilities,578.64,588.03,576.14,584.45,584.45,4156647,0.010041,560.58,534.18,0.341744,214165.0604,FALSE
02-05-2025,Tata Power,TATAPOWER,500400,Power/Utilities,584.45,605.26,581.21,604.84,604.84,4679242,0.034888,569.1,537.62,0.347612,214165.0604,FALSE
05-05-2025,Tata Power,TATAPOWER,500400,Power/Utilities,604.84,606.88,597.15,600.47,600.47,5011672,-0.007225,576.1,540.19,0.331934,214165.0604,FALSE
06-05-2025,Tata Power,TATAPOWER,500400,Power/Utilities,600.47,625.25,600.22,620.26,620.26,5612053,0.032958,586.09,543.06,0.338918,214165.0604,FALSE
07-05-2025,Tata Power,TATAPOWER,500400,Power/Utilities,620.26,628.92,617.53,627.3,627.3,7992042,0.01135,597.24,545.86,0.337627,214165.0604,FALSE
08-05-2025,Tata Power,TATAPOWER,500400,Power/Utilities,627.3,672.7,625.96,668.65,668.65,6314691,0.065917,612.09,549.83,0.380704,214165.0604,FALSE
09-05-2025,Tata Power,TATAPOWER,500400,Power/Utilities,668.65,671.39,647.05,653.04,653.04,1181483,-0.023346,622.72,553.63,0.383126,214165.0604,FALSE
12-05-2025,Tata Power,TATAPOWER,500400,Power/Utilities,653.04,655.1,638.07,644.36,644.36,1620016,-0.013292,631.27,556.68,0.382829,214165.0604,FALSE
13-05-2025,Tata Power,TATAPOWER,500400,Power/Utilities,644.36,656.04,642.43,650.08,650.08,1002200,0.008877,637.74,560.22,0.377313,214165.0604,FALSE
14-05-2025,Tata Power,TATAPOWER,500400,Power/Utilities,650.08,657.82,648.94,655.57,655.57,3766652,0.008445,645.61,563.83,0.377367,214165.0604,FALSE
15-05-2025,Tata Power,TATAPOWER,500400,Power/Utilities,655.57,683.08,654.13,681.47,681.47,3452569,0.039508,654.35,568.89,0.370871,214165.0604,FALSE
16-05-2025,Tata Power,TATAPOWER,500400,Power/Utilities,681.47,687.66,669.48,672.7,672.7,7534788,-0.012869,660.84,574.38,0.347121,214165.0604,FALSE
19-05-2025,Tata Power,TATAPOWER,500400,Power/Utilities,672.7,690.32,666.81,685.21,685.21,3563094,0.018597,663.2,580.16,0.347976,214165.0604,FALSE
20-05-2025,Tata Power,TATAPOWER,500400,Power/Utilities,685.21,706.26,681.78,701.48,701.48,1214577,0.023745,670.12,586.75,0.341388,214165.0604,FALSE
21-05-2025,Tata Power,TATAPOWER,500400,Power/Utilities,701.48,712.07,701.09,711.72,711.72,7186860,0.014598,679.75,594.35,0.305841,214165.0604,FALSE
22-05-2025,Tata Power,TATAPOWER,500400,Power/Utilities,711.72,712.65,698.12,698.4,698.4,2821906,-0.018715,686.65,601.31,0.319461,214165.0604,FALSE
23-05-2025,Tata Power,TATAPOWER,500400,Power/Utilities,698.4,722.99,696.81,718.41,718.41,7388077,0.028651,695.63,608.25,0.31007,214165.0604,FALSE
26-05-2025,Tata Power,TATAPOWER,500400,Power/Utilities,718.41,737.97,712.35,736.43,736.43,6421134,0.025083,703.48,615.3,0.308709,214165.0604,FALSE
27-05-2025,Tata Power,TATAPOWER,500400,Power/Utilities,736.43,747.31,731.85,745.63,745.63,7163674,0.012493,713.9,622.74,0.304874,214165.0604,FALSE
28-05-2025,Tata Power,TATAPOWER,500400,Power/Utilities,745.63,754.89,741.43,749.05,749.05,6738037,0.004587,723.02,630.29,0.303812,214165.0604,FALSE
29-05-2025,Tata Power,TATAPOWER,500400,Power/Utilities,749.05,754.96,746.66,752.81,752.81,2002251,0.00502,730.35,637.64,0.303957,214165.0604,FALSE
30-05-2025,Tata Power,TATAPOWER,500400,Power/Utilities,752.81,753.35,745.01,752,752,5383264,-0.001076,736.1,644.55,0.304275,214165.0604,FALSE
02-06-2025,Tata Power,TATAPOWER,500400,Power/Utilities,752,762.29,749.51,762.02,762.02,3884733,0.013324,745.19,651.92,0.299828,214165.0604,FALSE
03-06-2025,Tata Power,TATAPOWER,500400,Power/Utilities,762.02,766.25,755.65,762.87,762.87,5401440,0.001115,751.54,659.29,0.299849,214165.0604,FALSE
04-06-2025,Tata Power,TATAPOWER,500400,Power/Utilities,762.87,767.58,743.58,750.31,750.31,6221196,-0.016464,753.53,666.13,0.310476,214165.0604,FALSE
05-06-2025,Tata Power,TATAPOWER,500400,Power/Utilities,750.31,756.83,731.39,734.95,734.95,4506692,-0.020472,752,672.25,0.323477,214165.0604,FALSE
06-06-2025,Tata Power,TATAPOWER,500400,Power/Utilities,734.95,735.76,717.78,724.26,724.26,3188277,-0.014545,748.46,678.04,0.3294,214165.0604,FALSE
09-06-2025,Tata Power,TATAPOWER,500400,Power/Utilities,724.26,729.27,722.25,727.84,727.84,7414332,0.004943,744.89,684,0.327951,214165.0604,FALSE
10-06-2025,Tata Power,TATAPOWER,500400,Power/Utilities,727.84,731.7,723.02,727.81,727.81,5642666,-4.10E-05,741.44,689.43,0.324295,214165.0604,FALSE
11-06-2025,Tata Power,TATAPOWER,500400,Power/Utilities,727.81,733.97,727.17,731.31,731.31,7198797,0.004809,737.05,694.52,0.320876,214165.0604,FALSE
12-06-2025,Tata Power,TATAPOWER,500400,Power/Utilities,731.31,742.57,727.84,739,739,2660000,0.010515,733.64,699.68,0.320905,214165.0604,FALSE
13-06-2025,Tata Power,TATAPOWER,500400,Power/Utilities,739,745.83,728.51,730.1,730.1,6867810,-0.012043,730.75,703.85,0.315575,214165.0604,FALSE
16-06-2025,Tata Power,TATAPOWER,500400,Power/Utilities,730.1,755.96,729.64,751.86,751.86,3263934,0.029804,733.17,708.9,0.31982,214165.0604,FALSE
17-06-2025,Tata Power,TATAPOWER,500400,Power/Utilities,751.86,754.99,748.19,748.21,748.21,4223404,-0.004855,736.59,713.16,0.312581,214165.0604,FALSE
18-06-2025,Tata Power,TATAPOWER,500400,Power/Utilities,748.21,755.62,739.69,742.1,742.1,7023007,-0.008166,738.63,716.99,0.315034,214165.0604,FALSE
19-06-2025,Tata Power,TATAPOWER,500400,Power/Utilities,742.1,750.12,737.73,749.63,749.63,3483025,0.010147,741.74,719.69,0.259055,214165.0604,FALSE
20-06-2025,Tata Power,TATAPOWER,500400,Power/Utilities,749.63,756.62,719.19,722.47,722.47,2753563,-0.036231,740.48,722,0.273158,214165.0604,FALSE
23-06-2025,Tata Power,TATAPOWER,500400,Power/Utilities,722.47,726.1,709.27,711.41,711.41,7408842,-0.015309,736.54,724.24,0.274297,214165.0604,FALSE
24-06-2025,Tata Power,TATAPOWER,500400,Power/Utilities,711.41,729.38,704.36,725.73,725.73,7750268,0.020129,735.92,726.76,0.278144,214165.0604,FALSE
25-06-2025,Tata Power,TATAPOWER,500400,Power/Utilities,725.73,732.42,694.29,700.87,700.87,3177538,-0.034255,728.63,728.27,0.298748,214165.0604,FALSE
26-06-2025,Tata Power,TATAPOWER,500400,Power/Utilities,700.87,720.53,699.99,716.89,716.89,3143816,0.022857,724.16,729.45,0.284326,214165.0604,FALSE
27-06-2025,Tata Power,TATAPOWER,500400,Power/Utilities,716.89,742.15,713.91,738.91,738.91,2593709,0.030716,723.7,731.66,0.292664,214165.0604,FALSE
30-06-2025,Tata Power,TATAPOWER,500400,Power/Utilities,738.91,740.93,729.06,733.82,733.82,1164696,-0.006889,721.44,733.28,0.2904,214165.0604,FALSE
01-07-2025,Tata Power,TATAPOWER,500400,Power/Utilities,733.82,743.34,728.44,738.47,738.47,4870176,0.006337,723.73,734.51,0.28361,214165.0604,FALSE
02-07-2025,Tata Power,TATAPOWER,500400,Power/Utilities,738.47,759.67,735.77,755.37,755.37,2784306,0.022885,730.01,735.96,0.287828,214165.0604,FALSE
03-07-2025,Tata Power,TATAPOWER,500400,Power/Utilities,755.37,756.99,743.11,748.7,748.7,6943577,-0.00883,733.29,737.64,0.282988,214165.0604,FALSE
04-07-2025,Tata Power,TATAPOWER,500400,Power/Utilities,748.7,767.47,747.77,762.06,762.06,2198434,0.017844,742.03,739.1,0.275947,214165.0604,FALSE
07-07-2025,Tata Power,TATAPOWER,500400,Power/Utilities,762.06,766.97,749.72,752.22,752.22,5446912,-0.012912,747.08,739.62,0.270382,214165.0604,FALSE
08-07-2025,Tata Power,TATAPOWER,500400,Power/Utilities,752.22,755.2,740.07,745.41,745.41,4547788,-0.009053,748.01,739.62,0.269528,214165.0604,FALSE
09-07-2025,Tata Power,TATAPOWER,500400,Power/Utilities,745.41,745.44,729.27,733.86,733.86,5283479,-0.015495,748.01,739.11,0.272905,214165.0604,FALSE
10-07-2025,Tata Power,TATAPOWER,500400,Power/Utilities,733.86,742.56,727.72,739.26,739.26,1789012,0.007358,748.13,738.66,0.273403,214165.0604,FALSE
11-07-2025,Tata Power,TATAPOWER,500400,Power/Utilities,739.26,756.79,738.91,756.75,756.75,4265873,0.023659,748.32,738.82,0.282178,214165.0604,FALSE
14-07-2025,Tata Power,TATAPOWER,500400,Power/Utilities,756.75,757.32,753.03,754.34,754.34,5382342,-0.003185,749.13,738.56,0.279634,214165.0604,FALSE
15-07-2025,Tata Power,TATAPOWER,500400,Power/Utilities,754.34,757.59,735.18,735.54,735.54,3386589,-0.024922,745.34,737.65,0.288618,214165.0604,FALSE
16-07-2025,Tata Power,TATAPOWER,500400,Power/Utilities,735.54,736.14,718.6,719.98,719.98,7124293,-0.021155,740.73,736.64,0.291103,214165.0604,FALSE
17-07-2025,Tata Power,TATAPOWER,500400,Power/Utilities,719.98,728.02,719.95,726.02,726.02,4706740,0.008389,737.96,736.34,0.286492,214165.0604,FALSE
18-07-2025,Tata Power,TATAPOWER,500400,Power/Utilities,726.02,758.1,722.36,753.16,753.16,3537632,0.037382,740.72,737.3,0.303029,214165.0604,FALSE
21-07-2025,Tata Power,TATAPOWER,500400,Power/Utilities,753.16,761.81,749.18,759.47,759.47,1215740,0.008378,743.61,738.36,0.303533,214165.0604,FALSE
22-07-2025,Tata Power,TATAPOWER,500400,Power/Utilities,759.47,767.05,749.01,753.97,753.97,2179449,-0.007242,743.21,739.23,0.304586,214165.0604,FALSE
23-07-2025,Tata Power,TATAPOWER,500400,Power/Utilities,753.97,772.92,751.07,765.9,765.9,4336141,0.015823,744.86,740.38,0.307332,214165.0604,FALSE
24-07-2025,Tata Power,TATAPOWER,500400,Power/Utilities,765.9,770.39,762.59,762.62,762.62,3800174,-0.004283,748.73,741.17,0.306645,214165.0604,FALSE
25-07-2025,Tata Power,TATAPOWER,500400,Power/Utilities,762.62,769.99,752.13,757.23,757.23,7100601,-0.007068,754.05,742.07,0.305109,214165.0604,FALSE
28-07-2025,Tata Power,TATAPOWER,500400,Power/Utilities,757.23,763.8,742.69,743.09,743.09,6501767,-0.018673,756.49,741.78,0.298156,214165.0604,FALSE
29-07-2025,Tata Power,TATAPOWER,500400,Power/Utilities,743.09,766.83,736.66,764.4,764.4,2112791,0.028678,758.1,742.32,0.30926,214165.0604,FALSE
30-07-2025,Tata Power,TATAPOWER,500400,Power/Utilities,764.4,770.13,725.79,725.96,725.96,5140413,-0.050288,753.31,741.78,0.342316,214165.0604,FALSE
31-07-2025,Tata Power,TATAPOWER,500400,Power/Utilities,725.96,738.92,722.11,737.91,737.91,4180849,0.016461,751.02,741.39,0.344506,214165.0604,FALSE
01-08-2025,Tata Power,TATAPOWER,500400,Power/Utilities,737.91,742.96,724.88,731.43,731.43,1708002,-0.008782,746.09,741.69,0.328437,214165.0604,FALSE
04-08-2025,Tata Power,TATAPOWER,500400,Power/Utilities,731.43,735.02,721.64,725.79,725.79,5661392,-0.007711,740.83,742.17,0.325964,214165.0604,FALSE
05-08-2025,Tata Power,TATAPOWER,500400,Power/Utilities,725.79,750.85,721.38,750.72,750.72,4760310,0.034349,739.9,743,0.335724,214165.0604,FALSE
06-08-2025,Tata Power,TATAPOWER,500400,Power/Utilities,750.72,752.78,735.33,740.38,740.38,1612204,-0.013773,739.51,744.32,0.32181,214165.0604,FALSE
07-08-2025,Tata Power,TATAPOWER,500400,Power/Utilities,740.38,747.45,729.78,730.68,730.68,4276597,-0.013101,734.7,744.78,0.318444,214165.0604,FALSE
08-08-2025,Tata Power,TATAPOWER,500400,Power/Utilities,730.68,732.98,724.21,729.13,729.13,6121673,-0.002121,735.15,744.45,0.305628,214165.0604,FALSE
11-08-2025,Tata Power,TATAPOWER,500400,Power/Utilities,729.13,736.87,722.72,735.53,735.53,3289785,0.008778,734.81,744.51,0.30605,214165.0604,FALSE
12-08-2025,Tata Power,TATAPOWER,500400,Power/Utilities,735.53,736.91,722.3,729.4,729.4,3498233,-0.008334,734.52,744.21,0.306471,214165.0604,FALSE
13-08-2025,Tata Power,TATAPOWER,500400,Power/Utilities,729.4,732.9,703.68,706.81,706.81,1771124,-0.030971,731.81,742.59,0.310889,214165.0604,FALSE
14-08-2025,Tata Power,TATAPOWER,500400,Power/Utilities,706.81,712.76,692.53,694.92,694.92,2430368,-0.016822,723.84,740.8,0.313262,214165.0604,FALSE
15-08-2025,Tata Power,TATAPOWER,500400,Power/Utilities,694.92,718.48,689.69,713.08,713.08,7867783,0.026133,719.94,739.17,0.318765,214165.0604,FALSE
18-08-2025,Tata Power,TATAPOWER,500400,Power/Utilities,713.08,717.62,709.21,714.5,714.5,5345593,0.001991,717.62,737.91,0.317262,214165.0604,FALSE
19-08-2025,Tata Power,TATAPOWER,500400,Power/Utilities,714.5,722.81,712.66,721.31,721.31,2232303,0.009531,716.51,737.1,0.317999,214165.0604,FALSE
20-08-2025,Tata Power,TATAPOWER,500400,Power/Utilities,721.31,721.64,716.66,717.89,717.89,4379261,-0.004741,713.99,736.57,0.315225,214165.0604,FALSE
21-08-2025,Tata Power,TATAPOWER,500400,Power/Utilities,717.89,721.22,707.58,708.78,708.78,2349200,-0.01269,711.04,735.56,0.316213,214165.0604,FALSE
22-08-2025,Tata Power,TATAPOWER,500400,Power/Utilities,708.78,738.89,705.53,732.92,732.92,4099183,0.034059,714.77,734.76,0.324645,214165.0604,FALSE
25-08-2025,Tata Power,TATAPOWER,500400,Power/Utilities,732.92,738.27,729.29,730.53,730.53,2019078,-0.003261,719.86,733.97,0.324649,214165.0604,FALSE
26-08-2025,Tata Power,TATAPOWER,500400,Power/Utilities,730.53,733.51,724.27,724.42,724.42,5331612,-0.008364,721.48,733.6,0.317455,214165.0604,FALSE
27-08-2025,Tata Power,TATAPOWER,500400,Power/Utilities,724.42,745.06,724.04,740.66,740.66,4991351,0.022418,725.22,734.29,0.317717,214165.0604,FALSE
28-08-2025,Tata Power,TATAPOWER,500400,Power/Utilities,740.66,743.89,723.54,730.33,730.33,5434042,-0.013947,726.5,734.43,0.319875,214165.0604,FALSE
29-08-2025,Tata Power,TATAPOWER,500400,Power/Utilities,730.33,734.56,721.48,722.01,722.01,4105687,-0.011392,727.09,733.39,0.301578,214165.0604,FALSE
01-09-2025,Tata Power,TATAPOWER,500400,Power/Utilities,722.01,726.25,721.48,722.52,722.52,3001840,0.000706,729.06,732.16,0.300271,214165.0604,FALSE
02-09-2025,Tata Power,TATAPOWER,500400,Power/Utilities,722.52,727.8,719.26,722.88,722.88,2746900,0.000498,727.62,731.12,0.299819,214165.0604,FALSE
03-09-2025,Tata Power,TATAPOWER,500400,Power/Utilities,722.88,730.69,721.11,727,727,2506016,0.005699,727.12,729.83,0.29623,214165.0604,FALSE
04-09-2025,Tata Power,TATAPOWER,500400,Power/Utilities,727,764.9,720,757.77,757.77,4005963,0.042325,731.88,729.67,0.32218,214165.0604,FALSE
05-09-2025,Tata Power,TATAPOWER,500400,Power/Utilities,757.77,766.51,750.87,763.25,763.25,4160230,0.007232,735.11,729.87,0.322125,214165.0604,FALSE
08-09-2025,Tata Power,TATAPOWER,500400,Power/Utilities,763.25,763.37,724.38,727.33,727.33,5714652,-0.047062,734.68,729.34,0.346375,214165.0604,FALSE
09-09-2025,Tata Power,TATAPOWER,500400,Power/Utilities,727.33,734.17,724.06,732.44,732.44,1367042,0.007026,736.17,728.28,0.336066,214165.0604,FALSE
10-09-2025,Tata Power,TATAPOWER,500400,Power/Utilities,732.44,737.03,729.69,733.36,733.36,2971903,0.001256,737.72,728.52,0.30214,214165.0604,FALSE
11-09-2025,Tata Power,TATAPOWER,500400,Power/Utilities,733.36,738.33,733.08,734.36,734.36,6968372,0.001364,739.36,728.4,0.29836,214165.0604,FALSE
12-09-2025,Tata Power,TATAPOWER,500400,Power/Utilities,734.36,742.42,732.21,738.34,738.34,7406720,0.00542,740.98,728.63,0.297562,214165.0604,FALSE
15-09-2025,Tata Power,TATAPOWER,500400,Power/Utilities,738.34,743.62,737.38,738.29,738.29,7516341,-6.80E-05,738.2,729.05,0.296556,214165.0604,FALSE
16-09-2025,Tata Power,TATAPOWER,500400,Power/Utilities,738.29,740.32,737.12,737.88,737.88,3144423,-0.000555,734.57,728.62,0.278909,214165.0604,FALSE
17-09-2025,Tata Power,TATAPOWER,500400,Power/Utilities,737.88,752.27,733.74,747.3,747.3,1959916,0.012766,737.42,728.85,0.278479,214165.0604,FALSE
18-09-2025,Tata Power,TATAPOWER,500400,Power/Utilities,747.3,752.56,738.84,739.57,739.57,2387253,-0.010344,738.44,729.15,0.277425,214165.0604,FALSE
19-09-2025,Tata Power,TATAPOWER,500400,Power/Utilities,739.57,742.61,725.17,725.92,725.92,1923121,-0.018457,737.38,729.04,0.28278,214165.0604,FALSE
22-09-2025,Tata Power,TATAPOWER,500400,Power/Utilities,725.92,773.28,722.43,770.18,770.18,7681974,0.060971,742.5,730.2,0.332872,214165.0604,FALSE
23-09-2025,Tata Power,TATAPOWER,500400,Power/Utilities,770.18,771.56,756.18,759.54,759.54,7183712,-0.013815,745.53,731.2,0.334688,214165.0604,FALSE
24-09-2025,Tata Power,TATAPOWER,500400,Power/Utilities,759.54,764.6,758.5,761.44,761.44,6673924,0.002502,748.83,733.02,0.320159,214165.0604,FALSE
25-09-2025,Tata Power,TATAPOWER,500400,Power/Utilities,761.44,767.43,739.01,739.05,739.05,6108612,-0.029405,749,734.5,0.32878,214165.0604,FALSE
26-09-2025,Tata Power,TATAPOWER,500400,Power/Utilities,739.05,747.87,737.62,741.14,741.14,3401963,0.002828,748.12,735.43,0.320919,214165.0604,FALSE
29-09-2025,Tata Power,TATAPOWER,500400,Power/Utilities,741.14,745.54,725.96,727.68,727.68,4329815,-0.018161,746.42,735.87,0.325918,214165.0604,FALSE
30-09-2025,Tata Power,TATAPOWER,500400,Power/Utilities,727.68,729.85,715.82,721.6,721.6,6890022,-0.008355,745.8,735.88,0.325882,214165.0604,FALSE
01-10-2025,Tata Power,TATAPOWER,500400,Power/Utilities,721.6,742.07,714.99,737.04,737.04,6700570,0.021397,741.07,736.52,0.33119,214165.0604,FALSE
02-10-2025,Tata Power,TATAPOWER,500400,Power/Utilities,737.04,749.88,734.05,744.37,744.37,4631699,0.009945,738.9,737.7,0.329501,214165.0604,FALSE
03-10-2025,Tata Power,TATAPOWER,500400,Power/Utilities,744.37,755.71,741.35,753.2,753.2,6862932,0.011862,737.73,738.38,0.316672,214165.0604,FALSE
06-10-2025,Tata Power,TATAPOWER,500400,Power/Utilities,753.2,759.43,721.72,726.9,726.9,3427267,-0.034918,735.99,738.26,0.333315,214165.0604,FALSE
07-10-2025,Tata Power,TATAPOWER,500400,Power/Utilities,726.9,754.52,722.34,753.97,753.97,3894511,0.03724,737.82,739.24,0.349147,214165.0604,FALSE
08-10-2025,Tata Power,TATAPOWER,500400,Power/Utilities,753.97,754.05,735.01,736.37,736.37,6877281,-0.023343,739.06,739.1,0.350585,214165.0604,FALSE
09-10-2025,Tata Power,TATAPOWER,500400,Power/Utilities,736.37,760.18,735.58,759.25,759.25,3634973,0.031071,744.44,740.06,0.359152,214165.0604,FALSE
10-10-2025,Tata Power,TATAPOWER,500400,Power/Utilities,759.25,776.35,755.93,775.14,775.14,6265155,0.020929,749.89,741.84,0.361248,214165.0604,FALSE
13-10-2025,Tata Power,TATAPOWER,500400,Power/Utilities,775.14,791.38,770.76,784.48,784.48,4172999,0.012049,755.62,743.9,0.362221,214165.0604,FALSE
14-10-2025,Tata Power,TATAPOWER,500400,Power/Utilities,784.48,787.81,770.39,771.46,771.46,3085123,-0.016597,758.22,745.52,0.366608,214165.0604,FALSE
15-10-2025,Tata Power,TATAPOWER,500400,Power/Utilities,771.46,776.31,769.2,774.18,774.18,2531840,0.003526,764.98,747.09,0.366493,214165.0604,FALSE
16-10-2025,Tata Power,TATAPOWER,500400,Power/Utilities,774.18,777.5,764.93,767.28,767.28,5246749,-0.008913,766.88,747.41,0.34753,214165.0604,FALSE
17-10-2025,Tata Power,TATAPOWER,500400,Power/Utilities,767.28,771.14,765.27,768.11,768.11,4357616,0.001082,771.41,747.57,0.346974,214165.0604,FALSE
20-10-2025,Tata Power,TATAPOWER,500400,Power/Utilities,768.11,770.42,761.13,764.65,764.65,3585731,-0.004505,772.19,748.82,0.31697,214165.0604,FALSE
21-10-2025,Tata Power,TATAPOWER,500400,Power/Utilities,764.65,765.71,729.07,733.86,733.86,6202096,-0.040267,766.29,748.86,0.339134,214165.0604,FALSE
22-10-2025,Tata Power,TATAPOWER,500400,Power/Utilities,733.86,755.61,730.12,750.69,750.69,1007363,0.022934,761.46,749.44,0.345435,214165.0604,FALSE
23-10-2025,Tata Power,TATAPOWER,500400,Power/Utilities,750.69,751.72,748.34,749.85,749.85,1645354,-0.001119,758.37,749.96,0.345488,214165.0604,FALSE
24-10-2025,Tata Power,TATAPOWER,500400,Power/Utilities,749.85,755.66,742.19,742.95,742.95,7732710,-0.009202,753.91,750.11,0.346432,214165.0604,FALSE
27-10-2025,Tata Power,TATAPOWER,500400,Power/Utilities,742.95,744.45,728.96,735,735,5644709,-0.010701,749.3,750,0.347934,214165.0604,FALSE
28-10-2025,Tata Power,TATAPOWER,500400,Power/Utilities,735,746.05,731.47,740.63,740.63,4847403,0.00766,745.38,750.09,0.348617,214165.0604,FALSE
29-10-2025,Tata Power,TATAPOWER,500400,Power/Utilities,740.63,746.6,727.31,727.77,727.77,1103139,-0.017364,740.11,749.44,0.35023,214165.0604,FALSE
30-10-2025,Tata Power,TATAPOWER,500400,Power/Utilities,727.77,728.68,693.51,695.31,695.31,5189028,-0.044602,734.6,747.97,0.371876,214165.0604,FALSE
31-10-2025,Tata Power,TATAPOWER,500400,Power/Utilities,695.31,701.92,689.71,701.31,701.31,4043574,0.008629,727.55,747.15,0.369606,214165.0604,FALSE
03-11-2025,Tata Power,TATAPOWER,500400,Power/Utilities,701.31,715.68,696.04,708.95,708.95,5199239,0.010894,721.7,745.11,0.322238,214165.0604,FALSE
04-11-2025,Tata Power,TATAPOWER,500400,Power/Utilities,708.95,712.23,700.28,706.47,706.47,1287003,-0.003498,716.49,743.34,0.320489,214165.0604,FALSE
05-11-2025,Tata Power,TATAPOWER,500400,Power/Utilities,706.47,710.92,686.45,690.6,690.6,4854490,-0.022464,710.15,740.98,0.325427,214165.0604,FALSE
06-11-2025,Tata Power,TATAPOWER,500400,Power/Utilities,690.6,692.34,687.68,692.18,692.18,5045080,0.002288,703.23,739.41,0.315945,214165.0604,FALSE
07-11-2025,Tata Power,TATAPOWER,500400,Power/Utilities,692.18,694.11,669.38,672.25,672.25,3030334,-0.028793,695.3,737.12,0.32492,214165.0604,FALSE
10-11-2025,Tata Power,TATAPOWER,500400,Power/Utilities,672.25,675.65,657.5,658.77,658.77,1381587,-0.020052,690.08,734.82,0.32573,214165.0604,FALSE
11-11-2025,Tata Power,TATAPOWER,500400,Power/Utilities,658.77,664.61,644.99,649.21,649.21,7801032,-0.014512,682.63,732.41,0.327078,214165.0604,FALSE
12-11-2025,Tata Power,TATAPOWER,500400,Power/Utilities,649.21,662.29,645.41,660.5,660.5,5965704,0.01739,675.71,729.86,0.324645,214165.0604,FALSE
13-11-2025,Tata Power,TATAPOWER,500400,Power/Utilities,660.5,665.62,655.02,656.04,656.04,5351678,-0.006752,668.51,726.91,0.322258,214165.0604,FALSE
14-11-2025,Tata Power,TATAPOWER,500400,Power/Utilities,656.04,660.38,644.73,650.49,650.49,6369624,-0.00846,662.78,723.49,0.318931,214165.0604,FALSE
17-11-2025,Tata Power,TATAPOWER,500400,Power/Utilities,650.49,677.02,648.09,676.24,676.24,5696449,0.039586,660.5,721.8,0.330438,214165.0604,FALSE
18-11-2025,Tata Power,TATAPOWER,500400,Power/Utilities,676.24,683.35,675.91,681.35,681.35,1940756,0.007556,661.8,719.38,0.310237,214165.0604,FALSE
19-11-2025,Tata Power,TATAPOWER,500400,Power/Utilities,681.35,687.94,679.11,686.31,686.31,4183549,0.00728,665.73,717.71,0.305607,214165.0604,FALSE
20-11-2025,Tata Power,TATAPOWER,500400,Power/Utilities,686.31,689.35,675.65,681.58,681.58,7220688,-0.006892,670.36,715.12,0.289092,214165.0604,FALSE
21-11-2025,Tata Power,TATAPOWER,500400,Power/Utilities,681.58,685.91,667.61,673.79,673.79,3015029,-0.011429,672.26,711.74,0.280483,214165.0604,FALSE
24-11-2025,Tata Power,TATAPOWER,500400,Power/Utilities,673.79,676.71,641.5,644.66,644.66,7805460,-0.043233,670.63,707.08,0.29738,214165.0604,FALSE
25-11-2025,Tata Power,TATAPOWER,500400,Power/Utilities,644.66,659.08,638.5,657.47,657.47,1450442,0.019871,671.63,703.28,0.305143,214165.0604,FALSE
26-11-2025,Tata Power,TATAPOWER,500400,Power/Utilities,657.47,668.32,651.72,663.7,663.7,3315061,0.009476,669.84,699.6,0.307091,214165.0604,FALSE
27-11-2025,Tata Power,TATAPOWER,500400,Power/Utilities,663.7,667.58,656.19,661.65,661.65,3451611,-0.003089,667.02,696.08,0.3069,214165.0604,FALSE
28-11-2025,Tata Power,TATAPOWER,500400,Power/Utilities,661.65,665.09,654.49,660.17,660.17,5321923,-0.002237,663.29,692.48,0.306503,214165.0604,FALSE
01-12-2025,Tata Power,TATAPOWER,500400,Power/Utilities,660.17,673.93,657.65,670.22,670.22,2232682,0.015223,661.67,689.33,0.311982,214165.0604,FALSE
02-12-2025,Tata Power,TATAPOWER,500400,Power/Utilities,670.22,671.7,644.8,649.71,649.71,2603985,-0.030602,658.23,686.53,0.303412,214165.0604,FALSE
03-12-2025,Tata Power,TATAPOWER,500400,Power/Utilities,649.71,654.13,638.66,642.37,642.37,5634617,-0.011297,657.9,682.92,0.293178,214165.0604,FALSE
04-12-2025,Tata Power,TATAPOWER,500400,Power/Utilities,642.37,644.86,623.57,628.09,628.09,2992420,-0.02223,653.7,678.86,0.297098,214165.0604,FALSE
05-12-2025,Tata Power,TATAPOWER,500400,Power/Utilities,628.09,653.03,626.98,650.66,650.66,7153027,0.035934,651.84,675.78,0.320387,214165.0604,FALSE
08-12-2025,Tata Power,TATAPOWER,500400,Power/Utilities,650.66,663.37,645.9,662.38,662.38,7091348,0.018012,651.94,673.36,0.326092,214165.0604,FALSE
09-12-2025,Tata Power,TATAPOWER,500400,Power/Utilities,662.38,666.33,627.47,633.53,633.53,3119284,-0.043555,648.14,669.79,0.344459,214165.0604,FALSE
10-12-2025,Tata Power,TATAPOWER,500400,Power/Utilities,633.53,637.35,612.81,614.67,614.67,4919640,-0.02977,640.2,666.02,0.350169,214165.0604,FALSE
11-12-2025,Tata Power,TATAPOWER,500400,Power/Utilities,614.67,616.76,607.3,613.35,613.35,3330178,-0.002147,635.01,663.29,0.329875,214165.0604,FALSE
12-12-2025,Tata Power,TATAPOWER,500400,Power/Utilities,613.35,618.62,605.56,607.86,607.86,3414105,-0.008951,630.08,660.17,0.327974,214165.0604,FALSE
15-12-2025,Tata Power,TATAPOWER,500400,Power/Utilities,607.86,613,590.88,592.06,592.06,5692551,-0.025993,624.93,656.28,0.330297,214165.0604,FALSE
16-12-2025,Tata Power,TATAPOWER,500400,Power/Utilities,592.06,616.06,591.4,615.39,615.39,3051875,0.039405,619.89,653.24,0.355328,214165.0604,FALSE
17-12-2025,Tata Power,TATAPOWER,500400,Power/Utilities,615.39,623.85,610.56,619.54,619.54,2044900,0.006744,613.77,650.87,0.35246,214165.0604,FALSE
18-12-2025,Tata Power,TATAPOWER,500400,Power/Utilities,619.54,628.2,616.1,625.74,625.74,2813811,0.010007,612.66,648.66,0.354243,214165.0604,FALSE
19-12-2025,Tata Power,TATAPOWER,500400,Power/Utilities,625.74,631.99,615.49,617.39,617.39,7506061,-0.013344,613.05,646.83,0.347274,214165.0604,FALSE
22-12-2025,Tata Power,TATAPOWER,500400,Power/Utilities,617.39,628.03,613.63,626.62,626.62,2815262,0.01495,614.94,645.76,0.346808,214165.0604,FALSE
23-12-2025,Tata Power,TATAPOWER,500400,Power/Utilities,626.62,628.37,620.09,622.16,622.16,3546927,-0.007118,616.99,644.86,0.345042,214165.0604,FALSE
24-12-2025,Tata Power,TATAPOWER,500400,Power/Utilities,622.16,624.91,616.17,618.95,618.95,5401723,-0.005159,620.83,643.47,0.340653,214165.0604,FALSE
25-12-2025,Tata Power,TATAPOWER,500400,Power/Utilities,618.95,628.5,613.61,626.82,626.82,1708396,0.012715,622.46,642.5,0.342929,214165.0604,FALSE
26-12-2025,Tata Power,TATAPOWER,500400,Power/Utilities,626.82,631.16,602.66,606.71,606.71,2879210,-0.032083,620.63,641.04,0.353879,214165.0604,FALSE
29-12-2025,Tata Power,TATAPOWER,500400,Power/Utilities,606.71,629.41,602.09,626.39,626.39,2222788,0.032437,620.72,639.38,0.347107,214165.0604,FALSE
30-12-2025,Tata Power,TATAPOWER,500400,Power/Utilities,626.39,630.38,622.74,628.99,628.99,7470539,0.004151,622.38,637.63,0.346405,214165.0604,FALSE
31-12-2025,Tata Power,TATAPOWER,500400,Power/Utilities,628.99,648.69,622.76,645.42,645.42,7529222,0.026121,625.06,636.27,0.355187,214165.0604,FALSE
01-01-2026,Tata Power,TATAPOWER,500400,Power/Utilities,645.42,651.16,630.33,631.86,631.86,6290138,-0.02101,626.45,634.61,0.359278,214165.0604,FALSE
02-01-2026,Tata Power,TATAPOWER,500400,Power/Utilities,631.86,636.87,618.88,620.51,620.51,2729835,-0.017963,626.67,632.83,0.361219,214165.0604,FALSE
05-01-2026,Tata Power,TATAPOWER,500400,Power/Utilities,620.51,623.61,605.84,606.4,606.4,5314905,-0.022739,623.75,631.56,0.345682,214165.0604,FALSE
06-01-2026,Tata Power,TATAPOWER,500400,Power/Utilities,606.4,611.5,603.04,609.74,609.74,5635881,0.005508,624.19,629.97,0.34032,214165.0604,FALSE
07-01-2026,Tata Power,TATAPOWER,500400,Power/Utilities,609.74,611.95,606,610.85,610.85,7085649,0.00182,621.97,628.21,0.33874,214165.0604,FALSE
08-01-2026,Tata Power,TATAPOWER,500400,Power/Utilities,610.85,616.21,601.09,605.48,605.48,2093156,-0.008791,618.61,626.33,0.339223,214165.0604,FALSE
09-01-2026,Tata Power,TATAPOWER,500400,Power/Utilities,605.48,609.78,591.51,593.5,593.5,6153778,-0.019786,611.19,624.11,0.342795,214165.0604,FALSE
12-01-2026,Tata Power,TATAPOWER,500400,Power/Utilities,593.5,596.9,578.69,578.77,578.77,2358711,-0.024819,603.61,621.06,0.343619,214165.0604,FALSE
13-01-2026,Tata Power,TATAPOWER,500400,Power/Utilities,578.77,583.86,574.84,578.49,578.49,4980852,-0.000484,597.6,618.69,0.334829,214165.0604,FALSE
14-01-2026,Tata Power,TATAPOWER,500400,Power/Utilities,578.49,579.2,567.67,573.4,573.4,7154667,-0.008799,592.89,616.39,0.334412,214165.0604,FALSE
15-01-2026,Tata Power,TATAPOWER,500400,Power/Utilities,573.4,577.31,564.15,565.82,565.82,1434512,-0.013219,586.62,614.32,0.331044,214165.0604,FALSE
16-01-2026,Tata Power,TATAPOWER,500400,Power/Utilities,565.82,584.88,564.78,583.61,583.61,2036232,0.031441,582.72,612.08,0.326648,214165.0604,FALSE
19-01-2026,Tata Power,TATAPOWER,500400,Power/Utilities,583.61,584.31,581.3,582.94,582.94,6691913,-0.001148,579.5,609.43,0.320387,214165.0604,FALSE
20-01-2026,Tata Power,TATAPOWER,500400,Power/Utilities,582.94,600.83,580.46,598.04,598.04,1131254,0.025903,580.15,608.25,0.309012,214165.0604,FALSE
21-01-2026,Tata Power,TATAPOWER,500400,Power/Utilities,598.04,600.36,590.48,591.96,591.96,5795885,-0.010167,582.04,607.49,0.298607,214165.0604,FALSE
22-01-2026,Tata Power,TATAPOWER,500400,Power/Utilities,591.96,600.76,589.91,595.16,595.16,4508632,0.005406,584.42,606.89,0.299175,214165.0604,FALSE
23-01-2026,Tata Power,TATAPOWER,500400,Power/Utilities,595.16,597.08,591,594.79,594.79,3426225,-0.000622,587.47,606.45,0.298183,214165.0604,FALSE
26-01-2026,Tata Power,TATAPOWER,500400,Power/Utilities,594.79,599.64,572.91,574.9,574.9,7039087,-0.03344,588.77,605.88,0.30442,214165.0604,FALSE
27-01-2026,Tata Power,TATAPOWER,500400,Power/Utilities,574.9,596.04,572.62,591.61,591.61,6942713,0.029066,589.91,605.09,0.293844,214165.0604,FALSE
28-01-2026,Tata Power,TATAPOWER,500400,Power/Utilities,591.61,595.56,590.07,590.3,590.3,3281937,-0.002214,590.97,604.11,0.292899,214165.0604,FALSE
29-01-2026,Tata Power,TATAPOWER,500400,Power/Utilities,590.3,604.93,584.88,599.41,599.41,1030992,0.015433,591.16,603.23,0.295157,214165.0604,FALSE
30-01-2026,Tata Power,TATAPOWER,500400,Power/Utilities,599.41,601.85,588.29,590.69,590.69,1897135,-0.014548,590.98,602.34,0.295605,214165.0604,FALSE
02-02-2026,Tata Power,TATAPOWER,500400,Power/Utilities,590.69,593,587.11,589.04,589.04,1751551,-0.002793,590.11,601.09,0.291572,214165.0604,FALSE
03-02-2026,Tata Power,TATAPOWER,500400,Power/Utilities,589.04,589.99,578.62,579.12,579.12,7875615,-0.016841,587.87,599.66,0.294433,214165.0604,FALSE
04-02-2026,Tata Power,TATAPOWER,500400,Power/Utilities,579.12,595.37,575.45,593.73,593.73,5178240,0.025228,590.56,598.82,0.304787,214165.0604,FALSE
05-02-2026,Tata Power,TATAPOWER,500400,Power/Utilities,593.73,602.98,588.6,597.72,597.72,5737170,0.00672,591.43,597.84,0.302897,214165.0604,FALSE
06-02-2026,Tata Power,TATAPOWER,500400,Power/Utilities,597.72,605.27,597.48,602.41,602.41,2616333,0.007846,593.16,597.7,0.289572,214165.0604,FALSE
09-02-2026,Tata Power,TATAPOWER,500400,Power/Utilities,602.41,621.19,601.54,619.08,619.08,6954834,0.027672,595.97,597.46,0.28522,214165.0604,FALSE
10-02-2026,Tata Power,TATAPOWER,500400,Power/Utilities,619.08,635.07,618.17,633.7,633.7,6058686,0.023616,602.11,597.62,0.293286,214165.0604,FALSE
11-02-2026,Tata Power,TATAPOWER,500400,Power/Utilities,633.7,646.84,629.89,643.72,643.72,6264967,0.015812,609.93,597.56,0.286886,214165.0604,FALSE
12-02-2026,Tata Power,TATAPOWER,500400,Power/Utilities,643.72,648.33,619.97,625.74,625.74,4277703,-0.027931,616.59,597.35,0.291962,214165.0604,FALSE
13-02-2026,Tata Power,TATAPOWER,500400,Power/Utilities,625.74,627.53,614.64,617.34,617.34,5887695,-0.013424,619.96,597.25,0.289845,214165.0604,FALSE
16-02-2026,Tata Power,TATAPOWER,500400,Power/Utilities,617.34,622.02,603.18,605.26,605.26,4808360,-0.019568,621.04,597.21,0.287823,214165.0604,FALSE
17-02-2026,Tata Power,TATAPOWER,500400,Power/Utilities,605.26,618.24,600.62,614.37,614.37,3691948,0.015051,622.74,597.36,0.290697,214165.0604,FALSE
18-02-2026,Tata Power,TATAPOWER,500400,Power/Utilities,614.37,621.63,609.81,616.77,616.77,5161455,0.003906,622.41,597.56,0.290848,214165.0604,FALSE
19-02-2026,Tata Power,TATAPOWER,500400,Power/Utilities,616.77,618.32,598.45,599.93,599.93,3270379,-0.027304,617.59,597.38,0.300758,214165.0604,FALSE
20-02-2026,Tata Power,TATAPOWER,500400,Power/Utilities,599.93,603.71,597,597.96,597.96,7669925,-0.003284,611.05,597.53,0.295138,214165.0604,FALSE
23-02-2026,Tata Power,TATAPOWER,500400,Power/Utilities,597.96,598.88,578.32,580.39,580.39,6018710,-0.029383,604.57,597.58,0.298803,214165.0604,FALSE
24-02-2026,Tata Power,TATAPOWER,500400,Power/Utilities,580.39,582.5,575.57,580.07,580.07,6172889,-0.000551,599.25,597.63,0.298804,214165.0604,FALSE
25-02-2026,Tata Power,TATAPOWER,500400,Power/Utilities,580.07,584.27,557.25,561.15,561.15,6016991,-0.032617,592.95,597.22,0.31273,214165.0604,FALSE
26-02-2026,Tata Power,TATAPOWER,500400,Power/Utilities,561.15,570.95,557.42,567.37,567.37,4138407,0.011084,586.23,597.28,0.312094,214165.0604,FALSE
27-02-2026,Tata Power,TATAPOWER,500400,Power/Utilities,567.37,573.01,562.66,571.94,571.94,7654118,0.008055,579.83,596.89,0.298883,214165.0604,FALSE
02-03-2026,Tata Power,TATAPOWER,500400,Power/Utilities,571.94,599.15,570.36,594.05,594.05,2455031,0.038658,578.99,597.26,0.319678,214165.0604,FALSE
03-03-2026,Tata Power,TATAPOWER,500400,Power/Utilities,594.05,604.74,592.03,604.42,604.42,4980618,0.017456,579.91,597.47,0.31482,214165.0604,FALSE
04-03-2026,Tata Power,TATAPOWER,500400,Power/Utilities,604.42,608.02,599.36,599.61,599.61,1485899,-0.007958,582.66,597.72,0.314232,214165.0604,FALSE
05-03-2026,Tata Power,TATAPOWER,500400,Power/Utilities,599.61,615.72,594.4,609.72,609.72,3062347,0.016861,586.89,598.21,0.317485,214165.0604,FALSE
06-03-2026,Tata Power,TATAPOWER,500400,Power/Utilities,609.72,612.96,589.53,592.98,592.98,5021833,-0.027455,591.44,598.15,0.328026,214165.0604,FALSE
09-03-2026,Tata Power,TATAPOWER,500400,Power/Utilities,592.98,597.73,580.13,581.86,581.86,4426701,-0.018753,593.51,598.38,0.31757,214165.0604,FALSE
10-03-2026,Tata Power,TATAPOWER,500400,Power/Utilities,581.86,589.52,581.46,586.03,586.03,7588127,0.007167,595.52,598.2,0.306665,214165.0604,FALSE
11-03-2026,Tata Power,TATAPOWER,500400,Power/Utilities,586.03,590.62,556.97,561.03,561.03,5295996,-0.04266,590.81,597.22,0.330524,214165.0604,FALSE
12-03-2026,Tata Power,TATAPOWER,500400,Power/Utilities,561.03,564.71,556.69,560.89,560.89,3880317,-0.00025,584.59,595.94,0.326651,214165.0604,FALSE
13-03-2026,Tata Power,TATAPOWER,500400,Power/Utilities,560.89,564.77,546.07,549.73,549.73,3987108,-0.019897,577.46,594.57,0.328797,214165.0604,FALSE
16-03-2026,Tata Power,TATAPOWER,500400,Power/Utilities,549.73,552.37,548.61,551.12,551.12,5281153,0.002529,569.09,593.31,0.329073,214165.0604,FALSE
17-03-2026,Tata Power,TATAPOWER,500400,Power/Utilities,551.12,555.21,534.59,539.51,539.51,6537931,-0.021066,561.45,591.99,0.33095,214165.0604,FALSE
18-03-2026,Tata Power,TATAPOWER,500400,Power/Utilities,539.51,545.66,535.45,544.36,544.36,2935716,0.00899,556.1,590.34,0.322517,214165.0604,FALSE
19-03-2026,Tata Power,TATAPOWER,500400,Power/Utilities,544.36,550.19,540.78,544.84,544.84,5092292,0.000882,550.21,588.58,0.321479,214165.0604,FALSE
20-03-2026,Tata Power,TATAPOWER,500400,Power/Utilities,544.84,561.65,541.3,560.38,560.38,5023061,0.028522,550.12,587.18,0.33286,214165.0604,FALSE
23-03-2026,Tata Power,TATAPOWER,500400,Power/Utilities,560.38,562.06,555.31,560.73,560.73,1066050,0.000625,550.1,585.23,0.320782,214165.0604,FALSE
24-03-2026,Tata Power,TATAPOWER,500400,Power/Utilities,560.73,565.55,547.26,552.39,552.39,7389402,-0.014873,550.48,582.52,0.312213,214165.0604,FALSE
25-03-2026,Tata Power,TATAPOWER,500400,Power/Utilities,552.39,553.73,546.66,549.94,549.94,4988879,-0.004435,550.31,579.4,0.306293,214165.0604,FALSE
26-03-2026,Tata Power,TATAPOWER,500400,Power/Utilities,549.94,551.92,533.2,535.43,535.43,2694542,-0.026385,549.72,576.39,0.305321,214165.0604,FALSE
27-03-2026,Tata Power,TATAPOWER,500400,Power/Utilities,535.43,543.91,533.48,540.05,540.05,5435226,0.008629,549.11,573.81,0.306722,214165.0604,FALSE
30-03-2026,Tata Power,TATAPOWER,500400,Power/Utilities,540.05,547.56,535.62,546.69,546.69,5744694,0.012295,549.37,571.86,0.306813,214165.0604,FALSE
31-03-2026,Tata Power,TATAPOWER,500400,Power/Utilities,546.69,574.87,543.16,573.96,573.96,7406828,0.049882,551.31,570.51,0.339671,214165.0604,FALSE
01-04-2026,Tata Power,TATAPOWER,500400,Power/Utilities,573.96,576.75,566.67,567.11,567.11,1238520,-0.011935,552.22,568.85,0.340361,214165.0604,FALSE
02-04-2026,Tata Power,TATAPOWER,500400,Power/Utilities,567.11,568.49,563.55,564.35,564.35,3896051,-0.004867,553.93,567.67,0.332311,214165.0604,FALSE
03-04-2026,Tata Power,TATAPOWER,500400,Power/Utilities,564.35,565.68,553.11,558.14,558.14,2261088,-0.011004,555.1,566.34,0.333357,214165.0604,FALSE
06-04-2026,Tata Power,TATAPOWER,500400,Power/Utilities,558.14,560.84,553.2,560.78,560.78,5021273,0.00473,558.73,565.69,0.323599,214165.0604,FALSE
07-04-2026,Tata Power,TATAPOWER,500400,Power/Utilities,560.78,567.44,555.45,565.35,565.35,4511255,0.008149,562.34,565.2,0.324672,214165.0604,FALSE
08-04-2026,Tata Power,TATAPOWER,500400,Power/Utilities,565.35,567.14,562.61,565.02,565.02,4324982,-0.000584,564.96,565.33,0.310221,214165.0604,FALSE
09-04-2026,Tata Power,TATAPOWER,500400,Power/Utilities,565.02,577.76,560.59,577.58,577.58,7874183,0.022229,565.48,565.67,0.315195,214165.0604,FALSE
10-04-2026,Tata Power,TATAPOWER,500400,Power/Utilities,577.58,581.17,566.02,570.74,570.74,4721594,-0.011843,565.99,565.63,0.316479,214165.0604,FALSE
13-04-2026,Tata Power,TATAPOWER,500400,Power/Utilities,570.74,585.94,568.94,582.29,582.29,3877090,0.020237,568.56,565.23,0.301118,214165.0604,FALSE
14-04-2026,Tata Power,TATAPOWER,500400,Power/Utilities,582.29,589.27,581.44,588.85,588.85,1471128,0.011266,572.94,564.72,0.298435,214165.0604,FALSE
15-04-2026,Tata Power,TATAPOWER,500400,Power/Utilities,588.85,590.87,582.98,589,589,3027258,0.000255,576.98,564.36,0.297647,214165.0604,FALSE
16-04-2026,Tata Power,TATAPOWER,500400,Power/Utilities,589,594.14,585.41,585.59,585.59,7280985,-0.005789,579.87,563.56,0.293426,214165.0604,FALSE
17-04-2026,Tata Power,TATAPOWER,500400,Power/Utilities,585.59,617.88,582.09,614.3,614.3,4161693,0.049027,586.91,564.27,0.316717,214165.0604,FALSE
20-04-2026,Tata Power,TATAPOWER,500400,Power/Utilities,614.3,616.83,600.64,604.57,604.57,7372886,-0.015839,590.76,565.02,0.315218,214165.0604,FALSE
21-04-2026,Tata Power,TATAPOWER,500400,Power/Utilities,604.57,611.3,600.45,608.47,608.47,4728392,0.006451,596.15,565.77,0.315112,214165.0604,FALSE
22-04-2026,Tata Power,TATAPOWER,500400,Power/Utilities,608.47,609.74,598.12,599.65,599.65,4836417,-0.014495,598.63,567.06,0.290467,214165.0604,FALSE
23-04-2026,Tata Power,TATAPOWER,500400,Power/Utilities,599.65,626.41,595.32,621.36,621.36,4009124,0.036204,603.28,569.08,0.306377,214165.0604,FALSE
24-04-2026,Tata Power,TATAPOWER,500400,Power/Utilities,621.36,638.48,620.02,632.7,632.7,4895888,0.01825,609.52,571.84,0.300858,214165.0604,FALSE
27-04-2026,Tata Power,TATAPOWER,500400,Power/Utilities,632.7,638.46,619.25,624.43,624.43,1466797,-0.013071,615.07,574.29,0.305276,214165.0604,FALSE
28-04-2026,Tata Power,TATAPOWER,500400,Power/Utilities,624.43,632.55,623.06,631.14,631.14,1402892,0.010746,617.47,577.34,0.296047,214165.0604,FALSE
29-04-2026,Tata Power,TATAPOWER,500400,Power/Utilities,631.14,636.68,626.74,634.71,634.71,4330420,0.005656,621.78,580.35,0.295854,214165.0604,FALSE
30-04-2026,Tata Power,TATAPOWER,500400,Power/Utilities,634.71,635.73,623.55,628.47,628.47,5185653,-0.009831,624.64,583.14,0.298858,214165.0604,FALSE
01-05-2026,Tata Power,TATAPOWER,500400,Power/Utilities,628.47,640.27,627.28,638.31,638.31,4856069,0.015657,630.16,585.74,0.29229,214165.0604,FALSE
04-05-2026,Tata Power,TATAPOWER,500400,Power/Utilities,638.31,645.74,636.79,643.6,643.6,4004062,0.008288,633.34,588.5,0.292249,214165.0604,FALSE
05-05-2026,Tata Power,TATAPOWER,500400,Power/Utilities,643.6,650.79,638.59,646.7,646.7,3058177,0.004817,635.34,591.64,0.286261,214165.0604,FALSE
06-05-2026,Tata Power,TATAPOWER,500400,Power/Utilities,646.7,647.93,645.93,646.48,646.48,5963305,-0.00034,638.49,594.86,0.28528,214165.0604,FALSE
07-05-2026,Tata Power,TATAPOWER,500400,Power/Utilities,646.48,658.38,645.25,652.38,652.38,5232980,0.009126,641.52,598.76,0.268817,214165.0604,FALSE
08-05-2026,Tata Power,TATAPOWER,500400,Power/Utilities,652.38,656.37,649.41,655.7,655.7,1329874,0.005089,644.52,602.61,0.268797,214165.0604,FALSE
11-05-2026,Tata Power,TATAPOWER,500400,Power/Utilities,655.7,656.85,649.6,656.8,656.8,4166679,0.001678,648.57,606.28,0.268612,214165.0604,FALSE
12-05-2026,Tata Power,TATAPOWER,500400,Power/Utilities,656.8,662.42,645.06,648.71,648.71,5976213,-0.012317,650.05,608.78,0.239807,214165.0604,FALSE
13-05-2026,Tata Power,TATAPOWER,500400,Power/Utilities,648.71,675.73,646.19,671.01,671.01,6489216,0.034376,653.97,612.24,0.250077,214165.0604,FALSE
14-05-2026,Tata Power,TATAPOWER,500400,Power/Utilities,671.01,673.39,650.82,657.25,657.25,3008256,-0.020506,655.48,615.34,0.259762,214165.0604,FALSE
15-05-2026,Tata Power,TATAPOWER,500400,Power/Utilities,657.25,667.15,654.2,663.2,663.2,7474802,0.009053,657.86,618.84,0.255343,214165.0604,FALSE
18-05-2026,Tata Power,TATAPOWER,500400,Power/Utilities,663.2,664.68,656.42,659.28,659.28,5561937,-0.005911,658.85,622.12,0.257615,214165.0604,FALSE
19-05-2026,Tata Power,TATAPOWER,500400,Power/Utilities,659.28,683.96,656.57,682.81,682.81,4063703,0.03569,662.72,626.04,0.272008,214165.0604,FALSE
20-05-2026,Tata Power,TATAPOWER,500400,Power/Utilities,682.81,686.03,668.72,670.81,670.81,5389881,-0.017574,664.72,629.56,0.280162,214165.0604,FALSE
21-05-2026,Tata Power,TATAPOWER,500400,Power/Utilities,670.81,673.18,659.13,661.28,661.28,7100677,-0.014207,666.52,632.35,0.281591,214165.0604,FALSE
22-05-2026,Tata Power,TATAPOWER,500400,Power/Utilities,661.28,665.35,644.33,648.79,648.79,2587890,-0.018888,663.35,634.95,0.285889,214165.0604,FALSE
25-05-2026,Tata Power,TATAPOWER,500400,Power/Utilities,648.79,654.74,648.52,653.31,653.31,2052575,0.006967,662.78,637.32,0.282077,214165.0604,FALSE
26-05-2026,Tata Power,TATAPOWER,500400,Power/Utilities,653.31,657.64,631.36,635.7,635.7,4083166,-0.026955,658.85,638.88,0.294972,214165.0604,FALSE
27-05-2026,Tata Power,TATAPOWER,500400,Power/Utilities,635.7,640.57,628.66,629.93,629.93,1587473,-0.009077,654.66,640.25,0.296883,214165.0604,FALSE
28-05-2026,Tata Power,TATAPOWER,500400,Power/Utilities,629.93,630.98,600.81,603.13,603.13,6849432,-0.042544,643.28,640.83,0.323611,214165.0604,FALSE
29-05-2026,Tata Power,TATAPOWER,500400,Power/Utilities,603.13,606.6,602.24,606.33,606.33,7793093,0.005306,634.07,640.57,0.290565,214165.0604,FALSE
01-06-2026,Tata Power,TATAPOWER,500400,Power/Utilities,606.33,609,597.25,600.57,600.57,5239141,-0.0095,625.39,640.43,0.288185,214165.0604,FALSE
02-06-2026,Tata Power,TATAPOWER,500400,Power/Utilities,600.57,605.22,578.74,582.99,582.99,7858947,-0.029272,615.99,639.58,0.299544,214165.0604,FALSE
03-06-2026,Tata Power,TATAPOWER,500400,Power/Utilities,582.99,599.82,580.93,595.94,595.94,1481168,0.022213,607.8,639.46,0.304299,214165.0604,FALSE
04-06-2026,Tata Power,TATAPOWER,500400,Power/Utilities,595.94,600.13,579.71,580.66,580.66,5427808,-0.02564,599.94,638.1,0.292884,214165.0604,FALSE
05-06-2026,Tata Power,TATAPOWER,500400,Power/Utilities,580.66,592.58,579.34,590.2,590.2,4100361,0.01643,594.26,636.69,0.291832,214165.0604,FALSE
08-06-2026,Tata Power,TATAPOWER,500400,Power/Utilities,590.2,591.59,577.46,582.22,582.22,2941561,-0.013521,591.27,635.28,0.291981,214165.0604,FALSE
09-06-2026,Tata Power,TATAPOWER,500400,Power/Utilities,582.22,604.36,580.66,601.16,601.16,3182400,0.032531,590.53,634.28,0.306803,214165.0604,FALSE
10-06-2026,Tata Power,TATAPOWER,500400,Power/Utilities,601.16,611.72,596.5,610.47,610.47,4816256,0.015487,591.95,633.47,0.310084,214165.0604,FALSE
11-06-2026,Tata Power,TATAPOWER,500400,Power/Utilities,610.47,614.91,596.49,598.47,598.47,5491519,-0.019657,594.16,632.47,0.313771,214165.0604,FALSE
12-06-2026,Tata Power,TATAPOWER,500400,Power/Utilities,598.47,599.65,586.68,587.79,587.79,2148066,-0.017846,593,630.79,0.312931,214165.0604,FALSE
15-06-2026,Tata Power,TATAPOWER,500400,Power/Utilities,587.79,596.94,583.52,595.21,595.21,5301947,0.012624,595.07,629.18,0.314485,214165.0604,FALSE
16-06-2026,Tata Power,TATAPOWER,500400,Power/Utilities,595.21,598.22,589.6,592.38,592.38,7485793,-0.004755,595.39,627.37,0.313796,214165.0604,FALSE
17-06-2026,Tata Power,TATAPOWER,500400,Power/Utilities,592.38,595.26,590.49,590.67,590.67,1072786,-0.002887,596.59,625.5,0.313714,214165.0604,FALSE
18-06-2026,Tata Power,TATAPOWER,500400,Power/Utilities,590.67,609.64,585,606,606,7148511,0.025954,597.28,623.96,0.322937,214165.0604,FALSE
19-06-2026,Tata Power,TATAPOWER,500400,Power/Utilities,606,608.65,596.34,597.22,597.22,5253868,-0.014488,595.39,622.01,0.32405,214165.0604,FALSE
22-06-2026,Tata Power,TATAPOWER,500400,Power/Utilities,597.22,604.12,595.11,598.61,598.61,3395536,0.002327,595.41,620.07,0.324136,214165.0604,FALSE
23-06-2026,Tata Power,TATAPOWER,500400,Power/Utilities,598.61,615.47,596.31,610.34,610.34,6143947,0.019595,598.63,618.79,0.329223,214165.0604,FALSE
24-06-2026,Tata Power,TATAPOWER,500400,Power/Utilities,610.34,625.98,607.35,620.52,620.52,5324509,0.016679,602.25,617.11,0.316046,214165.0604,FALSE
25-06-2026,Tata Power,TATAPOWER,500400,Power/Utilities,620.52,624.43,613.99,618.85,618.85,6381110,-0.002691,606.03,615.83,0.311367,214165.0604,FALSE
26-06-2026,Tata Power,TATAPOWER,500400,Power/Utilities,618.85,622.78,615.55,615.59,615.59,1569020,-0.005268,609.59,614.24,0.309784,214165.0604,FALSE
29-06-2026,Tata Power,TATAPOWER,500400,Power/Utilities,615.59,619.34,588.94,594.49,594.49,1412830,-0.034276,607.95,612.08,0.323275,214165.0604,FALSE
30-06-2026,Tata Power,TATAPOWER,500400,Power/Utilities,594.49,597.07,578.46,582.23,582.23,5494100,-0.020623,605.8,608.73,0.305029,214165.0604,FALSE
01-07-2026,Tata Power,TATAPOWER,500400,Power/Utilities,582.23,588.11,576.69,586.22,586.22,3125608,0.006853,604.03,605.91,0.304577,214165.0604,FALSE
02-07-2026,Tata Power,TATAPOWER,500400,Power/Utilities,586.22,589.69,580.12,584.9,584.9,2667896,-0.002252,600.4,603.36,0.303167,214165.0604,FALSE
03-07-2026,Tata Power,TATAPOWER,500400,Power/Utilities,584.9,586.22,579.47,586.07,586.07,3948914,0.002,595.48,601.27,0.300228,214165.0604,FALSE
06-07-2026,Tata Power,TATAPOWER,500400,Power/Utilities,586.07,598.59,582.55,598.54,598.54,6076502,0.021277,592.58,599.45,0.307226,214165.0604,FALSE
07-07-2026,Tata Power,TATAPOWER,500400,Power/Utilities,598.54,603.64,582.54,584.63,584.63,2258401,-0.02324,588.15,597.74,0.30486,214165.0604,FALSE
08-07-2026,Tata Power,TATAPOWER,500400,Power/Utilities,584.63,584.9,579.58,582.16,582.16,7812364,-0.004225,586.39,596.15,0.304289,214165.0604,FALSE
09-07-2026,Tata Power,TATAPOWER,500400,Power/Utilities,582.16,587.72,578.33,584.65,584.65,3945137,0.004277,586.74,595.54,0.279962,214165.0604,FALSE
10-07-2026,Tata Power,TATAPOWER,500400,Power/Utilities,584.65,588.24,574.25,576.71,576.71,2054058,-0.013581,585.38,594.55,0.281678,214165.0604,FALSE
31-12-2024,Tata Steel,TATASTEEL,500470,Metals & Mining,500,514.35,496.64,511.04,511.04,4910720,,585.16,593.45,0.266032,1315487.875,FALSE
01-01-2025,Tata Steel,TATASTEEL,500470,Metals & Mining,511.04,513.51,495.85,499.06,499.06,4048764,-0.023442,584.655,592.432,0.2547265,1315487.875,FALSE
02-01-2025,Tata Steel,TATASTEEL,500470,Metals & Mining,499.06,507.9,498.11,505.68,505.68,5563736,0.013265,584.15,591.414,0.243421,1315487.875,FALSE
03-01-2025,Tata Steel,TATASTEEL,500470,Metals & Mining,505.68,509.86,505.14,509.29,509.29,5884037,0.007139,583.645,590.396,0.2321155,1315487.875,FALSE
06-01-2025,Tata Steel,TATASTEEL,500470,Metals & Mining,509.29,519.86,504.37,517.18,517.18,5640450,0.015492,583.14,589.378,0.22081,1315487.875,FALSE
07-01-2025,Tata Steel,TATASTEEL,500470,Metals & Mining,517.18,526.99,514.08,526.46,526.46,5212579,0.017943,582.635,588.36,0.2095045,1315487.875,FALSE
08-01-2025,Tata Steel,TATASTEEL,500470,Metals & Mining,526.46,527.32,517.25,519.41,519.41,4360216,-0.013391,512.59,587.342,0.198199,1315487.875,FALSE
09-01-2025,Tata Steel,TATASTEEL,500470,Metals & Mining,519.41,520.1,499.91,502.87,502.87,5533484,-0.031844,511.42,586.324,0.1868935,1315487.875,FALSE
10-01-2025,Tata Steel,TATASTEEL,500470,Metals & Mining,502.87,507.67,497.45,497.76,497.76,7336304,-0.010162,511.24,585.306,0.175588,1315487.875,FALSE
13-01-2025,Tata Steel,TATASTEEL,500470,Metals & Mining,497.76,508.3,493.67,506.86,506.86,3728416,0.018282,511.4,584.288,0.1642825,1315487.875,FALSE
14-01-2025,Tata Steel,TATASTEEL,500470,Metals & Mining,497.76,508.3,493.67,506.86,506.86,4576140,0,511.06,583.27,0.152977,1315487.875,TRUE
15-01-2025,Tata Steel,TATASTEEL,500470,Metals & Mining,501.62,503.23,490.92,494.91,494.91,2260530,-0.023577,507.88,582.252,0.1416715,1315487.875,FALSE
16-01-2025,Tata Steel,TATASTEEL,500470,Metals & Mining,494.91,499.35,474.58,477.13,477.13,3485420,-0.035926,500.83,581.234,0.130366,1315487.875,FALSE
17-01-2025,Tata Steel,TATASTEEL,500470,Metals & Mining,477.13,496.87,475.81,494.09,494.09,6404333,0.035546,497.21,580.216,0.1190605,1315487.875,FALSE
20-01-2025,Tata Steel,TATASTEEL,500470,Metals & Mining,494.09,507.11,493.94,502.5,502.5,5482625,0.017021,497.16,579.198,0.107755,1315487.875,FALSE
21-01-2025,Tata Steel,TATASTEEL,500470,Metals & Mining,502.5,512.01,498.4,510.48,510.48,2478023,0.015881,498.98,578.18,0.0964495,1315487.875,FALSE
22-01-2025,Tata Steel,TATASTEEL,500470,Metals & Mining,510.48,521.22,509.58,520.62,520.62,4822976,0.019864,500.94,493.3645714,0.085144,1315487.875,FALSE
23-01-2025,Tata Steel,TATASTEEL,500470,Metals & Mining,520.62,529.82,520.35,526.88,526.88,6683728,0.012024,503.8,495.6168571,0.3452679,1315487.875,FALSE
24-01-2025,Tata Steel,TATASTEEL,500470,Metals & Mining,526.88,528.71,520.61,524.57,524.57,1868138,-0.004384,508.04,497.8691429,0.343222,1315487.875,FALSE
27-01-2025,Tata Steel,TATASTEEL,500470,Metals & Mining,524.57,528.78,521.29,523.12,523.12,1433639,-0.002764,514.61,500.1214286,0.3411761,1315487.875,FALSE
28-01-2025,Tata Steel,TATASTEEL,500470,Metals & Mining,523.12,527.72,516.89,518.91,518.91,3749077,-0.008048,518.15,502.3737143,0.3391302,1315487.875,FALSE
29-01-2025,Tata Steel,TATASTEEL,500470,Metals & Mining,518.91,549.09,517.62,546.51,546.51,5595832,0.053188,524.44,504.626,0.3370843,1315487.875,FALSE
30-01-2025,Tata Steel,TATASTEEL,500470,Metals & Mining,546.51,558.23,541.81,552.86,552.86,3193277,0.011619,530.5,506.8782857,0.3350384,1315487.875,FALSE
31-01-2025,Tata Steel,TATASTEEL,500470,Metals & Mining,552.86,555.92,546.38,548.01,548.01,6747232,-0.008773,534.41,509.1305714,0.3329925,1315487.875,FALSE
03-02-2025,Tata Steel,TATASTEEL,500470,Metals & Mining,548.01,554.88,546.85,553.38,553.38,6927836,0.009799,538.19,511.3828571,0.3309466,1315487.875,FALSE
04-02-2025,Tata Steel,TATASTEEL,500470,Metals & Mining,553.38,556.09,540.79,542.47,542.47,4727635,-0.019715,540.75,513.6351429,0.3289007,1315487.875,FALSE
05-02-2025,Tata Steel,TATASTEEL,500470,Metals & Mining,542.47,559.27,541.37,559.07,559.07,3651897,0.030601,545.89,515.8874286,0.3268548,1315487.875,FALSE
06-02-2025,Tata Steel,TATASTEEL,500470,Metals & Mining,559.07,563.56,550.2,551.95,551.95,1292012,-0.012735,550.61,518.1397143,0.3248089,1315487.875,FALSE
07-02-2025,Tata Steel,TATASTEEL,500470,Metals & Mining,551.95,558.33,551.5,557.76,557.76,6750886,0.010526,552.21,520.392,0.322763,1315487.875,FALSE
10-02-2025,Tata Steel,TATASTEEL,500470,Metals & Mining,557.76,571.69,556.88,569.93,569.93,7266977,0.021819,554.65,522.59,0.3207171,1315487.875,FALSE
11-02-2025,Tata Steel,TATASTEEL,500470,Metals & Mining,569.93,577.85,567.55,574.6,574.6,4096727,0.008194,558.45,524.71,0.323218,1315487.875,FALSE
12-02-2025,Tata Steel,TATASTEEL,500470,Metals & Mining,574.6,576.22,569.55,575.97,575.97,4615278,0.002384,561.68,527.27,0.312577,1315487.875,FALSE
13-02-2025,Tata Steel,TATASTEEL,500470,Metals & Mining,575.97,576.84,575.64,576.39,576.39,6274503,0.000729,566.52,529.63,0.311798,1315487.875,FALSE
14-02-2025,Tata Steel,TATASTEEL,500470,Metals & Mining,576.39,580.4,574.8,576.02,576.02,5867596,-0.000642,568.95,531.85,0.312054,1315487.875,FALSE
17-02-2025,Tata Steel,TATASTEEL,500470,Metals & Mining,576.02,576.44,564.49,569.67,569.67,1946973,-0.011024,571.48,533.6,0.31325,1315487.875,FALSE
18-02-2025,Tata Steel,TATASTEEL,500470,Metals & Mining,569.67,572.39,559.81,564.83,564.83,5706186,-0.008496,572.49,534.88,0.311964,1315487.875,FALSE
19-02-2025,Tata Steel,TATASTEEL,500470,Metals & Mining,564.83,583.8,560.99,581.83,581.83,7472551,0.030098,574.19,536.96,0.318077,1315487.875,FALSE
20-02-2025,Tata Steel,TATASTEEL,500470,Metals & Mining,581.83,583.16,579.46,580.86,580.86,6254798,-0.001667,575.08,539.56,0.300054,1315487.875,FALSE
21-02-2025,Tata Steel,TATASTEEL,500470,Metals & Mining,580.86,581.95,569.62,572.02,572.02,4363919,-0.015219,574.52,542.04,0.30262,1315487.875,FALSE
24-02-2025,Tata Steel,TATASTEEL,500470,Metals & Mining,572.02,576.39,565.2,566.4,566.4,4662128,-0.009825,573.09,544.02,0.30272,1315487.875,FALSE
25-02-2025,Tata Steel,TATASTEEL,500470,Metals & Mining,566.4,584.66,565.67,579.15,579.15,2818587,0.022511,573.54,546.43,0.307208,1315487.875,FALSE
26-02-2025,Tata Steel,TATASTEEL,500470,Metals & Mining,579.15,588.08,576.95,587.26,587.26,5625315,0.014003,576.05,549.51,0.296336,1315487.875,FALSE
27-02-2025,Tata Steel,TATASTEEL,500470,Metals & Mining,587.26,599.84,583.88,594.14,594.14,2690427,0.011715,580.24,553.41,0.268814,1315487.875,FALSE
28-02-2025,Tata Steel,TATASTEEL,500470,Metals & Mining,594.14,597.67,589.24,591.37,591.37,3393012,-0.004662,581.6,556.65,0.257342,1315487.875,FALSE
03-03-2025,Tata Steel,TATASTEEL,500470,Metals & Mining,591.37,602.29,587.76,598.45,598.45,2855541,0.011972,584.11,559.85,0.255898,1315487.875,FALSE
04-03-2025,Tata Steel,TATASTEEL,500470,Metals & Mining,598.45,602.7,589.3,591.05,591.05,3347242,-0.012365,586.83,562.54,0.259457,1315487.875,FALSE
05-03-2025,Tata Steel,TATASTEEL,500470,Metals & Mining,591.05,595.21,586.24,588.27,588.27,3567069,-0.004703,589.96,564.79,0.257005,1315487.875,FALSE
06-03-2025,Tata Steel,TATASTEEL,500470,Metals & Mining,588.27,604.9,583.62,599.98,599.98,1580841,0.019906,592.93,567.23,0.260086,1315487.875,FALSE
07-03-2025,Tata Steel,TATASTEEL,500470,Metals & Mining,599.98,613.72,594.71,610.77,610.77,6022636,0.017984,596.29,570.1,0.261546,1315487.875,FALSE
10-03-2025,Tata Steel,TATASTEEL,500470,Metals & Mining,610.77,614.03,597.15,599.08,599.08,4086955,-0.01914,597,572.63,0.270054,1315487.875,FALSE
11-03-2025,Tata Steel,TATASTEEL,500470,Metals & Mining,599.08,601.02,585.76,589.13,589.13,7647221,-0.016609,596.68,574.97,0.274658,1315487.875,FALSE
12-03-2025,Tata Steel,TATASTEEL,500470,Metals & Mining,589.13,591.33,587.49,590.7,590.7,2266200,0.002665,595.57,576.45,0.232432,1315487.875,FALSE
13-03-2025,Tata Steel,TATASTEEL,500470,Metals & Mining,590.7,615.46,590.39,611.39,611.39,5683262,0.035026,598.47,578.4,0.249511,1315487.875,FALSE
14-03-2025,Tata Steel,TATASTEEL,500470,Metals & Mining,611.39,611.6,583.93,588.27,588.27,2254315,-0.037815,598.47,579.74,0.274817,1315487.875,FALSE
17-03-2025,Tata Steel,TATASTEEL,500470,Metals & Mining,588.27,593.47,587.27,591.84,591.84,4830163,0.006069,597.31,581.02,0.274169,1315487.875,FALSE
18-03-2025,Tata Steel,TATASTEEL,500470,Metals & Mining,591.84,592.4,573.4,575.85,575.85,4436161,-0.027017,592.32,582.13,0.280038,1315487.875,FALSE
19-03-2025,Tata Steel,TATASTEEL,500470,Metals & Mining,575.85,576.95,566.06,568.83,568.83,4140184,-0.012191,588,582.46,0.269516,1315487.875,FALSE
20-03-2025,Tata Steel,TATASTEEL,500470,Metals & Mining,568.83,572.47,563.93,564.97,564.97,5582990,-0.006786,584.55,582.89,0.26748,1315487.875,FALSE
21-03-2025,Tata Steel,TATASTEEL,500470,Metals & Mining,564.97,568.52,559.97,560.5,560.5,6797361,-0.007912,580.24,582.98,0.26706,1315487.875,FALSE
24-03-2025,Tata Steel,TATASTEEL,500470,Metals & Mining,560.5,562.86,552.87,554.8,554.8,3217052,-0.010169,572.15,582.48,0.260679,1315487.875,FALSE
25-03-2025,Tata Steel,TATASTEEL,500470,Metals & Mining,554.8,555.66,549.52,555.16,555.16,6947600,0.000649,567.42,581.83,0.259339,1315487.875,FALSE
26-03-2025,Tata Steel,TATASTEEL,500470,Metals & Mining,555.16,557.56,546.11,549.49,549.49,2293960,-0.010213,561.37,580.95,0.26047,1315487.875,FALSE
27-03-2025,Tata Steel,TATASTEEL,500470,Metals & Mining,549.49,551.43,531.66,533.69,533.69,3051263,-0.028754,555.35,579.53,0.272096,1315487.875,FALSE
28-03-2025,Tata Steel,TATASTEEL,500470,Metals & Mining,533.69,546.19,533.49,542.29,542.29,3174693,0.016114,551.56,578.4,0.277331,1315487.875,FALSE
31-03-2025,Tata Steel,TATASTEEL,500470,Metals & Mining,542.29,553.91,539.03,550.72,550.72,7673941,0.015545,549.52,577.77,0.280378,1315487.875,FALSE
01-04-2025,Tata Steel,TATASTEEL,500470,Metals & Mining,550.72,563.04,550.21,560.28,560.28,1830012,0.017359,549.49,577.62,0.284338,1315487.875,FALSE
02-04-2025,Tata Steel,TATASTEEL,500470,Metals & Mining,560.28,563.01,540.35,543.3,543.3,3765807,-0.030306,547.85,576.33,0.282454,1315487.875,FALSE
03-04-2025,Tata Steel,TATASTEEL,500470,Metals & Mining,543.3,552.1,539.21,546.82,546.82,3971060,0.006479,546.66,575.2,0.283554,1315487.875,FALSE
04-04-2025,Tata Steel,TATASTEEL,500470,Metals & Mining,546.82,558.68,544.5,554.49,554.49,6600546,0.014027,547.37,574.61,0.284246,1315487.875,FALSE
07-04-2025,Tata Steel,TATASTEEL,500470,Metals & Mining,554.49,557.24,541.7,543.33,543.33,4401296,-0.020127,548.75,573.85,0.288597,1315487.875,FALSE
08-04-2025,Tata Steel,TATASTEEL,500470,Metals & Mining,543.33,546.3,543.07,543.7,543.7,7767739,0.000681,548.95,572.66,0.279797,1315487.875,FALSE
09-04-2025,Tata Steel,TATASTEEL,500470,Metals & Mining,543.7,543.84,542.57,542.71,542.71,6182239,-0.001821,547.8,571.18,0.275684,1315487.875,FALSE
10-04-2025,Tata Steel,TATASTEEL,500470,Metals & Mining,542.71,568.28,540.37,562.97,562.97,5925606,0.037331,548.19,570.14,0.296366,1315487.875,FALSE
11-04-2025,Tata Steel,TATASTEEL,500470,Metals & Mining,562.97,586.79,558,584.92,584.92,6270435,0.03899,554.13,569.92,0.318647,1315487.875,FALSE
14-04-2025,Tata Steel,TATASTEEL,500470,Metals & Mining,584.92,586.42,564.36,565.74,565.74,2130855,-0.032791,556.84,568.83,0.330031,1315487.875,FALSE
15-04-2025,Tata Steel,TATASTEEL,500470,Metals & Mining,565.74,600.18,562.5,594.25,594.25,4143357,0.050394,562.52,568.94,0.361017,1315487.875,FALSE
16-04-2025,Tata Steel,TATASTEEL,500470,Metals & Mining,594.25,598.52,579.67,583.67,583.67,5102958,-0.017804,568.28,568.79,0.364614,1315487.875,FALSE
17-04-2025,Tata Steel,TATASTEEL,500470,Metals & Mining,583.67,595.69,583.31,595.4,595.4,2459329,0.020097,575.67,568.64,0.364705,1315487.875,FALSE
18-04-2025,Tata Steel,TATASTEEL,500470,Metals & Mining,595.4,607.63,594.49,607.26,607.26,1831439,0.019919,584.89,568.52,0.365576,1315487.875,FALSE
21-04-2025,Tata Steel,TATASTEEL,500470,Metals & Mining,607.26,607.41,593.5,595.47,595.47,1950365,-0.019415,589.53,568.4,0.365703,1315487.875,FALSE
22-04-2025,Tata Steel,TATASTEEL,500470,Metals & Mining,595.47,605.25,591.48,601.64,601.64,6523994,0.010362,591.92,568.82,0.363371,1315487.875,FALSE
23-04-2025,Tata Steel,TATASTEEL,500470,Metals & Mining,601.64,602.07,598.01,600.65,600.65,5598167,-0.001646,596.91,569.15,0.363409,1315487.875,FALSE
24-04-2025,Tata Steel,TATASTEEL,500470,Metals & Mining,600.65,613.28,596.24,607.61,607.61,2969206,0.011587,598.81,569.02,0.350347,1315487.875,FALSE
25-04-2025,Tata Steel,TATASTEEL,500470,Metals & Mining,607.61,616.44,602.34,610.72,610.72,6160447,0.005118,602.68,569.77,0.331647,1315487.875,FALSE
28-04-2025,Tata Steel,TATASTEEL,500470,Metals & Mining,610.72,629.05,606.08,625.63,625.63,5866503,0.024414,607,570.9,0.338063,1315487.875,FALSE
29-04-2025,Tata Steel,TATASTEEL,500470,Metals & Mining,625.63,630.76,619.43,626.89,626.89,6715512,0.002014,609.8,572.6,0.326635,1315487.875,FALSE
30-04-2025,Tata Steel,TATASTEEL,500470,Metals & Mining,626.89,628.72,620.38,625.1,625.1,7370627,-0.002855,614.03,574.47,0.323962,1315487.875,FALSE
01-05-2025,Tata Steel,TATASTEEL,500470,Metals & Mining,625.1,639.52,619.77,639.11,639.11,7175638,0.022412,619.39,576.94,0.327062,1315487.875,FALSE
02-05-2025,Tata Steel,TATASTEEL,500470,Metals & Mining,639.11,651.62,633.79,646.85,646.85,2267068,0.012111,625.99,579.82,0.325699,1315487.875,FALSE
05-05-2025,Tata Steel,TATASTEEL,500470,Metals & Mining,646.85,657.31,642.13,656.64,656.64,6384804,0.015135,632.99,583.22,0.323715,1315487.875,FALSE
06-05-2025,Tata Steel,TATASTEEL,500470,Metals & Mining,656.64,657.2,643.05,648.24,648.24,3750004,-0.012792,638.35,586.32,0.327903,1315487.875,FALSE
07-05-2025,Tata Steel,TATASTEEL,500470,Metals & Mining,648.24,650.26,629.08,635.02,635.02,3821855,-0.020394,639.69,589.17,0.333393,1315487.875,FALSE
08-05-2025,Tata Steel,TATASTEEL,500470,Metals & Mining,635.02,635.1,625.14,628.12,628.12,5529831,-0.010866,639.87,592.32,0.321451,1315487.875,FALSE
09-05-2025,Tata Steel,TATASTEEL,500470,Metals & Mining,628.12,630.85,616.68,620.64,620.64,5215317,-0.011909,639.23,594.93,0.323771,1315487.875,FALSE
12-05-2025,Tata Steel,TATASTEEL,500470,Metals & Mining,620.64,635.17,617.44,630.71,630.71,3937610,0.016225,638.03,597.6,0.323974,1315487.875,FALSE
13-05-2025,Tata Steel,TATASTEEL,500470,Metals & Mining,630.71,648.49,625.34,643.33,643.33,7996396,0.020009,637.53,600.36,0.324962,1315487.875,FALSE
14-05-2025,Tata Steel,TATASTEEL,500470,Metals & Mining,643.33,647.22,638.89,641.66,641.66,2223732,-0.002596,635.39,603.64,0.308438,1315487.875,FALSE
15-05-2025,Tata Steel,TATASTEEL,500470,Metals & Mining,641.66,665.94,636.4,660.34,660.34,1678396,0.029112,637.12,607.43,0.315795,1315487.875,FALSE
16-05-2025,Tata Steel,TATASTEEL,500470,Metals & Mining,660.34,681.51,655.07,678.75,678.75,1203501,0.02788,643.36,611.57,0.321172,1315487.875,FALSE
19-05-2025,Tata Steel,TATASTEEL,500470,Metals & Mining,678.75,688.18,672.22,682.39,682.39,6699674,0.005363,651.12,616.2,0.310822,1315487.875,FALSE
20-05-2025,Tata Steel,TATASTEEL,500470,Metals & Mining,682.39,685.85,669.84,671.51,671.51,3846187,-0.015944,658.38,620.46,0.317791,1315487.875,FALSE
21-05-2025,Tata Steel,TATASTEEL,500470,Metals & Mining,671.51,694.55,666.75,693.01,693.01,4061400,0.032017,667.28,625.47,0.324457,1315487.875,FALSE
22-05-2025,Tata Steel,TATASTEEL,500470,Metals & Mining,693.01,699.55,687.27,692.51,692.51,5544463,-0.000721,674.31,629.79,0.313514,1315487.875,FALSE
23-05-2025,Tata Steel,TATASTEEL,500470,Metals & Mining,692.51,696.51,686.03,694.6,694.6,4047769,0.003018,681.87,633.45,0.298718,1315487.875,FALSE
26-05-2025,Tata Steel,TATASTEEL,500470,Metals & Mining,694.6,694.78,683.97,690.23,690.23,5017889,-0.006291,686.14,637.6,0.278038,1315487.875,FALSE
27-05-2025,Tata Steel,TATASTEEL,500470,Metals & Mining,690.23,691.91,674.4,678.29,678.29,1409179,-0.017299,686.08,640.4,0.253986,1315487.875,FALSE
28-05-2025,Tata Steel,TATASTEEL,500470,Metals & Mining,678.29,680.78,654.89,658.71,658.71,2093688,-0.028867,682.69,642.9,0.26426,1315487.875,FALSE
29-05-2025,Tata Steel,TATASTEEL,500470,Metals & Mining,658.71,669.72,657.61,667.38,667.38,7524263,0.013162,682.1,645.3,0.261377,1315487.875,FALSE
30-05-2025,Tata Steel,TATASTEEL,500470,Metals & Mining,667.38,670.88,650.85,657.25,657.25,4154854,-0.015179,677,646.97,0.262526,1315487.875,FALSE
02-06-2025,Tata Steel,TATASTEEL,500470,Metals & Mining,657.25,703.96,655.58,697.8,697.8,2171707,0.061696,677.75,650.38,0.304807,1315487.875,FALSE
03-06-2025,Tata Steel,TATASTEEL,500470,Metals & Mining,697.8,699.84,678.04,682.99,682.99,3586297,-0.021224,676.09,653.09,0.314015,1315487.875,FALSE
04-06-2025,Tata Steel,TATASTEEL,500470,Metals & Mining,682.99,686.55,660.86,666.16,666.16,3343517,-0.024642,672.65,655.27,0.324767,1315487.875,FALSE
05-06-2025,Tata Steel,TATASTEEL,500470,Metals & Mining,666.16,675.58,663.22,673.29,673.29,2919416,0.010703,671.94,657.46,0.324589,1315487.875,FALSE
06-06-2025,Tata Steel,TATASTEEL,500470,Metals & Mining,673.29,699.92,671.87,694.22,694.22,3055289,0.031086,677.01,660.25,0.334209,1315487.875,FALSE
09-06-2025,Tata Steel,TATASTEEL,500470,Metals & Mining,694.22,696.56,692.91,695.46,695.46,6104898,0.001786,681.02,662.57,0.32888,1315487.875,FALSE
10-06-2025,Tata Steel,TATASTEEL,500470,Metals & Mining,695.46,704.5,689.5,703.77,703.77,1747368,0.011949,687.67,665.14,0.329687,1315487.875,FALSE
11-06-2025,Tata Steel,TATASTEEL,500470,Metals & Mining,703.77,707.31,674.71,678.17,678.17,3167564,-0.036376,684.87,666.91,0.349523,1315487.875,FALSE
12-06-2025,Tata Steel,TATASTEEL,500470,Metals & Mining,678.17,682.73,668.72,669.32,669.32,4275659,-0.01305,682.91,667.91,0.347472,1315487.875,FALSE
13-06-2025,Tata Steel,TATASTEEL,500470,Metals & Mining,669.32,674.65,650.59,655.28,655.28,4780993,-0.020977,681.36,668.19,0.352117,1315487.875,FALSE
16-06-2025,Tata Steel,TATASTEEL,500470,Metals & Mining,655.28,659.15,629.2,630.78,630.78,7163540,-0.037389,675.29,667.33,0.365996,1315487.875,FALSE
17-06-2025,Tata Steel,TATASTEEL,500470,Metals & Mining,630.78,637.46,625.25,632.57,632.57,7462564,0.002838,666.48,666.81,0.364452,1315487.875,FALSE
18-06-2025,Tata Steel,TATASTEEL,500470,Metals & Mining,632.57,635.05,602.64,604.51,604.51,3081891,-0.044359,653.49,665.79,0.38198,1315487.875,FALSE
19-06-2025,Tata Steel,TATASTEEL,500470,Metals & Mining,604.51,604.71,587.65,588.83,588.83,4774931,-0.025938,637.07,664.48,0.387694,1315487.875,FALSE
20-06-2025,Tata Steel,TATASTEEL,500470,Metals & Mining,588.83,589.51,582.3,582.79,582.79,1156485,-0.010258,623.44,663.22,0.387352,1315487.875,FALSE
23-06-2025,Tata Steel,TATASTEEL,500470,Metals & Mining,582.79,583.02,570.46,573.4,573.4,5319160,-0.016112,609.74,661.31,0.385604,1315487.875,FALSE
24-06-2025,Tata Steel,TATASTEEL,500470,Metals & Mining,573.4,580.13,570.81,578.23,578.23,2070314,0.008423,598.73,659.14,0.381061,1315487.875,FALSE
25-06-2025,Tata Steel,TATASTEEL,500470,Metals & Mining,578.23,584.94,573.88,582.05,582.05,1512721,0.006606,591.77,657.15,0.382135,1315487.875,FALSE
26-06-2025,Tata Steel,TATASTEEL,500470,Metals & Mining,582.05,594.86,579.35,592.75,592.75,5702044,0.018383,586.08,654.9,0.375517,1315487.875,FALSE
27-06-2025,Tata Steel,TATASTEEL,500470,Metals & Mining,592.75,605.34,590.71,601.96,601.96,2246939,0.015538,585.72,652.34,0.368238,1315487.875,FALSE
30-06-2025,Tata Steel,TATASTEEL,500470,Metals & Mining,601.96,618.96,600.39,616,616,4341630,0.023324,589.6,650.13,0.375698,1315487.875,FALSE
01-07-2025,Tata Steel,TATASTEEL,500470,Metals & Mining,616,620.46,614.29,616.28,616.28,1706658,0.000455,594.38,648.29,0.373842,1315487.875,FALSE
02-07-2025,Tata Steel,TATASTEEL,500470,Metals & Mining,616.28,624.47,610.56,620.33,620.33,6219695,0.006572,601.09,645.86,0.360406,1315487.875,FALSE
03-07-2025,Tata Steel,TATASTEEL,500470,Metals & Mining,620.33,628.98,619.31,626.99,626.99,6353690,0.010736,608.05,643.68,0.362679,1315487.875,FALSE
04-07-2025,Tata Steel,TATASTEEL,500470,Metals & Mining,626.99,631.26,620.79,629.08,629.08,5023655,0.003333,614.77,641.5,0.362726,1315487.875,FALSE
07-07-2025,Tata Steel,TATASTEEL,500470,Metals & Mining,629.08,632.76,622.35,624.39,624.39,6851447,-0.007455,619.29,639.3,0.362832,1315487.875,FALSE
08-07-2025,Tata Steel,TATASTEEL,500470,Metals & Mining,624.39,628.12,620.01,620.56,620.56,4057618,-0.006134,621.95,637.38,0.360467,1315487.875,FALSE
09-07-2025,Tata Steel,TATASTEEL,500470,Metals & Mining,620.56,622.51,609.2,610.72,610.72,2305187,-0.015857,621.19,635.78,0.354181,1315487.875,FALSE
10-07-2025,Tata Steel,TATASTEEL,500470,Metals & Mining,610.72,618.21,610.36,616.17,616.17,2059338,0.008924,621.18,634.07,0.352786,1315487.875,FALSE
11-07-2025,Tata Steel,TATASTEEL,500470,Metals & Mining,616.17,620.45,610.46,615.32,615.32,2534902,-0.001379,620.46,632.67,0.35071,1315487.875,FALSE
14-07-2025,Tata Steel,TATASTEEL,500470,Metals & Mining,615.32,619.31,604.36,607.47,607.47,2402150,-0.012758,617.67,629.66,0.295286,1315487.875,FALSE
15-07-2025,Tata Steel,TATASTEEL,500470,Metals & Mining,607.47,608.29,597.71,599.73,599.73,3262451,-0.012741,613.48,626.89,0.292103,1315487.875,FALSE
16-07-2025,Tata Steel,TATASTEEL,500470,Metals & Mining,599.73,602.37,581.63,585.51,585.51,2500368,-0.023711,607.93,624.2,0.291548,1315487.875,FALSE
17-07-2025,Tata Steel,TATASTEEL,500470,Metals & Mining,585.51,602.6,581.82,597.26,597.26,5137543,0.020068,604.6,621.66,0.296902,1315487.875,FALSE
18-07-2025,Tata Steel,TATASTEEL,500470,Metals & Mining,597.26,598.72,591.65,598.5,598.5,2038532,0.002076,602.85,618.47,0.27861,1315487.875,FALSE
21-07-2025,Tata Steel,TATASTEEL,500470,Metals & Mining,598.5,603.62,582.82,588.47,588.47,5352573,-0.016759,598.89,614.91,0.279991,1315487.875,FALSE
22-07-2025,Tata Steel,TATASTEEL,500470,Metals & Mining,588.47,599.26,584.47,598.28,598.28,3338702,0.01667,596.46,611.39,0.282853,1315487.875,FALSE
23-07-2025,Tata Steel,TATASTEEL,500470,Metals & Mining,598.28,601.32,587.04,591.88,591.88,5807277,-0.010697,594.23,608.51,0.267677,1315487.875,FALSE
24-07-2025,Tata Steel,TATASTEEL,500470,Metals & Mining,591.88,594.39,570.96,575.52,575.52,4590461,-0.027641,590.77,605.39,0.27502,1315487.875,FALSE
25-07-2025,Tata Steel,TATASTEEL,500470,Metals & Mining,575.52,587.63,572.7,587.57,587.57,7336349,0.020938,591.07,603.13,0.28047,1315487.875,FALSE
28-07-2025,Tata Steel,TATASTEEL,500470,Metals & Mining,587.57,592.94,577.45,581.55,581.55,4079138,-0.010246,588.82,601.49,0.262402,1315487.875,FALSE
29-07-2025,Tata Steel,TATASTEEL,500470,Metals & Mining,581.55,584.19,576.63,577.08,577.08,3065280,-0.007686,585.76,599.64,0.262289,1315487.875,FALSE
30-07-2025,Tata Steel,TATASTEEL,500470,Metals & Mining,577.08,583.36,572.71,577.85,577.85,5123832,0.001334,584.25,598.75,0.231146,1315487.875,FALSE
31-07-2025,Tata Steel,TATASTEEL,500470,Metals & Mining,577.85,593.04,572.29,591.34,591.34,5611312,0.023345,583.26,598.83,0.229812,1315487.875,FALSE
01-08-2025,Tata Steel,TATASTEEL,500470,Metals & Mining,591.34,597,590.84,591.87,591.87,4074679,0.000896,583.25,599.14,0.227646,1315487.875,FALSE
04-08-2025,Tata Steel,TATASTEEL,500470,Metals & Mining,591.87,597.33,573.14,577.97,577.97,4918059,-0.023485,583.6,599.29,0.233287,1315487.875,FALSE
05-08-2025,Tata Steel,TATASTEEL,500470,Metals & Mining,577.97,587.81,572.58,584.55,584.55,4296059,0.011385,583.17,599.5,0.234331,1315487.875,FALSE
06-08-2025,Tata Steel,TATASTEEL,500470,Metals & Mining,584.55,585.74,577.86,579.17,579.17,3140860,-0.009204,582.83,599.4,0.235211,1315487.875,FALSE
07-08-2025,Tata Steel,TATASTEEL,500470,Metals & Mining,579.17,605.45,576.13,601.33,601.33,3194954,0.038262,586.3,599.69,0.254981,1315487.875,FALSE
08-08-2025,Tata Steel,TATASTEEL,500470,Metals & Mining,601.33,604.92,595.75,601.62,601.62,7351906,0.000482,589.69,599.68,0.251021,1315487.875,FALSE
11-08-2025,Tata Steel,TATASTEEL,500470,Metals & Mining,601.62,607.3,569.51,575.03,575.03,5727342,-0.044197,587.36,598.31,0.272134,1315487.875,FALSE
12-08-2025,Tata Steel,TATASTEEL,500470,Metals & Mining,575.03,581.97,574.29,579.42,579.42,1668383,0.007634,585.58,597.08,0.273523,1315487.875,FALSE
13-08-2025,Tata Steel,TATASTEEL,500470,Metals & Mining,579.42,603.87,577.4,602.25,602.25,7734557,0.039401,589.05,596.48,0.297837,1315487.875,FALSE
14-08-2025,Tata Steel,TATASTEEL,500470,Metals & Mining,602.25,622.39,598.04,621.53,621.53,5984007,0.032013,594.34,596.3,0.311097,1315487.875,FALSE
15-08-2025,Tata Steel,TATASTEEL,500470,Metals & Mining,621.53,649.11,620.15,644.6,644.6,1351153,0.037118,603.68,596.82,0.329225,1315487.875,FALSE
18-08-2025,Tata Steel,TATASTEEL,500470,Metals & Mining,644.6,650.88,629.73,631.78,631.78,6095115,-0.019888,608.03,597.06,0.333944,1315487.875,FALSE
19-08-2025,Tata Steel,TATASTEEL,500470,Metals & Mining,631.78,643.8,631.63,643.62,643.62,5127366,0.018741,614.03,597.83,0.337346,1315487.875,FALSE
20-08-2025,Tata Steel,TATASTEEL,500470,Metals & Mining,643.62,648.39,633.67,634.65,634.65,7407285,-0.013937,622.55,598.63,0.336536,1315487.875,FALSE
21-08-2025,Tata Steel,TATASTEEL,500470,Metals & Mining,634.65,643.72,631.08,637.81,637.81,4425599,0.004979,630.89,599.35,0.335974,1315487.875,FALSE
22-08-2025,Tata Steel,TATASTEEL,500470,Metals & Mining,637.81,638.29,617.83,621.89,621.89,4630064,-0.02496,633.7,599.57,0.344492,1315487.875,FALSE
25-08-2025,Tata Steel,TATASTEEL,500470,Metals & Mining,621.89,622.58,610.2,614.19,614.19,3202985,-0.012382,632.65,599.79,0.344367,1315487.875,FALSE
26-08-2025,Tata Steel,TATASTEEL,500470,Metals & Mining,614.19,618.44,601.47,606.19,606.19,3251356,-0.013025,627.16,600.01,0.344463,1315487.875,FALSE
27-08-2025,Tata Steel,TATASTEEL,500470,Metals & Mining,606.19,621.39,603.67,617.38,617.38,5325448,0.01846,625.1,601.07,0.340276,1315487.875,FALSE
28-08-2025,Tata Steel,TATASTEEL,500470,Metals & Mining,617.38,628.01,615.7,627.58,627.58,6794184,0.016521,622.81,602.08,0.33879,1315487.875,FALSE
29-08-2025,Tata Steel,TATASTEEL,500470,Metals & Mining,627.58,636.64,627.48,631.37,631.37,7234688,0.006039,622.34,603.18,0.339006,1315487.875,FALSE
01-09-2025,Tata Steel,TATASTEEL,500470,Metals & Mining,631.37,634.67,613.36,614.63,614.63,6395671,-0.026514,619.03,604.05,0.344826,1315487.875,FALSE
02-09-2025,Tata Steel,TATASTEEL,500470,Metals & Mining,614.63,620.21,609.2,611.11,611.11,5268400,-0.005727,617.49,604.48,0.342467,1315487.875,FALSE
03-09-2025,Tata Steel,TATASTEEL,500470,Metals & Mining,611.11,616.47,601.22,602.3,602.3,4502209,-0.014416,615.79,604.83,0.343731,1315487.875,FALSE
04-09-2025,Tata Steel,TATASTEEL,500470,Metals & Mining,602.3,618.05,602.17,613.07,613.07,3377241,0.017881,616.78,606.08,0.336231,1315487.875,FALSE
05-09-2025,Tata Steel,TATASTEEL,500470,Metals & Mining,613.07,631.06,612.11,627.83,627.83,6375001,0.024076,618.27,607.42,0.337859,1315487.875,FALSE
08-09-2025,Tata Steel,TATASTEEL,500470,Metals & Mining,627.83,643.02,623.64,641.4,641.4,3227014,0.021614,620.24,609.41,0.340083,1315487.875,FALSE
09-09-2025,Tata Steel,TATASTEEL,500470,Metals & Mining,641.4,644.65,628.06,632.04,632.04,2875129,-0.014593,620.34,611.25,0.342636,1315487.875,FALSE
10-09-2025,Tata Steel,TATASTEEL,500470,Metals & Mining,632.04,632.67,592.13,597.72,597.72,7075057,-0.0543,617.92,611.91,0.381133,1315487.875,FALSE
11-09-2025,Tata Steel,TATASTEEL,500470,Metals & Mining,597.72,601.66,572.29,576.9,576.9,5126544,-0.034832,613.04,611.43,0.389245,1315487.875,FALSE
12-09-2025,Tata Steel,TATASTEEL,500470,Metals & Mining,576.9,594.38,573.62,593.59,593.59,3479540,0.02893,611.79,611.48,0.398509,1315487.875,FALSE
15-09-2025,Tata Steel,TATASTEEL,500470,Metals & Mining,593.59,596.62,588.31,589.12,589.12,7056284,-0.00753,608.37,611.86,0.392841,1315487.875,FALSE
16-09-2025,Tata Steel,TATASTEEL,500470,Metals & Mining,589.12,589.44,577.3,580.57,580.57,7738778,-0.014513,601.62,611.72,0.394023,1315487.875,FALSE
17-09-2025,Tata Steel,TATASTEEL,500470,Metals & Mining,580.57,601.73,580.21,599.94,599.94,3225891,0.033364,595.7,612.42,0.404491,1315487.875,FALSE
18-09-2025,Tata Steel,TATASTEEL,500470,Metals & Mining,599.94,616.84,597.35,615.42,615.42,4649918,0.025803,593.32,612.88,0.396176,1315487.875,FALSE
19-09-2025,Tata Steel,TATASTEEL,500470,Metals & Mining,615.42,619.84,613.01,616.02,616.02,4384849,0.000975,595.94,613.36,0.396172,1315487.875,FALSE
22-09-2025,Tata Steel,TATASTEEL,500470,Metals & Mining,616.02,620.87,610.1,612.72,612.72,5911544,-0.005357,601.05,614.62,0.372899,1315487.875,FALSE
23-09-2025,Tata Steel,TATASTEEL,500470,Metals & Mining,612.72,613.07,609.69,611.41,611.41,7657313,-0.002138,603.6,615.69,0.37278,1315487.875,FALSE
24-09-2025,Tata Steel,TATASTEEL,500470,Metals & Mining,611.41,619.71,607.21,614.49,614.49,4839704,0.005038,607.22,616.1,0.355785,1315487.875,FALSE
25-09-2025,Tata Steel,TATASTEEL,500470,Metals & Mining,614.49,639.92,609.32,634.46,634.46,6587482,0.032498,614.92,616.53,0.356156,1315487.875,FALSE
26-09-2025,Tata Steel,TATASTEEL,500470,Metals & Mining,634.46,642.33,629.58,640.14,640.14,5169224,0.008952,620.67,616.38,0.34029,1315487.875,FALSE
29-09-2025,Tata Steel,TATASTEEL,500470,Metals & Mining,640.14,654.04,636.12,649.75,649.75,7209273,0.015012,625.57,616.98,0.337596,1315487.875,FALSE
30-09-2025,Tata Steel,TATASTEEL,500470,Metals & Mining,649.75,667.95,646.26,665.27,665.27,3832117,0.023886,632.61,617.7,0.340243,1315487.875,FALSE
01-10-2025,Tata Steel,TATASTEEL,500470,Metals & Mining,665.27,666.3,649.84,650.04,650.04,3696729,-0.022893,637.94,618.21,0.344696,1315487.875,FALSE
02-10-2025,Tata Steel,TATASTEEL,500470,Metals & Mining,650.04,663.67,645.34,660.18,660.18,3956936,0.015599,644.9,618.96,0.347119,1315487.875,FALSE
03-10-2025,Tata Steel,TATASTEEL,500470,Metals & Mining,660.18,660.75,653.04,656.62,656.62,7975536,-0.005392,650.92,620.12,0.338747,1315487.875,FALSE
06-10-2025,Tata Steel,TATASTEEL,500470,Metals & Mining,656.62,662.39,622.22,623.91,623.91,5280088,-0.049816,649.42,620.44,0.368646,1315487.875,FALSE
07-10-2025,Tata Steel,TATASTEEL,500470,Metals & Mining,623.91,629.68,595.71,597.66,597.66,2067959,-0.042073,643.35,620.15,0.387247,1315487.875,FALSE
08-10-2025,Tata Steel,TATASTEEL,500470,Metals & Mining,597.66,602.58,580.31,585.79,585.79,1286254,-0.019861,634.21,619.1,0.387144,1315487.875,FALSE
09-10-2025,Tata Steel,TATASTEEL,500470,Metals & Mining,585.79,595.64,582.14,592.31,592.31,4631394,0.01113,623.79,617.93,0.385279,1315487.875,FALSE
10-10-2025,Tata Steel,TATASTEEL,500470,Metals & Mining,592.31,597.27,589.49,593.95,593.95,6639876,0.002769,615.77,616.68,0.384829,1315487.875,FALSE
13-10-2025,Tata Steel,TATASTEEL,500470,Metals & Mining,593.95,602.31,590.27,596.44,596.44,4354913,0.004192,606.67,616.07,0.377885,1315487.875,FALSE
14-10-2025,Tata Steel,TATASTEEL,500470,Metals & Mining,596.44,621.55,593.97,620.01,620.01,4921468,0.039518,601.44,616.37,0.395043,1315487.875,FALSE
15-10-2025,Tata Steel,TATASTEEL,500470,Metals & Mining,620.01,620.48,601.74,604.59,604.59,6589025,-0.024871,598.68,616.45,0.399673,1315487.875,FALSE
16-10-2025,Tata Steel,TATASTEEL,500470,Metals & Mining,604.59,607.98,602.8,604.56,604.56,4614410,-5.00E-05,599.66,616.16,0.396236,1315487.875,FALSE
17-10-2025,Tata Steel,TATASTEEL,500470,Metals & Mining,604.56,610.54,601.9,608.54,608.54,7360324,0.006583,602.91,615.52,0.390134,1315487.875,FALSE
20-10-2025,Tata Steel,TATASTEEL,500470,Metals & Mining,608.54,610.5,595.77,599.88,599.88,5465539,-0.014231,604,614.13,0.386094,1315487.875,FALSE
21-10-2025,Tata Steel,TATASTEEL,500470,Metals & Mining,599.88,600.56,599.64,600.52,600.52,6117975,0.001067,604.93,613.08,0.384298,1315487.875,FALSE
22-10-2025,Tata Steel,TATASTEEL,500470,Metals & Mining,600.52,604.1,576.98,581.61,581.61,6470251,-0.031489,602.82,612.55,0.362065,1315487.875,FALSE
23-10-2025,Tata Steel,TATASTEEL,500470,Metals & Mining,581.61,599.88,579.96,598.3,598.3,5387713,0.028696,599.71,613.26,0.356737,1315487.875,FALSE
24-10-2025,Tata Steel,TATASTEEL,500470,Metals & Mining,598.3,599.42,586.41,590.44,590.44,1350463,-0.013137,597.69,613.16,0.349346,1315487.875,FALSE
27-10-2025,Tata Steel,TATASTEEL,500470,Metals & Mining,590.44,614.97,586.65,614.72,614.72,3992004,0.041122,599.14,614.01,0.368117,1315487.875,FALSE
28-10-2025,Tata Steel,TATASTEEL,500470,Metals & Mining,614.72,616.96,610.62,614.63,614.63,1990403,-0.000146,600.01,615.14,0.364967,1315487.875,FALSE
29-10-2025,Tata Steel,TATASTEEL,500470,Metals & Mining,614.63,633.09,610.89,627.58,627.58,4572281,0.02107,603.97,616.07,0.357496,1315487.875,FALSE
30-10-2025,Tata Steel,TATASTEEL,500470,Metals & Mining,627.58,629.69,621.21,627.22,627.22,2002163,-0.000574,607.79,616.46,0.350172,1315487.875,FALSE
31-10-2025,Tata Steel,TATASTEEL,500470,Metals & Mining,627.22,631.48,623.96,627.15,627.15,4565102,-0.000112,614.29,616.83,0.350183,1315487.875,FALSE
03-11-2025,Tata Steel,TATASTEEL,500470,Metals & Mining,627.15,631.89,615.6,620.14,620.14,3406873,-0.011178,617.41,617.08,0.351481,1315487.875,FALSE
04-11-2025,Tata Steel,TATASTEEL,500470,Metals & Mining,620.14,623.97,615.76,621.93,621.93,1142579,0.002886,621.91,617.43,0.351438,1315487.875,FALSE
05-11-2025,Tata Steel,TATASTEEL,500470,Metals & Mining,621.93,631.34,620.46,626.19,626.19,1874122,0.00685,623.55,617.82,0.351667,1315487.875,FALSE
06-11-2025,Tata Steel,TATASTEEL,500470,Metals & Mining,626.19,630.52,614.94,616.68,616.68,4521320,-0.015187,623.84,617.22,0.341403,1315487.875,FALSE
07-11-2025,Tata Steel,TATASTEEL,500470,Metals & Mining,616.68,620.13,612.84,615.45,615.45,1551724,-0.001995,622.11,616.4,0.34018,1315487.875,FALSE
10-11-2025,Tata Steel,TATASTEEL,500470,Metals & Mining,615.45,615.45,606.56,608.25,608.25,6991795,-0.011699,619.4,615.02,0.337997,1315487.875,FALSE
11-11-2025,Tata Steel,TATASTEEL,500470,Metals & Mining,608.25,636.75,606.02,636.53,636.53,6310869,0.046494,620.74,614.06,0.358744,1315487.875,FALSE
12-11-2025,Tata Steel,TATASTEEL,500470,Metals & Mining,636.53,642.83,633.22,635.7,635.7,5964918,-0.001304,622.96,613.58,0.352821,1315487.875,FALSE
13-11-2025,Tata Steel,TATASTEEL,500470,Metals & Mining,635.7,660.8,631.86,655.67,655.67,2204824,0.031414,627.78,613.43,0.361952,1315487.875,FALSE
14-11-2025,Tata Steel,TATASTEEL,500470,Metals & Mining,655.67,661.81,651.99,653.43,653.43,6569960,-0.003416,631.67,613.33,0.361741,1315487.875,FALSE
17-11-2025,Tata Steel,TATASTEEL,500470,Metals & Mining,653.43,663.07,648.17,657.14,657.14,5442847,0.005678,637.45,614.43,0.329537,1315487.875,FALSE
18-11-2025,Tata Steel,TATASTEEL,500470,Metals & Mining,657.14,657.28,637.31,640.11,640.11,3733394,-0.025915,640.98,615.85,0.313734,1315487.875,FALSE
19-11-2025,Tata Steel,TATASTEEL,500470,Metals & Mining,640.11,645.17,630.22,634.7,634.7,1002905,-0.008452,644.75,617.48,0.308372,1315487.875,FALSE
20-11-2025,Tata Steel,TATASTEEL,500470,Metals & Mining,634.7,640.57,634.19,637.69,637.69,4702812,0.004711,644.92,618.99,0.307435,1315487.875,FALSE
21-11-2025,Tata Steel,TATASTEEL,500470,Metals & Mining,637.69,663.44,634.7,658.24,658.24,6571345,0.032226,648.14,621.13,0.31917,1315487.875,FALSE
24-11-2025,Tata Steel,TATASTEEL,500470,Metals & Mining,658.24,661.53,658.05,661.49,661.49,1234384,0.004937,648.97,623.3,0.319189,1315487.875,FALSE
25-11-2025,Tata Steel,TATASTEEL,500470,Metals & Mining,661.49,682.09,657.02,680.13,680.13,1368412,0.028179,652.79,625.31,0.309666,1315487.875,FALSE
26-11-2025,Tata Steel,TATASTEEL,500470,Metals & Mining,680.13,694.36,677.79,689.18,689.18,3680985,0.013306,657.36,628.13,0.299104,1315487.875,FALSE
27-11-2025,Tata Steel,TATASTEEL,500470,Metals & Mining,689.18,717.61,682.64,711.96,711.96,4581016,0.033054,667.63,631.71,0.30988,1315487.875,FALSE
28-11-2025,Tata Steel,TATASTEEL,500470,Metals & Mining,711.96,716.37,709.17,711.47,711.47,4320912,-0.000688,678.59,635.14,0.310405,1315487.875,FALSE
01-12-2025,Tata Steel,TATASTEEL,500470,Metals & Mining,711.47,748.09,707.46,745.84,745.84,3983423,0.048308,694.04,640,0.328424,1315487.875,FALSE
02-12-2025,Tata Steel,TATASTEEL,500470,Metals & Mining,745.84,748.16,737.07,738.97,738.97,2786462,-0.009211,705.58,644.62,0.331507,1315487.875,FALSE
03-12-2025,Tata Steel,TATASTEEL,500470,Metals & Mining,738.97,746.12,723.5,728.02,728.02,1419050,-0.014818,715.08,649.5,0.317864,1315487.875,FALSE
04-12-2025,Tata Steel,TATASTEEL,500470,Metals & Mining,728.02,731.21,707.44,710.76,710.76,1218686,-0.023708,719.46,653.25,0.324016,1315487.875,FALSE
05-12-2025,Tata Steel,TATASTEEL,500470,Metals & Mining,710.76,747.58,708.13,744.25,744.25,1691670,0.047119,727.32,658.37,0.339838,1315487.875,FALSE
08-12-2025,Tata Steel,TATASTEEL,500470,Metals & Mining,744.25,761,742.74,756.82,756.82,5832856,0.016889,733.73,663.11,0.32628,1315487.875,FALSE
09-12-2025,Tata Steel,TATASTEEL,500470,Metals & Mining,756.82,759.92,751.3,752.14,752.14,6501847,-0.006184,739.54,667.69,0.327919,1315487.875,FALSE
10-12-2025,Tata Steel,TATASTEEL,500470,Metals & Mining,752.14,775.57,751.24,771.31,771.31,4045614,0.025487,743.18,672.49,0.329816,1315487.875,FALSE
11-12-2025,Tata Steel,TATASTEEL,500470,Metals & Mining,771.31,785.68,763.6,782.3,782.3,1541929,0.014248,749.37,677.65,0.329615,1315487.875,FALSE
12-12-2025,Tata Steel,TATASTEEL,500470,Metals & Mining,782.3,820.18,779.08,813.46,813.46,3909747,0.039831,761.58,683.86,0.341609,1315487.875,FALSE
15-12-2025,Tata Steel,TATASTEEL,500470,Metals & Mining,813.46,820.85,788.67,788.68,788.68,7899496,-0.030462,772.71,689.48,0.355751,1315487.875,FALSE
16-12-2025,Tata Steel,TATASTEEL,500470,Metals & Mining,788.68,796.03,777.41,784.89,784.89,2749907,-0.004805,778.51,694.92,0.35746,1315487.875,FALSE
17-12-2025,Tata Steel,TATASTEEL,500470,Metals & Mining,784.89,789.32,777.87,778.02,778.02,4437805,-0.008753,781.54,699.98,0.360752,1315487.875,FALSE
18-12-2025,Tata Steel,TATASTEEL,500470,Metals & Mining,778.02,781.46,744.57,747.7,747.7,4764812,-0.038971,780.91,704.34,0.379836,1315487.875,FALSE
19-12-2025,Tata Steel,TATASTEEL,500470,Metals & Mining,747.7,769.32,742.33,763.93,763.93,3309559,0.021707,779.85,709.29,0.381321,1315487.875,FALSE
22-12-2025,Tata Steel,TATASTEEL,500470,Metals & Mining,763.93,770.33,753.23,760.18,760.18,4066187,-0.004909,776.69,714.36,0.378849,1315487.875,FALSE
23-12-2025,Tata Steel,TATASTEEL,500470,Metals & Mining,760.18,776.15,754.76,771.8,771.8,4302179,0.015286,770.74,718.87,0.361504,1315487.875,FALSE
24-12-2025,Tata Steel,TATASTEEL,500470,Metals & Mining,771.8,814.28,768.23,808.62,808.62,4317891,0.047707,773.59,724.63,0.379541,1315487.875,FALSE
25-12-2025,Tata Steel,TATASTEEL,500470,Metals & Mining,808.62,814.68,795.48,803.31,803.31,6023769,-0.006567,776.22,729.55,0.375405,1315487.875,FALSE
26-12-2025,Tata Steel,TATASTEEL,500470,Metals & Mining,803.31,808.74,796.63,796.94,796.94,5066099,-0.00793,778.93,734.33,0.376725,1315487.875,FALSE
29-12-2025,Tata Steel,TATASTEEL,500470,Metals & Mining,796.94,805.2,789.08,799.23,799.23,1373802,0.002873,786.29,739.07,0.376893,1315487.875,FALSE
30-12-2025,Tata Steel,TATASTEEL,500470,Metals & Mining,799.23,817.11,792.44,815.41,815.41,1044272,0.020244,793.64,744.91,0.365634,1315487.875,FALSE
31-12-2025,Tata Steel,TATASTEEL,500470,Metals & Mining,815.41,819.48,799.09,806.58,806.58,3874868,-0.010829,800.27,750.64,0.366647,1315487.875,FALSE
01-01-2026,Tata Steel,TATASTEEL,500470,Metals & Mining,806.58,811.32,794.77,796.8,796.8,7353871,-0.012125,803.84,755.95,0.371287,1315487.875,FALSE
02-01-2026,Tata Steel,TATASTEEL,500470,Metals & Mining,796.8,814.07,795.67,814.05,814.05,1258260,0.021649,804.62,761.14,0.366453,1315487.875,FALSE
05-01-2026,Tata Steel,TATASTEEL,500470,Metals & Mining,814.05,827.65,808.65,820.62,820.62,1497611,0.008071,807.09,766.45,0.366385,1315487.875,FALSE
06-01-2026,Tata Steel,TATASTEEL,500470,Metals & Mining,820.62,825.63,783.41,787.47,787.47,5754823,-0.040396,805.74,770.02,0.386076,1315487.875,FALSE
07-01-2026,Tata Steel,TATASTEEL,500470,Metals & Mining,787.47,788.49,764.55,768.57,768.57,4156473,-0.024001,801.36,772.67,0.394307,1315487.875,FALSE
08-01-2026,Tata Steel,TATASTEEL,500470,Metals & Mining,768.57,798.49,761.46,792.03,792.03,2614422,0.030524,798.02,775.34,0.392748,1315487.875,FALSE
09-01-2026,Tata Steel,TATASTEEL,500470,Metals & Mining,792.03,804.52,787.12,798.79,798.79,2451610,0.008535,796.9,778.25,0.392731,1315487.875,FALSE
12-01-2026,Tata Steel,TATASTEEL,500470,Metals & Mining,798.79,804.85,784.56,787.01,787.01,5655047,-0.014747,795.51,779.62,0.373171,1315487.875,FALSE
13-01-2026,Tata Steel,TATASTEEL,500470,Metals & Mining,787.01,790.1,781.58,784.72,784.72,4666476,-0.00291,791.32,781.15,0.371962,1315487.875,FALSE
14-01-2026,Tata Steel,TATASTEEL,500470,Metals & Mining,784.72,792.03,783.68,785.32,785.32,5467605,0.000765,786.27,783.06,0.368467,1315487.875,FALSE
15-01-2026,Tata Steel,TATASTEEL,500470,Metals & Mining,785.32,800.57,783.81,797.27,797.27,2961610,0.015217,787.67,785.94,0.361347,1315487.875,FALSE
16-01-2026,Tata Steel,TATASTEEL,500470,Metals & Mining,797.27,801.82,774.9,776.01,776.01,4684599,-0.026666,788.74,787,0.348022,1315487.875,FALSE
19-01-2026,Tata Steel,TATASTEEL,500470,Metals & Mining,776.01,776.02,757.16,763.35,763.35,7020045,-0.016314,784.64,787.22,0.348672,1315487.875,FALSE
20-01-2026,Tata Steel,TATASTEEL,500470,Metals & Mining,763.35,772.85,757.97,767.9,767.9,3216097,0.005961,780.23,787.74,0.34842,1315487.875,FALSE
21-01-2026,Tata Steel,TATASTEEL,500470,Metals & Mining,767.9,773.41,762.68,766.75,766.75,3774518,-0.001498,777.33,787.59,0.340579,1315487.875,FALSE
22-01-2026,Tata Steel,TATASTEEL,500470,Metals & Mining,766.75,780.3,763.88,775.9,775.9,2146199,0.011933,776.07,787.38,0.339804,1315487.875,FALSE
23-01-2026,Tata Steel,TATASTEEL,500470,Metals & Mining,775.9,779.75,752.15,757.21,757.21,5471288,-0.024088,772.06,785.5,0.324778,1315487.875,FALSE
26-01-2026,Tata Steel,TATASTEEL,500470,Metals & Mining,757.21,769.18,751.05,763,763,1227577,0.007646,767.16,784.65,0.314564,1315487.875,FALSE
27-01-2026,Tata Steel,TATASTEEL,500470,Metals & Mining,763,785.35,756.27,780.04,780.04,2742158,0.022333,767.74,784.48,0.321405,1315487.875,FALSE
28-01-2026,Tata Steel,TATASTEEL,500470,Metals & Mining,780.04,790.21,775.77,788.02,788.02,5991418,0.01023,771.26,784.82,0.321626,1315487.875,FALSE
29-01-2026,Tata Steel,TATASTEEL,500470,Metals & Mining,788.02,798.19,781.56,790.61,790.61,1135843,0.003287,774.5,786.25,0.298938,1315487.875,FALSE
30-01-2026,Tata Steel,TATASTEEL,500470,Metals & Mining,790.61,796.2,785.45,789.49,789.49,7923617,-0.001417,777.75,787.1,0.293171,1315487.875,FALSE
02-02-2026,Tata Steel,TATASTEEL,500470,Metals & Mining,789.49,797.29,773.01,776.7,776.7,3829081,-0.0162,777.87,787.65,0.297037,1315487.875,FALSE
03-02-2026,Tata Steel,TATASTEEL,500470,Metals & Mining,776.7,784.24,769.25,775.97,775.97,3790914,-0.00094,780.55,787.79,0.293908,1315487.875,FALSE
04-02-2026,Tata Steel,TATASTEEL,500470,Metals & Mining,775.97,803.22,772.97,795.91,795.91,4755405,0.025697,785.25,787.37,0.26895,1315487.875,FALSE
05-02-2026,Tata Steel,TATASTEEL,500470,Metals & Mining,795.91,801.92,791.26,794.41,794.41,5474279,-0.001885,787.3,787.07,0.268357,1315487.875,FALSE
06-02-2026,Tata Steel,TATASTEEL,500470,Metals & Mining,794.41,799.25,778.29,780.67,780.67,4216830,-0.017296,786.25,786.53,0.272039,1315487.875,FALSE
09-02-2026,Tata Steel,TATASTEEL,500470,Metals & Mining,780.67,782.01,769.36,773.37,773.37,7189747,-0.009351,783.79,785.67,0.27301,1315487.875,FALSE
10-02-2026,Tata Steel,TATASTEEL,500470,Metals & Mining,773.37,781.09,769.16,776.87,776.87,7734100,0.004526,781.99,784.38,0.266119,1315487.875,FALSE
11-02-2026,Tata Steel,TATASTEEL,500470,Metals & Mining,776.87,782.81,766.36,771.45,771.45,2402453,-0.006977,781.24,783.21,0.265175,1315487.875,FALSE
12-02-2026,Tata Steel,TATASTEEL,500470,Metals & Mining,771.45,783.39,768.13,779.33,779.33,5947874,0.010215,781.72,782.63,0.26519,1315487.875,FALSE
13-02-2026,Tata Steel,TATASTEEL,500470,Metals & Mining,779.33,794.71,777.63,787.87,787.87,3106391,0.010958,780.57,781.75,0.259136,1315487.875,FALSE
16-02-2026,Tata Steel,TATASTEEL,500470,Metals & Mining,787.87,803.15,781.04,802.27,802.27,7969688,0.018277,781.69,781.14,0.263872,1315487.875,FALSE
17-02-2026,Tata Steel,TATASTEEL,500470,Metals & Mining,802.27,828.65,799.49,825.51,825.51,2773212,0.028968,788.1,782.41,0.249185,1315487.875,FALSE
18-02-2026,Tata Steel,TATASTEEL,500470,Metals & Mining,825.51,846.63,817.89,842.36,842.36,3065420,0.020412,797.95,784.87,0.242549,1315487.875,FALSE
19-02-2026,Tata Steel,TATASTEEL,500470,Metals & Mining,842.36,846.01,825.33,827.05,827.05,5999669,-0.018175,805.12,786.04,0.235803,1315487.875,FALSE
20-02-2026,Tata Steel,TATASTEEL,500470,Metals & Mining,827.05,827.94,807.96,812.51,812.51,6523372,-0.017581,810.99,786.5,0.241167,1315487.875,FALSE
23-02-2026,Tata Steel,TATASTEEL,500470,Metals & Mining,812.51,813.76,807.33,811.69,811.69,1900088,-0.001009,815.61,787.32,0.236778,1315487.875,FALSE
24-02-2026,Tata Steel,TATASTEEL,500470,Metals & Mining,811.69,818.49,798.1,804.77,804.77,4888909,-0.008525,818.02,787.99,0.238167,1315487.875,FALSE
25-02-2026,Tata Steel,TATASTEEL,500470,Metals & Mining,804.77,808.67,785.76,786.85,786.85,3419712,-0.022267,815.82,788.04,0.247495,1315487.875,FALSE
26-02-2026,Tata Steel,TATASTEEL,500470,Metals & Mining,786.85,787.24,773.19,780.29,780.29,5282322,-0.008337,809.36,787.47,0.244458,1315487.875,FALSE
27-02-2026,Tata Steel,TATASTEEL,500470,Metals & Mining,780.29,780.42,769.17,773.28,773.28,4897112,-0.008984,799.49,787.38,0.233188,1315487.875,FALSE
02-03-2026,Tata Steel,TATASTEEL,500470,Metals & Mining,773.28,776.94,758.8,763.28,763.28,7900972,-0.012932,790.38,787.38,0.231332,1315487.875,FALSE
03-03-2026,Tata Steel,TATASTEEL,500470,Metals & Mining,763.28,764.53,754.96,758.84,758.84,7535669,-0.005817,782.71,787.08,0.231257,1315487.875,FALSE
04-03-2026,Tata Steel,TATASTEEL,500470,Metals & Mining,758.84,782.58,758.56,777.1,777.1,5577910,0.024063,777.77,787.42,0.241729,1315487.875,FALSE
05-03-2026,Tata Steel,TATASTEEL,500470,Metals & Mining,777.1,786.79,773.24,780.59,780.59,5755908,0.004491,774.32,787.58,0.23964,1315487.875,FALSE
06-03-2026,Tata Steel,TATASTEEL,500470,Metals & Mining,780.59,821.44,778.53,819.57,819.57,7291718,0.049937,778.99,789.66,0.268454,1315487.875,FALSE
09-03-2026,Tata Steel,TATASTEEL,500470,Metals & Mining,819.57,827.64,816.76,822.77,822.77,2284430,0.003904,785.06,791.65,0.268083,1315487.875,FALSE
10-03-2026,Tata Steel,TATASTEEL,500470,Metals & Mining,822.77,824.04,813.1,818.41,818.41,6080251,-0.005299,791.51,792.93,0.262358,1315487.875,FALSE
11-03-2026,Tata Steel,TATASTEEL,500470,Metals & Mining,818.41,821.37,814.33,818.88,818.88,6404537,0.000574,799.45,793.96,0.26113,1315487.875,FALSE
12-03-2026,Tata Steel,TATASTEEL,500470,Metals & Mining,818.88,830.81,818.12,823.5,823.5,1891702,0.005642,808.69,795.05,0.261366,1315487.875,FALSE
13-03-2026,Tata Steel,TATASTEEL,500470,Metals & Mining,823.5,835.6,822.89,831.08,831.08,7169170,0.009205,816.4,796.44,0.262152,1315487.875,FALSE
16-03-2026,Tata Steel,TATASTEEL,500470,Metals & Mining,831.08,873.68,829.53,866.01,866.01,5895965,0.04203,828.6,799.42,0.280974,1315487.875,FALSE
17-03-2026,Tata Steel,TATASTEEL,500470,Metals & Mining,866.01,867.96,850.18,851.8,851.8,3429931,-0.016409,833.21,801.94,0.286751,1315487.875,FALSE
18-03-2026,Tata Steel,TATASTEEL,500470,Metals & Mining,851.8,869.72,846.62,866.86,866.86,4390209,0.01768,839.51,804.31,0.282208,1315487.875,FALSE
19-03-2026,Tata Steel,TATASTEEL,500470,Metals & Mining,866.86,875,865.32,870.9,870.9,4427188,0.00466,847,806.86,0.28186,1315487.875,FALSE
20-03-2026,Tata Steel,TATASTEEL,500470,Metals & Mining,870.9,875.08,836.53,843.97,843.97,7431585,-0.030922,850.59,808.97,0.293024,1315487.875,FALSE
23-03-2026,Tata Steel,TATASTEEL,500470,Metals & Mining,843.97,865.95,842.2,857.4,857.4,7784710,0.015913,855.43,811.77,0.293095,1315487.875,FALSE
24-03-2026,Tata Steel,TATASTEEL,500470,Metals & Mining,857.4,880.57,856.62,879.56,879.56,6647841,0.025846,862.36,815.19,0.300105,1315487.875,FALSE
25-03-2026,Tata Steel,TATASTEEL,500470,Metals & Mining,879.56,887.06,857.35,864.92,864.92,5565462,-0.016645,862.2,818.31,0.304542,1315487.875,FALSE
26-03-2026,Tata Steel,TATASTEEL,500470,Metals & Mining,864.92,872.68,862.37,865.2,865.2,1728942,0.000324,864.12,821.17,0.304136,1315487.875,FALSE
27-03-2026,Tata Steel,TATASTEEL,500470,Metals & Mining,865.2,869.99,832.22,835.78,835.78,7403767,-0.034004,859.68,822.77,0.322152,1315487.875,FALSE
30-03-2026,Tata Steel,TATASTEEL,500470,Metals & Mining,835.78,838.66,807.34,815.16,815.16,1937409,-0.024672,851.71,823.2,0.327494,1315487.875,FALSE
31-03-2026,Tata Steel,TATASTEEL,500470,Metals & Mining,815.16,836.97,807.46,832.65,832.65,2167657,0.021456,850.1,823.43,0.322553,1315487.875,FALSE
01-04-2026,Tata Steel,TATASTEEL,500470,Metals & Mining,832.65,835.08,819.4,825.3,825.3,1487277,-0.008827,845.51,822.87,0.317956,1315487.875,FALSE
02-04-2026,Tata Steel,TATASTEEL,500470,Metals & Mining,825.3,831.89,806.85,807.41,807.41,7634237,-0.021677,835.2,822.21,0.319805,1315487.875,FALSE
03-04-2026,Tata Steel,TATASTEEL,500470,Metals & Mining,807.41,815.56,802.62,811.52,811.52,4452714,0.00509,827.57,822.18,0.316077,1315487.875,FALSE
06-04-2026,Tata Steel,TATASTEEL,500470,Metals & Mining,811.52,819.03,795.5,803.45,803.45,2651776,-0.009944,818.75,821.9,0.317419,1315487.875,FALSE
07-04-2026,Tata Steel,TATASTEEL,500470,Metals & Mining,803.45,808.45,788.74,796.28,796.28,1565402,-0.008924,813.11,821.62,0.317513,1315487.875,FALSE
08-04-2026,Tata Steel,TATASTEEL,500470,Metals & Mining,796.28,812.61,795.44,808.45,808.45,3883944,0.015284,812.15,822.34,0.313421,1315487.875,FALSE
09-04-2026,Tata Steel,TATASTEEL,500470,Metals & Mining,808.45,814.2,786.95,790.07,790.07,6065748,-0.022735,806.07,822.67,0.319895,1315487.875,FALSE
10-04-2026,Tata Steel,TATASTEEL,500470,Metals & Mining,790.07,794.06,773.71,776.16,776.16,7961926,-0.017606,799.05,822.76,0.323102,1315487.875,FALSE
13-04-2026,Tata Steel,TATASTEEL,500470,Metals & Mining,776.16,785.99,775.16,778.94,778.94,4866510,0.003582,794.98,823.28,0.320752,1315487.875,FALSE
14-04-2026,Tata Steel,TATASTEEL,500470,Metals & Mining,778.94,795.9,773.53,794.43,794.43,5249928,0.019886,792.54,824.47,0.324719,1315487.875,FALSE
15-04-2026,Tata Steel,TATASTEEL,500470,Metals & Mining,794.43,822.43,792.26,814.5,814.5,6851195,0.025263,794.12,825.72,0.325454,1315487.875,FALSE
16-04-2026,Tata Steel,TATASTEEL,500470,Metals & Mining,814.5,821.12,801.3,804.08,804.08,7312817,-0.012793,795.23,826.5,0.328044,1315487.875,FALSE
17-04-2026,Tata Steel,TATASTEEL,500470,Metals & Mining,804.08,826.61,803.35,819.55,819.55,2958570,0.019239,796.82,826.5,0.299205,1315487.875,FALSE
20-04-2026,Tata Steel,TATASTEEL,500470,Metals & Mining,819.55,823.51,803.09,807.11,807.11,7943260,-0.015179,799.25,825.98,0.302232,1315487.875,FALSE
21-04-2026,Tata Steel,TATASTEEL,500470,Metals & Mining,807.11,844,805.83,836.99,836.99,4633985,0.037021,807.94,826.6,0.320677,1315487.875,FALSE
22-04-2026,Tata Steel,TATASTEEL,500470,Metals & Mining,836.99,839.56,814.9,818.43,818.43,7510981,-0.022175,813.58,826.58,0.327609,1315487.875,FALSE
23-04-2026,Tata Steel,TATASTEEL,500470,Metals & Mining,818.43,846.99,817.26,840.59,840.59,1822357,0.027076,820.18,827.15,0.33648,1315487.875,FALSE
24-04-2026,Tata Steel,TATASTEEL,500470,Metals & Mining,840.59,841.77,822.05,829.97,829.97,1681996,-0.012634,822.39,827.11,0.337747,1315487.875,FALSE
27-04-2026,Tata Steel,TATASTEEL,500470,Metals & Mining,829.97,866.46,828.77,863.81,863.81,7192270,0.040773,830.92,827.04,0.336411,1315487.875,FALSE
28-04-2026,Tata Steel,TATASTEEL,500470,Metals & Mining,863.81,878.35,859.3,874.45,874.45,5707982,0.012318,838.76,827.8,0.334434,1315487.875,FALSE
29-04-2026,Tata Steel,TATASTEEL,500470,Metals & Mining,874.45,877.27,855.43,857.12,857.12,2225034,-0.019818,845.91,827.47,0.335925,1315487.875,FALSE
30-04-2026,Tata Steel,TATASTEEL,500470,Metals & Mining,857.12,860.44,847.95,848.6,848.6,7264449,-0.00994,847.57,826.73,0.336768,1315487.875,FALSE
01-05-2026,Tata Steel,TATASTEEL,500470,Metals & Mining,848.6,869.35,846.88,862.28,862.28,1716535,0.016121,853.83,827.34,0.327491,1315487.875,FALSE
04-05-2026,Tata Steel,TATASTEEL,500470,Metals & Mining,862.28,883.12,861.81,880.86,880.86,5776089,0.021548,859.58,828.12,0.33013,1315487.875,FALSE
05-05-2026,Tata Steel,TATASTEEL,500470,Metals & Mining,880.86,887.43,878.83,880.06,880.06,2435354,-0.000908,866.74,828.14,0.321708,1315487.875,FALSE
06-05-2026,Tata Steel,TATASTEEL,500470,Metals & Mining,880.06,881.93,875.72,881.28,881.28,1494187,0.001386,869.24,828.68,0.317715,1315487.875,FALSE
07-05-2026,Tata Steel,TATASTEEL,500470,Metals & Mining,881.28,901.95,875.54,895.09,895.09,6643620,0.01567,872.18,829.68,0.320608,1315487.875,FALSE
08-05-2026,Tata Steel,TATASTEEL,500470,Metals & Mining,895.09,905.01,894.31,897.9,897.9,6931795,0.003139,878.01,831.75,0.302605,1315487.875,FALSE
11-05-2026,Tata Steel,TATASTEEL,500470,Metals & Mining,897.9,901.51,871.26,875.12,875.12,1740701,-0.02537,881.8,833.75,0.303158,1315487.875,FALSE
12-05-2026,Tata Steel,TATASTEEL,500470,Metals & Mining,875.12,881.44,856.32,861.33,861.33,1651923,-0.015758,881.66,834.7,0.302169,1315487.875,FALSE
13-05-2026,Tata Steel,TATASTEEL,500470,Metals & Mining,861.33,873.73,859.31,865.81,865.81,5300992,0.005201,879.51,836.05,0.300814,1315487.875,FALSE
14-05-2026,Tata Steel,TATASTEEL,500470,Metals & Mining,865.81,894.39,862.59,887.29,887.29,1200966,0.024809,880.55,838.72,0.299496,1315487.875,FALSE
15-05-2026,Tata Steel,TATASTEEL,500470,Metals & Mining,887.29,919.99,886.65,916.41,916.41,6223269,0.032819,885.56,842.21,0.311463,1315487.875,FALSE
18-05-2026,Tata Steel,TATASTEEL,500470,Metals & Mining,916.41,935.66,914.39,931.15,931.15,7409615,0.016085,890.72,846.47,0.310293,1315487.875,FALSE
19-05-2026,Tata Steel,TATASTEEL,500470,Metals & Mining,931.15,944.27,926.81,936.97,936.97,6257568,0.00625,896.3,851.16,0.307431,1315487.875,FALSE
20-05-2026,Tata Steel,TATASTEEL,500470,Metals & Mining,936.97,954.26,927.69,951.47,951.47,2614813,0.015475,907.2,855.93,0.307484,1315487.875,FALSE
21-05-2026,Tata Steel,TATASTEEL,500470,Metals & Mining,951.47,959.12,929.9,939.26,939.26,2330426,-0.012833,918.34,860.9,0.300815,1315487.875,FALSE
22-05-2026,Tata Steel,TATASTEEL,500470,Metals & Mining,939.26,942.34,927.67,936.85,936.85,5764204,-0.002566,928.49,866.26,0.293651,1315487.875,FALSE
25-05-2026,Tata Steel,TATASTEEL,500470,Metals & Mining,936.85,944.4,917.98,921.88,921.88,1431367,-0.015979,933.43,871.02,0.300703,1315487.875,FALSE
26-05-2026,Tata Steel,TATASTEEL,500470,Metals & Mining,921.88,922.68,898.59,899.31,899.31,4763898,-0.024483,930.98,874.52,0.31,1315487.875,FALSE
27-05-2026,Tata Steel,TATASTEEL,500470,Metals & Mining,899.31,906.17,896.4,905.76,905.76,4141644,0.007172,927.36,877.56,0.303754,1315487.875,FALSE
28-05-2026,Tata Steel,TATASTEEL,500470,Metals & Mining,905.76,918.65,903.61,909.58,909.58,6212162,0.004217,923.44,881.08,0.299691,1315487.875,FALSE
29-05-2026,Tata Steel,TATASTEEL,500470,Metals & Mining,909.58,930.56,909.45,922.54,922.54,2417397,0.014248,919.31,884.51,0.297871,1315487.875,FALSE
01-06-2026,Tata Steel,TATASTEEL,500470,Metals & Mining,922.54,941.32,921.66,933.08,933.08,6336282,0.011425,918.43,888.71,0.292827,1315487.875,FALSE
02-06-2026,Tata Steel,TATASTEEL,500470,Metals & Mining,933.08,947,928.85,938.07,938.07,5894895,0.005348,918.6,892.08,0.276684,1315487.875,FALSE
03-06-2026,Tata Steel,TATASTEEL,500470,Metals & Mining,938.07,953.14,934.89,948.99,948.99,2670995,0.011641,922.48,896.43,0.266089,1315487.875,FALSE
04-06-2026,Tata Steel,TATASTEEL,500470,Metals & Mining,948.99,951.71,946.94,948.65,948.65,3496849,-0.000358,929.52,900.03,0.258145,1315487.875,FALSE
05-06-2026,Tata Steel,TATASTEEL,500470,Metals & Mining,948.65,958.2,941.86,956.96,956.96,1462104,0.00876,936.84,904.26,0.25345,1315487.875,FALSE
08-06-2026,Tata Steel,TATASTEEL,500470,Metals & Mining,956.96,961.75,940.17,943.54,943.54,4145477,-0.014024,941.69,906.92,0.235111,1315487.875,FALSE
09-06-2026,Tata Steel,TATASTEEL,500470,Metals & Mining,943.54,953.08,935.5,950.99,950.99,2824202,0.007896,945.75,909.47,0.233943,1315487.875,FALSE
10-06-2026,Tata Steel,TATASTEEL,500470,Metals & Mining,950.99,973.2,948.7,964.18,964.18,1794394,0.01387,950.2,913.04,0.225739,1315487.875,FALSE
11-06-2026,Tata Steel,TATASTEEL,500470,Metals & Mining,964.18,964.21,946.62,951.74,951.74,4919386,-0.012902,952.15,916.48,0.227488,1315487.875,FALSE
12-06-2026,Tata Steel,TATASTEEL,500470,Metals & Mining,951.74,954.57,949.99,953.21,953.21,4972852,0.001545,952.75,919.51,0.224605,1315487.875,FALSE
15-06-2026,Tata Steel,TATASTEEL,500470,Metals & Mining,953.21,955.56,937.13,941.79,941.79,1601612,-0.011981,951.77,921.54,0.222129,1315487.875,FALSE
16-06-2026,Tata Steel,TATASTEEL,500470,Metals & Mining,941.79,943.67,930.93,932.35,932.35,2298669,-0.010023,948.26,923.28,0.224837,1315487.875,FALSE
17-06-2026,Tata Steel,TATASTEEL,500470,Metals & Mining,932.35,934.45,910.36,911.84,911.84,1578203,-0.021998,943.73,924.3,0.235379,1315487.875,FALSE
18-06-2026,Tata Steel,TATASTEEL,500470,Metals & Mining,911.84,941.51,906.26,935.38,935.38,5752899,0.025816,941.5,925.65,0.242512,1315487.875,FALSE
19-06-2026,Tata Steel,TATASTEEL,500470,Metals & Mining,935.38,958.91,932.91,955.78,955.78,3366218,0.021809,940.3,927.58,0.24949,1315487.875,FALSE
22-06-2026,Tata Steel,TATASTEEL,500470,Metals & Mining,955.78,972.48,954.13,966.53,966.53,1498181,0.011247,942.41,930.62,0.236561,1315487.875,FALSE
23-06-2026,Tata Steel,TATASTEEL,500470,Metals & Mining,966.53,1014.09,957.55,1005.14,1005.14,2340766,0.039947,949.83,935.42,0.251904,1315487.875,FALSE
24-06-2026,Tata Steel,TATASTEEL,500470,Metals & Mining,1005.14,1011.2,1001.41,1001.84,1001.84,7831262,-0.003283,958.41,939.95,0.253125,1315487.875,FALSE
25-06-2026,Tata Steel,TATASTEEL,500470,Metals & Mining,1001.84,1070.47,996.18,1063.09,1063.09,2790276,0.061138,977.09,945.81,0.296085,1315487.875,FALSE
26-06-2026,Tata Steel,TATASTEEL,500470,Metals & Mining,1063.09,1066.97,1052.97,1058.78,1058.78,5791688,-0.004054,998.08,950.56,0.286418,1315487.875,FALSE
29-06-2026,Tata Steel,TATASTEEL,500470,Metals & Mining,1058.78,1066.41,1056.13,1064.71,1064.71,4279063,0.005601,1016.55,955.01,0.284491,1315487.875,FALSE
30-06-2026,Tata Steel,TATASTEEL,500470,Metals & Mining,1064.71,1068.13,1051.99,1056.77,1056.77,2272106,-0.007457,1030.98,959,0.286579,1315487.875,FALSE
01-07-2026,Tata Steel,TATASTEEL,500470,Metals & Mining,1056.77,1075.44,1055.85,1065.17,1065.17,3151701,0.007949,1045.07,962.79,0.284825,1315487.875,FALSE
02-07-2026,Tata Steel,TATASTEEL,500470,Metals & Mining,1065.17,1090.24,1057.49,1083.51,1083.51,1098662,0.017218,1056.27,967.6,0.282772,1315487.875,FALSE
03-07-2026,Tata Steel,TATASTEEL,500470,Metals & Mining,1083.51,1086.51,1079.18,1081.58,1081.58,6228914,-0.001781,1067.66,972.42,0.2826,1315487.875,FALSE
06-07-2026,Tata Steel,TATASTEEL,500470,Metals & Mining,1081.58,1125.61,1079.49,1120.55,1120.55,3341240,0.036031,1075.87,979.05,0.289252,1315487.875,FALSE
07-07-2026,Tata Steel,TATASTEEL,500470,Metals & Mining,1120.55,1135.89,1117.03,1126.47,1126.47,4494703,0.005283,1085.54,986.62,0.273835,1315487.875,FALSE
08-07-2026,Tata Steel,TATASTEEL,500470,Metals & Mining,1126.47,1140.71,1116.31,1133.13,1133.13,2069692,0.005912,1095.31,994.2,0.27388,1315487.875,FALSE
09-07-2026,Tata Steel,TATASTEEL,500470,Metals & Mining,1133.13,1139.48,1104.23,1113.1,1113.1,6769484,-0.017677,1103.36,1000.98,0.283438,1315487.875,FALSE
10-07-2026,Tata Steel,TATASTEEL,500470,Metals & Mining,1113.1,1132.91,1102.56,1122.97,1122.97,2528879,0.008867,1111.62,1007.66,0.282655,1315487.875,FALSE
31-12-2024,Tata Technologies,TATATECH,544028,IT/ER&D,500,503.27,493.86,494.39,494.39,3001726,0.03522,1119.88,1014.406667,0.2874565,648494.534,FALSE
01-01-2025,Tata Technologies,TATATECH,544028,IT/ER&D,494.39,499.28,493.03,496.09,496.09,3551827,0.003439,1128.14,1021.136667,0.2910583,648494.534,FALSE
02-01-2025,Tata Technologies,TATATECH,544028,IT/ER&D,496.09,497.93,479.58,482.03,482.03,1195846,-0.028342,1136.4,1027.866667,0.2946601,648494.534,FALSE
03-01-2025,Tata Technologies,TATATECH,544028,IT/ER&D,482.03,495.08,480.65,492.75,492.75,7607075,0.022239,1144.66,1034.596667,0.2982619,648494.534,FALSE
06-01-2025,Tata Technologies,TATATECH,544028,IT/ER&D,492.75,495.16,490.91,491.97,491.97,3515091,-0.001583,492.87,1041.326667,0.3018637,648494.534,FALSE
07-01-2025,Tata Technologies,TATATECH,544028,IT/ER&D,491.97,504.82,488.51,503.61,503.61,2174084,0.02366,493.77,1048.056667,0.3054655,648494.534,FALSE
08-01-2025,Tata Technologies,TATATECH,544028,IT/ER&D,503.61,505.2,499.1,501.84,501.84,4383384,-0.003515,494.67,1054.786667,0.3090673,648494.534,FALSE
09-01-2025,Tata Technologies,TATATECH,544028,IT/ER&D,501.84,503.94,496.52,500.72,500.72,2082791,-0.002232,495.57,1061.516667,0.3126691,648494.534,FALSE
10-01-2025,Tata Technologies,TATATECH,544028,IT/ER&D,500.72,503.74,485.99,488.83,488.83,6528431,-0.023746,494.54,1068.246667,0.3162709,648494.534,FALSE
13-01-2025,Tata Technologies,TATATECH,544028,IT/ER&D,488.83,501.25,486.47,496.51,496.51,1511782,0.015711,496.6,1074.976667,0.3198727,648494.534,FALSE
14-01-2025,Tata Technologies,TATATECH,544028,IT/ER&D,488.83,501.25,486.47,496.51,496.51,4494553,0,497.14,1081.706667,0.3234745,648494.534,TRUE
15-01-2025,Tata Technologies,TATATECH,544028,IT/ER&D,488.06,491.63,479.72,483.55,483.55,3738885,-0.026102,495.94,1088.436667,0.3270763,648494.534,FALSE
16-01-2025,Tata Technologies,TATATECH,544028,IT/ER&D,483.55,487.71,482.6,483.81,483.81,1260252,0.000538,493.11,1095.166667,0.3306781,648494.534,FALSE
17-01-2025,Tata Technologies,TATATECH,544028,IT/ER&D,483.81,485.77,482.63,485.22,485.22,1366115,0.002914,490.74,1101.896667,0.3342799,648494.534,FALSE
20-01-2025,Tata Technologies,TATATECH,544028,IT/ER&D,485.22,488.39,464.96,468.91,468.91,4630638,-0.033614,486.19,1108.626667,0.3378817,648494.534,FALSE
21-01-2025,Tata Technologies,TATATECH,544028,IT/ER&D,468.91,471.17,463.52,466.98,466.98,3762600,-0.004116,483.07,509.42,0.2735844,648494.534,FALSE
22-01-2025,Tata Technologies,TATATECH,544028,IT/ER&D,466.98,477.35,464.11,474.64,474.64,1908225,0.016403,479.95,507.12,0.2722648,648494.534,FALSE
23-01-2025,Tata Technologies,TATATECH,544028,IT/ER&D,474.64,474.82,471.1,471.28,471.28,6633780,-0.007079,476.34,504.82,0.2709452,648494.534,FALSE
24-01-2025,Tata Technologies,TATATECH,544028,IT/ER&D,471.28,475.55,468.8,469.4,469.4,6113694,-0.003989,474.32,502.52,0.2696256,648494.534,FALSE
27-01-2025,Tata Technologies,TATATECH,544028,IT/ER&D,469.4,475.65,467.05,471.16,471.16,5254520,0.003749,472.51,500.22,0.268306,648494.534,FALSE
28-01-2025,Tata Technologies,TATATECH,544028,IT/ER&D,471.16,471.18,466.7,470.21,470.21,6833538,-0.002016,470.37,497.92,0.2669864,648494.534,FALSE
29-01-2025,Tata Technologies,TATATECH,544028,IT/ER&D,470.21,471.21,458.61,460.75,460.75,1485146,-0.020119,469.2,495.62,0.2656668,648494.534,FALSE
30-01-2025,Tata Technologies,TATATECH,544028,IT/ER&D,460.75,461.58,460.57,460.65,460.65,5814707,-0.000217,468.3,493.32,0.2643472,648494.534,FALSE
31-01-2025,Tata Technologies,TATATECH,544028,IT/ER&D,460.65,473.71,459.8,470.04,470.04,6267698,0.020384,467.64,491.02,0.2630276,648494.534,FALSE
03-02-2025,Tata Technologies,TATATECH,544028,IT/ER&D,470.04,472.85,457.68,460.39,460.39,2403459,-0.02053,466.09,488.72,0.261708,648494.534,FALSE
04-02-2025,Tata Technologies,TATATECH,544028,IT/ER&D,460.39,461.21,454,457.17,457.17,4754583,-0.006994,464.34,486.42,0.2603884,648494.534,FALSE
05-02-2025,Tata Technologies,TATATECH,544028,IT/ER&D,457.17,460.89,444.62,444.77,444.77,6367937,-0.027123,460.57,484.12,0.2590688,648494.534,FALSE
06-02-2025,Tata Technologies,TATATECH,544028,IT/ER&D,444.77,454.97,444.57,453.36,453.36,5224307,0.019313,458.16,481.82,0.2577492,648494.534,FALSE
07-02-2025,Tata Technologies,TATATECH,544028,IT/ER&D,453.36,455.45,451.57,452.75,452.75,2746501,-0.001346,457.02,479.52,0.2564296,648494.534,FALSE
10-02-2025,Tata Technologies,TATATECH,544028,IT/ER&D,452.75,454.51,444.91,445.28,445.28,5653251,-0.016499,454.82,476.52,0.25511,648494.534,FALSE
11-02-2025,Tata Technologies,TATATECH,544028,IT/ER&D,445.28,448.65,442.87,446.32,446.32,6316420,0.002336,451.43,474.92,0.250925,648494.534,FALSE
12-02-2025,Tata Technologies,TATATECH,544028,IT/ER&D,446.32,448.47,435.26,435.8,435.8,1067968,-0.023571,447.92,472.91,0.25678,648494.534,FALSE
13-02-2025,Tata Technologies,TATATECH,544028,IT/ER&D,435.8,437,424.25,427.01,427.01,4971783,-0.02017,443.61,471.07,0.251129,648494.534,FALSE
14-02-2025,Tata Technologies,TATATECH,544028,IT/ER&D,427.01,428.83,411.53,414.76,414.76,4532293,-0.028688,439.33,468.47,0.24841,648494.534,FALSE
17-02-2025,Tata Technologies,TATATECH,544028,IT/ER&D,414.76,418.52,402.17,406.12,406.12,3566987,-0.020831,432.58,465.61,0.251939,648494.534,FALSE
18-02-2025,Tata Technologies,TATATECH,544028,IT/ER&D,406.12,419.44,402.26,417.34,417.34,1309661,0.027627,427.52,462.74,0.256257,648494.534,FALSE
19-02-2025,Tata Technologies,TATATECH,544028,IT/ER&D,417.34,421.17,410.31,411.43,411.43,1584446,-0.014161,422.68,459.72,0.257173,648494.534,FALSE
20-02-2025,Tata Technologies,TATATECH,544028,IT/ER&D,411.43,417.76,411.31,415.48,415.48,6251170,0.009844,418.28,456.88,0.261253,648494.534,FALSE
21-02-2025,Tata Technologies,TATATECH,544028,IT/ER&D,415.48,418.67,407.39,408.73,408.73,6792566,-0.016246,414.41,454.21,0.257723,648494.534,FALSE
24-02-2025,Tata Technologies,TATATECH,544028,IT/ER&D,408.73,416.37,405.84,415.15,415.15,3934794,0.015707,412.72,451.5,0.257721,648494.534,FALSE
25-02-2025,Tata Technologies,TATATECH,544028,IT/ER&D,415.15,418.43,406.59,406.83,406.83,7577570,-0.020041,411.58,448.51,0.26032,648494.534,FALSE
26-02-2025,Tata Technologies,TATATECH,544028,IT/ER&D,406.83,408.43,405.37,407.36,407.36,7493629,0.001303,411.76,445.97,0.254428,648494.534,FALSE
27-02-2025,Tata Technologies,TATATECH,544028,IT/ER&D,407.36,408.07,406.14,407.99,407.99,5661424,0.001547,410.42,443.44,0.254655,648494.534,FALSE
28-02-2025,Tata Technologies,TATATECH,544028,IT/ER&D,407.99,427.88,407.1,427.19,427.19,5066460,0.04706,412.68,441.51,0.296153,648494.534,FALSE
03-03-2025,Tata Technologies,TATATECH,544028,IT/ER&D,427.19,432.88,424.17,432.79,432.79,7751790,0.013109,415.15,440.3,0.286449,648494.534,FALSE
04-03-2025,Tata Technologies,TATATECH,544028,IT/ER&D,432.79,436.89,425.05,427.87,427.87,5268589,-0.011368,417.88,439,0.287571,648494.534,FALSE
05-03-2025,Tata Technologies,TATATECH,544028,IT/ER&D,427.87,438.29,425.58,433.95,433.95,7538779,0.01421,420.57,437.64,0.28637,648494.534,FALSE
06-03-2025,Tata Technologies,TATATECH,544028,IT/ER&D,433.95,456.18,430,452.72,452.72,7852875,0.043254,427.12,437.03,0.315545,648494.534,FALSE
07-03-2025,Tata Technologies,TATATECH,544028,IT/ER&D,452.72,453.21,437.74,438.2,438.2,2362258,-0.032073,431.53,435.99,0.327994,648494.534,FALSE
10-03-2025,Tata Technologies,TATATECH,544028,IT/ER&D,438.2,442.13,430.39,431.03,431.03,5624750,-0.016362,434.82,434.65,0.330058,648494.534,FALSE
11-03-2025,Tata Technologies,TATATECH,544028,IT/ER&D,431.03,434.24,427.56,429.2,429.2,6118486,-0.004246,435.11,433.28,0.330078,648494.534,FALSE
12-03-2025,Tata Technologies,TATATECH,544028,IT/ER&D,429.2,430.63,423.05,425.84,425.84,6740582,-0.007829,434.12,432.12,0.326385,648494.534,FALSE
13-03-2025,Tata Technologies,TATATECH,544028,IT/ER&D,425.84,427.98,420.75,423.22,423.22,3445133,-0.006153,433.45,430.87,0.32649,648494.534,FALSE
14-03-2025,Tata Technologies,TATATECH,544028,IT/ER&D,423.22,426.02,412.08,412.39,412.39,7031226,-0.02559,430.37,428.95,0.325533,648494.534,FALSE
17-03-2025,Tata Technologies,TATATECH,544028,IT/ER&D,412.39,424.28,408.44,424.18,424.18,4412621,0.028589,426.29,427.74,0.335046,648494.534,FALSE
18-03-2025,Tata Technologies,TATATECH,544028,IT/ER&D,424.18,426.3,411.06,412.32,412.32,3707828,-0.02796,422.6,426.25,0.342901,648494.534,FALSE
19-03-2025,Tata Technologies,TATATECH,544028,IT/ER&D,412.32,415.34,409.4,410.87,410.87,2098758,-0.003517,419.72,425.12,0.335339,648494.534,FALSE
20-03-2025,Tata Technologies,TATATECH,544028,IT/ER&D,410.87,420.46,408.31,419.67,419.67,3248418,0.021418,418.36,423.99,0.336578,648494.534,FALSE
21-03-2025,Tata Technologies,TATATECH,544028,IT/ER&D,419.67,421.54,415.66,419.63,419.63,7823455,-9.50E-05,417.47,422.89,0.33663,648494.534,FALSE
24-03-2025,Tata Technologies,TATATECH,544028,IT/ER&D,419.63,421.86,408.89,411.62,411.62,6013392,-0.019088,415.81,421.77,0.33766,648494.534,FALSE
25-03-2025,Tata Technologies,TATATECH,544028,IT/ER&D,411.62,414.65,396.9,400.72,400.72,6082961,-0.026481,414.14,420.25,0.34441,648494.534,FALSE
26-03-2025,Tata Technologies,TATATECH,544028,IT/ER&D,400.72,404.59,398.33,399.08,399.08,7269549,-0.004093,410.56,419.02,0.339062,648494.534,FALSE
27-03-2025,Tata Technologies,TATATECH,544028,IT/ER&D,399.08,402.47,390.8,393.24,393.24,2868358,-0.014634,407.83,417.9,0.336958,648494.534,FALSE
28-03-2025,Tata Technologies,TATATECH,544028,IT/ER&D,393.24,397.5,389.98,395.05,395.05,5630842,0.004603,405.57,417.24,0.328198,648494.534,FALSE
31-03-2025,Tata Technologies,TATATECH,544028,IT/ER&D,395.05,397.35,382.22,384.17,384.17,3600301,-0.027541,400.5,416.51,0.332199,648494.534,FALSE
01-04-2025,Tata Technologies,TATATECH,544028,IT/ER&D,384.17,392.97,382.78,390.61,390.61,6935932,0.016763,396.36,415.62,0.325303,648494.534,FALSE
02-04-2025,Tata Technologies,TATATECH,544028,IT/ER&D,390.61,393.85,386.77,391.71,391.71,3957380,0.002816,393.51,414.96,0.323505,648494.534,FALSE
03-04-2025,Tata Technologies,TATATECH,544028,IT/ER&D,391.71,393.63,391.16,393.39,393.39,6984156,0.004289,392.46,414.22,0.32222,648494.534,FALSE
04-04-2025,Tata Technologies,TATATECH,544028,IT/ER&D,393.39,407.76,391.78,404.93,404.93,6232736,0.029335,393.3,414.1,0.331199,648494.534,FALSE
07-04-2025,Tata Technologies,TATATECH,544028,IT/ER&D,404.93,407.83,398.08,401.59,401.59,6403672,-0.008248,394.49,413.65,0.328529,648494.534,FALSE
08-04-2025,Tata Technologies,TATATECH,544028,IT/ER&D,401.59,403.64,392.39,395.96,395.96,7479880,-0.014019,394.62,413.28,0.325934,648494.534,FALSE
09-04-2025,Tata Technologies,TATATECH,544028,IT/ER&D,395.96,399.4,387.98,391.82,391.82,6534383,-0.010456,395.72,412.77,0.327085,648494.534,FALSE
10-04-2025,Tata Technologies,TATATECH,544028,IT/ER&D,391.82,394.45,387.05,390.5,390.5,3250080,-0.003369,395.7,412.18,0.327051,648494.534,FALSE
11-04-2025,Tata Technologies,TATATECH,544028,IT/ER&D,390.5,391.92,389.79,389.99,389.99,4650606,-0.001306,395.45,410.94,0.293257,648494.534,FALSE
14-04-2025,Tata Technologies,TATATECH,544028,IT/ER&D,389.99,390.07,380.14,383.7,383.7,4307500,-0.016129,394.07,409.31,0.291654,648494.534,FALSE
15-04-2025,Tata Technologies,TATATECH,544028,IT/ER&D,383.7,383.93,366.79,368.37,368.37,1452058,-0.039953,388.85,407.32,0.309296,648494.534,FALSE
16-04-2025,Tata Technologies,TATATECH,544028,IT/ER&D,368.37,369.67,362.05,364.42,364.42,5152453,-0.010723,383.54,405,0.304385,648494.534,FALSE
17-04-2025,Tata Technologies,TATATECH,544028,IT/ER&D,364.42,368.92,362.99,367.23,367.23,4061997,0.007711,379.43,402.16,0.270311,648494.534,FALSE
18-04-2025,Tata Technologies,TATATECH,544028,IT/ER&D,367.23,369.03,364.24,368.41,368.41,3753407,0.003213,376.09,399.83,0.260836,648494.534,FALSE
21-04-2025,Tata Technologies,TATATECH,544028,IT/ER&D,368.41,378.15,366.29,377.43,377.43,1767331,0.024484,374.22,398.04,0.272828,648494.534,FALSE
22-04-2025,Tata Technologies,TATATECH,544028,IT/ER&D,377.43,393.29,374.24,392.38,392.38,4529269,0.03961,374.56,396.81,0.301019,648494.534,FALSE
23-04-2025,Tata Technologies,TATATECH,544028,IT/ER&D,392.38,401.65,391.62,398.54,398.54,5053272,0.015699,376.68,395.9,0.305304,648494.534,FALSE
24-04-2025,Tata Technologies,TATATECH,544028,IT/ER&D,398.54,412.92,397.8,409.76,409.76,1739953,0.028153,382.6,395.46,0.317233,648494.534,FALSE
25-04-2025,Tata Technologies,TATATECH,544028,IT/ER&D,409.76,417.84,407.95,416.25,416.25,5444561,0.015839,390,395.58,0.311875,648494.534,FALSE
28-04-2025,Tata Technologies,TATATECH,544028,IT/ER&D,416.25,431.43,416.23,430.69,430.69,2173720,0.034691,399.07,395.8,0.317108,648494.534,FALSE
29-04-2025,Tata Technologies,TATATECH,544028,IT/ER&D,430.69,447.34,427.71,446.85,446.85,2015045,0.037521,410.27,396.95,0.322427,648494.534,FALSE
30-04-2025,Tata Technologies,TATATECH,544028,IT/ER&D,446.85,455.97,445.53,455.57,455.57,3807708,0.019514,421.43,398.44,0.32535,648494.534,FALSE
01-05-2025,Tata Technologies,TATATECH,544028,IT/ER&D,455.57,464.05,453.03,462.24,462.24,3723575,0.014641,431.41,399.86,0.322717,648494.534,FALSE
02-05-2025,Tata Technologies,TATATECH,544028,IT/ER&D,462.24,462.45,460.25,460.57,460.57,7404573,-0.003613,440.28,401.23,0.323211,648494.534,FALSE
05-05-2025,Tata Technologies,TATATECH,544028,IT/ER&D,460.57,462.11,459.63,460.42,460.42,1473712,-0.000326,447.51,402.85,0.316417,648494.534,FALSE
06-05-2025,Tata Technologies,TATATECH,544028,IT/ER&D,460.42,464.85,454.69,457.54,457.54,3445506,-0.006255,453.41,404.75,0.304738,648494.534,FALSE
07-05-2025,Tata Technologies,TATATECH,544028,IT/ER&D,457.54,465.8,456.14,463.45,463.45,6141648,0.012917,458.09,406.89,0.304505,648494.534,FALSE
08-05-2025,Tata Technologies,TATATECH,544028,IT/ER&D,463.45,467.27,456.03,457.01,457.01,2748549,-0.013896,459.54,409.02,0.304095,648494.534,FALSE
09-05-2025,Tata Technologies,TATATECH,544028,IT/ER&D,457.01,457.6,454.45,455.49,455.49,7870987,-0.003326,459.53,411.03,0.305097,648494.534,FALSE
12-05-2025,Tata Technologies,TATATECH,544028,IT/ER&D,455.49,456.71,433.33,434.26,434.26,6200035,-0.046609,455.53,412.7,0.326956,648494.534,FALSE
13-05-2025,Tata Technologies,TATATECH,544028,IT/ER&D,434.26,453.7,431.56,449.44,449.44,7622599,0.034956,453.94,414.66,0.337078,648494.534,FALSE
14-05-2025,Tata Technologies,TATATECH,544028,IT/ER&D,449.44,451.17,446.94,447.69,447.69,7643911,-0.003894,452.13,416.53,0.337999,648494.534,FALSE
15-05-2025,Tata Technologies,TATATECH,544028,IT/ER&D,447.69,454.92,446.06,451.99,451.99,1764148,0.009605,451.33,418.48,0.338296,648494.534,FALSE
16-05-2025,Tata Technologies,TATATECH,544028,IT/ER&D,451.99,469.94,448.88,465.39,465.39,4213865,0.029647,451.61,420.5,0.338494,648494.534,FALSE
19-05-2025,Tata Technologies,TATATECH,544028,IT/ER&D,465.39,471,463,468.42,468.42,6212093,0.006511,453.24,422.73,0.336219,648494.534,FALSE
20-05-2025,Tata Technologies,TATATECH,544028,IT/ER&D,468.42,483.66,465.62,482.19,482.19,1060234,0.029397,457.05,425.6,0.338014,648494.534,FALSE
21-05-2025,Tata Technologies,TATATECH,544028,IT/ER&D,482.19,484.75,469.27,470.45,470.45,4164299,-0.024347,462.22,428.22,0.346471,648494.534,FALSE
22-05-2025,Tata Technologies,TATATECH,544028,IT/ER&D,470.45,493.52,466.07,493.25,493.25,5817045,0.048464,468.48,431.65,0.365868,648494.534,FALSE
23-05-2025,Tata Technologies,TATATECH,544028,IT/ER&D,493.25,504.78,491.2,504.22,504.22,6550204,0.02224,476.56,435.45,0.366985,648494.534,FALSE
26-05-2025,Tata Technologies,TATATECH,544028,IT/ER&D,504.22,506.62,502.77,506.58,506.58,3905425,0.00468,484.36,439.55,0.359554,648494.534,FALSE
27-05-2025,Tata Technologies,TATATECH,544028,IT/ER&D,506.58,525.88,502,521.27,521.27,7041104,0.028998,492.34,444.65,0.3315,648494.534,FALSE
28-05-2025,Tata Technologies,TATATECH,544028,IT/ER&D,521.27,524.77,506.01,509.35,509.35,5715518,-0.022867,498.19,449.48,0.340434,648494.534,FALSE
29-05-2025,Tata Technologies,TATATECH,544028,IT/ER&D,509.35,510.87,503.55,506.66,506.66,1318469,-0.005281,501.68,454.13,0.343739,648494.534,FALSE
30-05-2025,Tata Technologies,TATATECH,544028,IT/ER&D,506.66,522.7,502.17,521.55,521.55,2944015,0.029389,508.98,459.23,0.346935,648494.534,FALSE
02-06-2025,Tata Technologies,TATATECH,544028,IT/ER&D,521.55,525.11,502.04,502.34,502.34,7565428,-0.036833,510.28,463.39,0.372182,648494.534,FALSE
03-06-2025,Tata Technologies,TATATECH,544028,IT/ER&D,502.34,512.89,498.13,508.22,508.22,1016857,0.011705,510.85,467.26,0.361418,648494.534,FALSE
04-06-2025,Tata Technologies,TATATECH,544028,IT/ER&D,508.22,515.42,504.77,513.88,513.88,1756214,0.011137,511.9,471.1,0.360915,648494.534,FALSE
05-06-2025,Tata Technologies,TATATECH,544028,IT/ER&D,513.88,536.1,512.03,534.38,534.38,3411473,0.039893,513.77,475.25,0.367933,648494.534,FALSE
06-06-2025,Tata Technologies,TATATECH,544028,IT/ER&D,534.38,538.94,516.4,517.73,517.73,7956678,-0.031158,514.97,478.64,0.385311,648494.534,FALSE
09-06-2025,Tata Technologies,TATATECH,544028,IT/ER&D,517.73,539.43,517.18,534.65,534.65,5933546,0.032681,518.96,482.1,0.384124,648494.534,FALSE
10-06-2025,Tata Technologies,TATATECH,544028,IT/ER&D,534.65,539.54,523.96,528.94,528.94,2033623,-0.01068,520.02,484.84,0.37674,648494.534,FALSE
11-06-2025,Tata Technologies,TATATECH,544028,IT/ER&D,528.94,530.49,523.73,524.47,524.47,3751792,-0.008451,523.18,487.13,0.376683,648494.534,FALSE
12-06-2025,Tata Technologies,TATATECH,544028,IT/ER&D,524.47,525.1,510.59,511.92,511.92,7576797,-0.023929,523.71,488.79,0.384589,648494.534,FALSE
13-06-2025,Tata Technologies,TATATECH,544028,IT/ER&D,511.92,514.17,497.57,501.03,501.03,2534218,-0.021273,521.87,490.14,0.390858,648494.534,FALSE
16-06-2025,Tata Technologies,TATATECH,544028,IT/ER&D,501.03,506.82,497.48,505.33,505.33,5028372,0.008582,517.72,491.64,0.391032,648494.534,FALSE
17-06-2025,Tata Technologies,TATATECH,544028,IT/ER&D,505.33,509.8,493.55,494.34,494.34,4248048,-0.021748,514.38,492.86,0.39689,648494.534,FALSE
18-06-2025,Tata Technologies,TATATECH,544028,IT/ER&D,494.34,502.09,490.32,501.91,501.91,6323216,0.015313,509.71,494.15,0.397477,648494.534,FALSE
19-06-2025,Tata Technologies,TATATECH,544028,IT/ER&D,501.91,505.09,492.97,495.5,495.5,6266439,-0.012771,504.93,495.43,0.397075,648494.534,FALSE
20-06-2025,Tata Technologies,TATATECH,544028,IT/ER&D,495.5,499.99,479.62,483.73,483.73,6832989,-0.023754,499.11,496.37,0.404253,648494.534,FALSE
23-06-2025,Tata Technologies,TATATECH,544028,IT/ER&D,483.73,488.45,478.45,478.86,478.86,1836031,-0.010068,494.39,497.86,0.378898,648494.534,FALSE
24-06-2025,Tata Technologies,TATATECH,544028,IT/ER&D,478.86,485.46,478.66,482.33,482.33,4176910,0.007246,491.71,498.95,0.367265,648494.534,FALSE
25-06-2025,Tata Technologies,TATATECH,544028,IT/ER&D,482.33,486.91,476.84,479.89,479.89,5842264,-0.005059,488.08,500.03,0.36746,648494.534,FALSE
26-06-2025,Tata Technologies,TATATECH,544028,IT/ER&D,479.89,480.83,479.17,480.46,480.46,3932997,0.001188,486.1,500.97,0.36687,648494.534,FALSE
27-06-2025,Tata Technologies,TATATECH,544028,IT/ER&D,480.46,489.14,477.94,487.39,487.39,5671408,0.014424,484.02,501.71,0.359588,648494.534,FALSE
30-06-2025,Tata Technologies,TATATECH,544028,IT/ER&D,487.39,498.23,487.32,498.19,498.19,5450352,0.022159,484.41,502.7,0.364205,648494.534,FALSE
01-07-2025,Tata Technologies,TATATECH,544028,IT/ER&D,498.19,503.08,491.48,495.35,495.35,3595165,-0.005701,486.07,503.14,0.355626,648494.534,FALSE
02-07-2025,Tata Technologies,TATATECH,544028,IT/ER&D,495.35,499.82,480.88,485.25,485.25,1700883,-0.02039,486.98,503.63,0.353339,648494.534,FALSE
03-07-2025,Tata Technologies,TATATECH,544028,IT/ER&D,485.25,486.37,481.18,486.23,486.23,7792353,0.00202,487.54,503.4,0.323845,648494.534,FALSE
04-07-2025,Tata Technologies,TATATECH,544028,IT/ER&D,486.23,491.14,481.57,491.05,491.05,6781969,0.009913,489.13,502.96,0.318321,648494.534,FALSE
07-07-2025,Tata Technologies,TATATECH,544028,IT/ER&D,491.05,492.85,472.64,476.95,476.95,7262937,-0.028714,488.63,501.97,0.327994,648494.534,FALSE
08-07-2025,Tata Technologies,TATATECH,544028,IT/ER&D,476.95,478.18,466.61,468.69,468.69,3098755,-0.017318,485.96,500.22,0.317503,648494.534,FALSE
09-07-2025,Tata Technologies,TATATECH,544028,IT/ER&D,468.69,472.66,460.34,462.19,462.19,3213130,-0.013868,480.82,498.65,0.313744,648494.534,FALSE
10-07-2025,Tata Technologies,TATATECH,544028,IT/ER&D,462.19,462.93,456.37,460.5,460.5,3264066,-0.003657,475.84,497.11,0.313679,648494.534,FALSE
11-07-2025,Tata Technologies,TATATECH,544028,IT/ER&D,460.5,464.14,449.51,453.72,453.72,1217637,-0.014723,471.33,494.85,0.29986,648494.534,FALSE
14-07-2025,Tata Technologies,TATATECH,544028,IT/ER&D,453.72,462.91,449.3,460.36,460.36,2187931,0.014635,467.64,493.45,0.288464,648494.534,FALSE
15-07-2025,Tata Technologies,TATATECH,544028,IT/ER&D,460.36,462.1,442.39,445.81,445.81,3158133,-0.031606,461.17,491.37,0.296802,648494.534,FALSE
16-07-2025,Tata Technologies,TATATECH,544028,IT/ER&D,445.81,446.46,431.08,431.95,431.95,7911605,-0.031089,454.75,488.64,0.303021,648494.534,FALSE
17-07-2025,Tata Technologies,TATATECH,544028,IT/ER&D,431.95,436.26,425.22,429.28,429.28,2433053,-0.006181,449.12,485.13,0.270607,648494.534,FALSE
18-07-2025,Tata Technologies,TATATECH,544028,IT/ER&D,429.28,431.93,423.93,427.99,427.99,4554698,-0.003005,444.23,482.14,0.261018,648494.534,FALSE
21-07-2025,Tata Technologies,TATATECH,544028,IT/ER&D,427.99,429.87,412.98,415.75,415.75,4830763,-0.028599,437.84,478.18,0.241397,648494.534,FALSE
22-07-2025,Tata Technologies,TATATECH,544028,IT/ER&D,415.75,417.29,407.39,410.91,410.91,3518627,-0.011642,431.72,474.24,0.241497,648494.534,FALSE
23-07-2025,Tata Technologies,TATATECH,544028,IT/ER&D,410.91,414.63,405.53,407.82,407.82,7431210,-0.00752,424.22,470.36,0.241506,648494.534,FALSE
24-07-2025,Tata Technologies,TATATECH,544028,IT/ER&D,407.82,411.17,401,404.82,404.82,1652585,-0.007356,418.36,466.79,0.236882,648494.534,FALSE
25-07-2025,Tata Technologies,TATATECH,544028,IT/ER&D,404.82,409.55,404.44,406.25,406.25,7092362,0.003532,414.69,463.63,0.235423,648494.534,FALSE
28-07-2025,Tata Technologies,TATATECH,544028,IT/ER&D,406.25,408.75,397.61,401.08,401.08,6206067,-0.012726,410.66,460.15,0.231343,648494.534,FALSE
29-07-2025,Tata Technologies,TATATECH,544028,IT/ER&D,401.08,416.8,400.86,413.13,413.13,3140804,0.030044,408.54,457.44,0.251574,648494.534,FALSE
30-07-2025,Tata Technologies,TATATECH,544028,IT/ER&D,413.13,418.62,411.73,417.37,417.37,6374066,0.010263,408.77,454.63,0.248288,648494.534,FALSE
31-07-2025,Tata Technologies,TATATECH,544028,IT/ER&D,417.37,420.31,410.29,410.85,410.85,4000182,-0.015622,408.76,451.8,0.249098,648494.534,FALSE
01-08-2025,Tata Technologies,TATATECH,544028,IT/ER&D,410.85,413.49,408.88,411.83,411.83,7794615,0.002385,409.33,449.41,0.244483,648494.534,FALSE
04-08-2025,Tata Technologies,TATATECH,544028,IT/ER&D,411.83,415.53,410.87,413.05,413.05,1255795,0.002962,410.51,447.21,0.245161,648494.534,FALSE
05-08-2025,Tata Technologies,TATATECH,544028,IT/ER&D,413.05,427.52,409.12,423.3,423.3,1208199,0.024815,412.94,445.25,0.257633,648494.534,FALSE
06-08-2025,Tata Technologies,TATATECH,544028,IT/ER&D,423.3,427.46,416.08,418.42,418.42,4809144,-0.011528,415.42,443.2,0.258498,648494.534,FALSE
07-08-2025,Tata Technologies,TATATECH,544028,IT/ER&D,418.42,427.23,414.67,425.06,425.06,7520226,0.015869,417.13,441.35,0.264698,648494.534,FALSE
08-08-2025,Tata Technologies,TATATECH,544028,IT/ER&D,425.06,428.07,423.87,425.62,425.62,1443575,0.001317,418.3,439.29,0.25947,648494.534,FALSE
11-08-2025,Tata Technologies,TATATECH,544028,IT/ER&D,425.62,442.47,425.51,438.53,438.53,6445459,0.030332,422.26,437.3,0.267685,648494.534,FALSE
12-08-2025,Tata Technologies,TATATECH,544028,IT/ER&D,438.53,454.51,435.13,450.07,450.07,7570243,0.026315,427.72,435.79,0.28174,648494.534,FALSE
13-08-2025,Tata Technologies,TATATECH,544028,IT/ER&D,450.07,455.59,446.91,452.07,452.07,4404623,0.004444,433.3,434.69,0.277613,648494.534,FALSE
14-08-2025,Tata Technologies,TATATECH,544028,IT/ER&D,452.07,452.37,447.47,449.93,449.93,7068536,-0.004734,437.1,433.48,0.277409,648494.534,FALSE
15-08-2025,Tata Technologies,TATATECH,544028,IT/ER&D,449.93,456.18,446.26,454.71,454.71,6298584,0.010624,442.28,432.27,0.277691,648494.534,FALSE
18-08-2025,Tata Technologies,TATATECH,544028,IT/ER&D,454.71,458.79,449.49,453.3,453.3,2499313,-0.003101,446.32,431.48,0.266299,648494.534,FALSE
19-08-2025,Tata Technologies,TATATECH,544028,IT/ER&D,453.3,472.36,450.63,468.76,468.76,6979254,0.034105,452.48,431.48,0.281145,648494.534,FALSE
20-08-2025,Tata Technologies,TATATECH,544028,IT/ER&D,468.76,473.21,464.23,469.73,469.73,5895580,0.002069,456.94,431.73,0.278014,648494.534,FALSE
21-08-2025,Tata Technologies,TATATECH,544028,IT/ER&D,469.73,472.87,462.8,466.15,466.15,1088051,-0.007621,459.24,431.92,0.278788,648494.534,FALSE
22-08-2025,Tata Technologies,TATATECH,544028,IT/ER&D,466.15,468.09,458.97,462.1,462.1,4976142,-0.008688,460.67,432.2,0.276453,648494.534,FALSE
25-08-2025,Tata Technologies,TATATECH,544028,IT/ER&D,462.1,463.96,449.49,451.12,451.12,5580633,-0.023761,460.84,431.89,0.282044,648494.534,FALSE
26-08-2025,Tata Technologies,TATATECH,544028,IT/ER&D,451.12,460.06,451.11,456.37,456.37,6609503,0.011638,461.08,432.24,0.268137,648494.534,FALSE
27-08-2025,Tata Technologies,TATATECH,544028,IT/ER&D,456.37,457.71,448.03,449.11,449.11,6398954,-0.015908,460.48,432.82,0.255712,648494.534,FALSE
28-08-2025,Tata Technologies,TATATECH,544028,IT/ER&D,449.11,462.34,445.68,459.2,459.2,4329564,0.022467,459.11,433.81,0.261718,648494.534,FALSE
29-08-2025,Tata Technologies,TATATECH,544028,IT/ER&D,459.2,462.53,444.38,447.55,447.55,3092918,-0.02537,455.94,434.47,0.273478,648494.534,FALSE
01-09-2025,Tata Technologies,TATATECH,544028,IT/ER&D,447.55,452.71,446.07,448.92,448.92,2342403,0.003061,453.48,435.57,0.258022,648494.534,FALSE
02-09-2025,Tata Technologies,TATATECH,544028,IT/ER&D,448.92,460.94,446.11,459.47,459.47,1623033,0.023501,453.11,437.19,0.261146,648494.534,FALSE
03-09-2025,Tata Technologies,TATATECH,544028,IT/ER&D,459.47,462.88,439.06,439.92,439.92,5478903,-0.042549,451.51,438.26,0.292288,648494.534,FALSE
04-09-2025,Tata Technologies,TATATECH,544028,IT/ER&D,439.92,458.39,438.76,457.9,457.9,7718391,0.040871,451.72,440.03,0.31072,648494.534,FALSE
05-09-2025,Tata Technologies,TATATECH,544028,IT/ER&D,457.9,458.53,449.93,454.23,454.23,1561962,-0.008015,452.46,441.63,0.312764,648494.534,FALSE
08-09-2025,Tata Technologies,TATATECH,544028,IT/ER&D,454.23,457.64,452.36,455.74,455.74,5918969,0.003324,451.96,443.45,0.308777,648494.534,FALSE
09-09-2025,Tata Technologies,TATATECH,544028,IT/ER&D,455.74,461.43,454.62,461.18,461.18,5092115,0.011937,453.91,445.05,0.300072,648494.534,FALSE
10-09-2025,Tata Technologies,TATATECH,544028,IT/ER&D,461.18,472.54,458.93,468.11,468.11,2203212,0.015027,456.65,446.74,0.301272,648494.534,FALSE
11-09-2025,Tata Technologies,TATATECH,544028,IT/ER&D,468.11,475.15,466.29,470.9,470.9,2488933,0.00596,458.28,448.74,0.295492,648494.534,FALSE
12-09-2025,Tata Technologies,TATATECH,544028,IT/ER&D,470.9,480.77,467.47,480.53,480.53,2991162,0.02045,464.08,451.04,0.298868,648494.534,FALSE
15-09-2025,Tata Technologies,TATATECH,544028,IT/ER&D,480.53,489.83,475.91,485.76,485.76,5794555,0.010884,468.06,453.46,0.299205,648494.534,FALSE
16-09-2025,Tata Technologies,TATATECH,544028,IT/ER&D,485.76,505.67,482.89,503.11,503.11,3090658,0.035717,475.05,456.12,0.306862,648494.534,FALSE
17-09-2025,Tata Technologies,TATATECH,544028,IT/ER&D,503.11,512.19,500.14,508.62,508.62,6796302,0.010952,482.6,459.13,0.302621,648494.534,FALSE
18-09-2025,Tata Technologies,TATATECH,544028,IT/ER&D,508.62,533.55,506.76,528.86,528.86,3588286,0.039794,492.27,462.59,0.316541,648494.534,FALSE
19-09-2025,Tata Technologies,TATATECH,544028,IT/ER&D,528.86,541.76,525.87,538.65,538.65,1766673,0.018512,502.35,466.35,0.317543,648494.534,FALSE
22-09-2025,Tata Technologies,TATATECH,544028,IT/ER&D,538.65,539.28,517.81,519.47,519.47,1668325,-0.035608,509.29,469.05,0.334441,648494.534,FALSE
23-09-2025,Tata Technologies,TATATECH,544028,IT/ER&D,519.47,546.87,519.46,546.86,546.86,3801879,0.052727,518.76,472.28,0.3565,648494.534,FALSE
24-09-2025,Tata Technologies,TATATECH,544028,IT/ER&D,546.86,549.57,536.16,540.85,540.85,3855297,-0.01099,526.63,475.24,0.360158,648494.534,FALSE
25-09-2025,Tata Technologies,TATATECH,544028,IT/ER&D,540.85,562.59,538.53,557.3,557.3,6134651,0.030415,534.37,478.82,0.365221,648494.534,FALSE
26-09-2025,Tata Technologies,TATATECH,544028,IT/ER&D,557.3,561.07,554.55,557.87,557.87,4350013,0.001023,541.41,482.25,0.365548,648494.534,FALSE
29-09-2025,Tata Technologies,TATATECH,544028,IT/ER&D,557.87,572.12,557.41,569.99,569.99,2145921,0.021725,547.28,486.14,0.366611,648494.534,FALSE
30-09-2025,Tata Technologies,TATATECH,544028,IT/ER&D,569.99,570.17,557.72,562.43,562.43,2492983,-0.013263,550.68,489.27,0.362899,648494.534,FALSE
01-10-2025,Tata Technologies,TATATECH,544028,IT/ER&D,562.43,574.96,561.47,569.75,569.75,4965665,0.013015,557.86,492.6,0.363166,648494.534,FALSE
02-10-2025,Tata Technologies,TATATECH,544028,IT/ER&D,569.75,571.61,564.82,567.15,567.15,3339173,-0.004563,560.76,495.97,0.362224,648494.534,FALSE
03-10-2025,Tata Technologies,TATATECH,544028,IT/ER&D,567.15,589.47,562.38,585.34,585.34,5702872,0.032073,567.12,500.08,0.366312,648494.534,FALSE
06-10-2025,Tata Technologies,TATATECH,544028,IT/ER&D,585.34,594.87,582.66,590.77,590.77,7461110,0.009277,571.9,504.73,0.353582,648494.534,FALSE
07-10-2025,Tata Technologies,TATATECH,544028,IT/ER&D,590.77,603.65,585.27,602.12,602.12,3483555,0.019212,578.22,509.59,0.354702,648494.534,FALSE
08-10-2025,Tata Technologies,TATATECH,544028,IT/ER&D,602.12,602.51,575.16,576.36,576.36,4863134,-0.042782,579.13,513.83,0.379153,648494.534,FALSE
09-10-2025,Tata Technologies,TATATECH,544028,IT/ER&D,576.36,578.58,571.55,575.67,575.67,6823875,-0.001197,581.02,517.71,0.377848,648494.534,FALSE
10-10-2025,Tata Technologies,TATATECH,544028,IT/ER&D,575.67,582.52,570.04,580.68,580.68,2472464,0.008703,582.58,522.15,0.364495,648494.534,FALSE
13-10-2025,Tata Technologies,TATATECH,544028,IT/ER&D,580.68,587.65,577.49,583.57,583.57,4574607,0.004977,584.93,526.64,0.364268,648494.534,FALSE
14-10-2025,Tata Technologies,TATATECH,544028,IT/ER&D,583.57,599.96,579.53,595.08,595.08,3136717,0.019723,586.32,531.16,0.363127,648494.534,FALSE
15-10-2025,Tata Technologies,TATATECH,544028,IT/ER&D,595.08,596.4,588.7,591.02,591.02,5388963,-0.006823,586.36,536.2,0.332613,648494.534,FALSE
16-10-2025,Tata Technologies,TATATECH,544028,IT/ER&D,591.02,595.02,586.58,591.89,591.89,6201570,0.001472,584.9,540.66,0.320315,648494.534,FALSE
17-10-2025,Tata Technologies,TATATECH,544028,IT/ER&D,591.89,606.42,586.51,606.17,606.17,1986109,0.024126,589.15,545.73,0.319207,648494.534,FALSE
20-10-2025,Tata Technologies,TATATECH,544028,IT/ER&D,606.17,607.47,574.78,578.85,578.85,2312262,-0.04507,589.61,549.83,0.356459,648494.534,FALSE
21-10-2025,Tata Technologies,TATATECH,544028,IT/ER&D,578.85,590.43,573.43,585.96,585.96,1162121,0.012283,590.36,553.99,0.356491,648494.534,FALSE
22-10-2025,Tata Technologies,TATATECH,544028,IT/ER&D,585.96,590.61,578.91,582.34,582.34,1084393,-0.006178,590.19,557.8,0.358286,648494.534,FALSE
23-10-2025,Tata Technologies,TATATECH,544028,IT/ER&D,582.34,586.86,568.71,572.01,572.01,1355239,-0.017739,586.89,561.17,0.365708,648494.534,FALSE
24-10-2025,Tata Technologies,TATATECH,544028,IT/ER&D,572.01,576.96,570.27,576.14,576.14,5947675,0.00722,584.77,564.35,0.363407,648494.534,FALSE
27-10-2025,Tata Technologies,TATATECH,544028,IT/ER&D,576.14,593.83,572.06,590.58,590.58,7327441,0.025063,584.58,567.85,0.367258,648494.534,FALSE
28-10-2025,Tata Technologies,TATATECH,544028,IT/ER&D,590.58,605.69,585.37,603.14,603.14,3867931,0.021267,584.15,571.18,0.359678,648494.534,FALSE
29-10-2025,Tata Technologies,TATATECH,544028,IT/ER&D,603.14,609.12,597.93,601.82,601.82,7178496,-0.002189,587.43,574.29,0.360221,648494.534,FALSE
30-10-2025,Tata Technologies,TATATECH,544028,IT/ER&D,601.82,616.67,600.41,612.66,612.66,6107811,0.018012,591.24,577.08,0.347712,648494.534,FALSE
31-10-2025,Tata Technologies,TATATECH,544028,IT/ER&D,612.66,629.43,609.32,623.6,623.6,6653140,0.017857,597.14,579.91,0.347499,648494.534,FALSE
03-11-2025,Tata Technologies,TATATECH,544028,IT/ER&D,623.6,624.51,618.12,622.82,622.82,6179267,-0.001251,604.39,583.36,0.326111,648494.534,FALSE
04-11-2025,Tata Technologies,TATATECH,544028,IT/ER&D,622.82,625.63,608.73,614.5,614.5,2397284,-0.013359,609.87,585.61,0.299463,648494.534,FALSE
05-11-2025,Tata Technologies,TATATECH,544028,IT/ER&D,614.5,619.24,606.05,607,607,4663543,-0.012205,612.22,587.82,0.300014,648494.534,FALSE
06-11-2025,Tata Technologies,TATATECH,544028,IT/ER&D,607,619.75,606.23,617.48,617.48,4678210,0.017265,614.27,589.83,0.292285,648494.534,FALSE
07-11-2025,Tata Technologies,TATATECH,544028,IT/ER&D,617.48,621.38,614.72,617.26,617.26,5491254,-0.000356,616.47,591.81,0.292418,648494.534,FALSE
10-11-2025,Tata Technologies,TATATECH,544028,IT/ER&D,617.26,620.42,603.9,604.66,604.66,6572819,-0.020413,615.33,592.96,0.295141,648494.534,FALSE
11-11-2025,Tata Technologies,TATATECH,544028,IT/ER&D,604.66,610.66,578.85,584.59,584.59,1788514,-0.033192,609.76,593.7,0.309481,648494.534,FALSE
12-11-2025,Tata Technologies,TATATECH,544028,IT/ER&D,584.59,595.64,582.1,594.6,594.6,5722684,0.017123,605.73,594.53,0.311038,648494.534,FALSE
13-11-2025,Tata Technologies,TATATECH,544028,IT/ER&D,594.6,600.16,585.26,588.4,588.4,6831240,-0.010427,602,595.24,0.31251,648494.534,FALSE
14-11-2025,Tata Technologies,TATATECH,544028,IT/ER&D,588.4,594.96,587.06,592.58,592.58,1808648,0.007104,599.94,595.48,0.299326,648494.534,FALSE
17-11-2025,Tata Technologies,TATATECH,544028,IT/ER&D,592.58,610.41,589.92,607.57,607.57,3904731,0.025296,598.52,596.04,0.306874,648494.534,FALSE
18-11-2025,Tata Technologies,TATATECH,544028,IT/ER&D,607.57,610.78,586.14,591.97,591.97,7268788,-0.025676,594.91,595.7,0.311418,648494.534,FALSE
19-11-2025,Tata Technologies,TATATECH,544028,IT/ER&D,591.97,593.54,588.84,591.73,591.73,1170621,-0.000405,593.06,596.21,0.284318,648494.534,FALSE
20-11-2025,Tata Technologies,TATATECH,544028,IT/ER&D,591.73,597.43,589.95,590,590,2124776,-0.002924,593.84,596.69,0.28448,648494.534,FALSE
21-11-2025,Tata Technologies,TATATECH,544028,IT/ER&D,590,600.2,588.57,594.78,594.78,6627430,0.008102,593.86,597.16,0.284343,648494.534,FALSE
24-11-2025,Tata Technologies,TATATECH,544028,IT/ER&D,594.78,615.75,588.96,609.82,609.82,2202569,0.025287,596.92,598.03,0.292806,648494.534,FALSE
25-11-2025,Tata Technologies,TATATECH,544028,IT/ER&D,609.82,615.9,588.03,593.91,593.91,5913886,-0.02609,597.11,598,0.298266,648494.534,FALSE
26-11-2025,Tata Technologies,TATATECH,544028,IT/ER&D,593.91,605,592.66,600.97,600.97,7307060,0.011887,596.17,598.33,0.299416,648494.534,FALSE
27-11-2025,Tata Technologies,TATATECH,544028,IT/ER&D,600.97,616.44,597.28,613.67,613.67,4489995,0.021133,599.27,599.05,0.305206,648494.534,FALSE
28-11-2025,Tata Technologies,TATATECH,544028,IT/ER&D,613.67,618.89,611.22,611.69,611.69,4392318,-0.003226,602.12,599.24,0.297699,648494.534,FALSE
01-12-2025,Tata Technologies,TATATECH,544028,IT/ER&D,611.69,611.84,606.79,610.32,610.32,4001246,-0.00224,605.02,600.29,0.264827,648494.534,FALSE
02-12-2025,Tata Technologies,TATATECH,544028,IT/ER&D,610.32,620.87,609.55,615.73,615.73,3610242,0.008864,608.02,601.28,0.263846,648494.534,FALSE
03-12-2025,Tata Technologies,TATATECH,544028,IT/ER&D,615.73,623.37,610.69,620.28,620.28,3660369,0.00739,609.51,602.54,0.263216,648494.534,FALSE
04-12-2025,Tata Technologies,TATATECH,544028,IT/ER&D,620.28,632.05,614.46,627.82,627.82,4875597,0.012156,614.35,604.4,0.257702,648494.534,FALSE
05-12-2025,Tata Technologies,TATATECH,544028,IT/ER&D,627.82,637.56,626.73,635.18,635.18,7268820,0.011723,619.24,606.37,0.258635,648494.534,FALSE
08-12-2025,Tata Technologies,TATATECH,544028,IT/ER&D,635.18,637.52,620.14,623.02,623.02,7869781,-0.019144,620.58,607.45,0.258174,648494.534,FALSE
09-12-2025,Tata Technologies,TATATECH,544028,IT/ER&D,623.02,635.88,622.39,635.67,635.67,7061099,0.020304,624,608.54,0.257561,648494.534,FALSE
10-12-2025,Tata Technologies,TATATECH,544028,IT/ER&D,635.67,653.58,633.52,650.83,650.83,1837413,0.023849,629.79,610.17,0.264936,648494.534,FALSE
11-12-2025,Tata Technologies,TATATECH,544028,IT/ER&D,650.83,656.24,650.4,653.57,653.57,3147388,0.00421,635.2,611.53,0.261017,648494.534,FALSE
12-12-2025,Tata Technologies,TATATECH,544028,IT/ER&D,653.57,655.04,632.69,634.37,634.37,6298641,-0.029377,637.21,611.89,0.272196,648494.534,FALSE
15-12-2025,Tata Technologies,TATATECH,544028,IT/ER&D,634.37,635.94,626.96,633.23,633.23,4818705,-0.001797,637.98,612.24,0.272235,648494.534,FALSE
16-12-2025,Tata Technologies,TATATECH,544028,IT/ER&D,633.23,639.72,632.95,636.01,636.01,3340281,0.00439,638.1,612.96,0.269114,648494.534,FALSE
17-12-2025,Tata Technologies,TATATECH,544028,IT/ER&D,636.01,638.03,616.43,621.77,621.77,3178331,-0.02239,637.92,613.45,0.275104,648494.534,FALSE
18-12-2025,Tata Technologies,TATATECH,544028,IT/ER&D,621.77,626.93,617.12,617.6,617.6,1819344,-0.006707,635.34,613.45,0.271498,648494.534,FALSE
19-12-2025,Tata Technologies,TATATECH,544028,IT/ER&D,617.6,618.29,597.32,600.5,600.5,3326928,-0.027688,628.15,612.89,0.283242,648494.534,FALSE
22-12-2025,Tata Technologies,TATATECH,544028,IT/ER&D,600.5,611.61,597.79,608.09,608.09,3953533,0.012639,621.65,613.01,0.27949,648494.534,FALSE
23-12-2025,Tata Technologies,TATATECH,544028,IT/ER&D,608.09,611.39,602.43,610.42,610.42,3911480,0.003832,618.23,613.87,0.260871,648494.534,FALSE
24-12-2025,Tata Technologies,TATATECH,544028,IT/ER&D,610.42,613.64,589.45,590.63,590.63,4841270,-0.03242,612.15,613.74,0.274377,648494.534,FALSE
25-12-2025,Tata Technologies,TATATECH,544028,IT/ER&D,590.63,598.36,589.57,595.08,595.08,2910937,0.007534,606.3,613.96,0.273427,648494.534,FALSE
26-12-2025,Tata Technologies,TATATECH,544028,IT/ER&D,595.08,598.9,590.25,594.7,594.7,2441731,-0.000639,602.43,614.03,0.272727,648494.534,FALSE
29-12-2025,Tata Technologies,TATATECH,544028,IT/ER&D,594.7,603.71,590.39,601.14,601.14,7212625,0.010829,600.08,613.82,0.26428,648494.534,FALSE
30-12-2025,Tata Technologies,TATATECH,544028,IT/ER&D,601.14,604.2,592.56,596.73,596.73,3836886,-0.007336,599.54,613.98,0.254078,648494.534,FALSE
31-12-2025,Tata Technologies,TATATECH,544028,IT/ER&D,596.73,597.81,587.31,587.47,587.47,2783255,-0.015518,596.6,613.83,0.258231,648494.534,FALSE
01-01-2026,Tata Technologies,TATATECH,544028,IT/ER&D,587.47,590.19,577.2,578.7,578.7,5449732,-0.014928,592.06,613.46,0.261687,648494.534,FALSE
02-01-2026,Tata Technologies,TATATECH,544028,IT/ER&D,578.7,580.86,567.95,572.76,572.76,4796221,-0.010264,589.51,612.72,0.261847,648494.534,FALSE
05-01-2026,Tata Technologies,TATATECH,544028,IT/ER&D,572.76,577.09,569.32,573.27,573.27,5035136,0.00089,586.4,611.5,0.24973,648494.534,FALSE
06-01-2026,Tata Technologies,TATATECH,544028,IT/ER&D,573.27,577.75,569.81,575.25,575.25,2550609,0.003454,583.62,610.88,0.239366,648494.534,FALSE
07-01-2026,Tata Technologies,TATATECH,544028,IT/ER&D,575.25,579.73,571.65,573.34,573.34,6062124,-0.00332,579.65,609.96,0.236316,648494.534,FALSE
08-01-2026,Tata Technologies,TATATECH,544028,IT/ER&D,573.34,575.79,567.3,568.78,568.78,2346055,-0.007953,575.65,608.46,0.227004,648494.534,FALSE
09-01-2026,Tata Technologies,TATATECH,544028,IT/ER&D,568.78,570.12,559.71,565.06,565.06,6854831,-0.00654,572.45,606.91,0.227308,648494.534,FALSE
12-01-2026,Tata Technologies,TATATECH,544028,IT/ER&D,565.06,595.31,560.95,593.69,593.69,3968351,0.050667,574.59,606.36,0.274696,648494.534,FALSE
13-01-2026,Tata Technologies,TATATECH,544028,IT/ER&D,593.69,593.95,584.09,584.83,584.83,3863982,-0.014924,576.32,605.33,0.27609,648494.534,FALSE
14-01-2026,Tata Technologies,TATATECH,544028,IT/ER&D,584.83,587.99,573.17,578.6,578.6,3719434,-0.010653,577.08,603.94,0.275954,648494.534,FALSE
15-01-2026,Tata Technologies,TATATECH,544028,IT/ER&D,578.6,622.13,575.23,617,617,3960770,0.066367,583.04,603.58,0.338134,648494.534,FALSE
16-01-2026,Tata Technologies,TATATECH,544028,IT/ER&D,617,627.29,614.95,622.51,622.51,5657225,0.00893,590.07,603.15,0.337363,648494.534,FALSE
19-01-2026,Tata Technologies,TATATECH,544028,IT/ER&D,622.51,625.23,603.23,605.64,605.64,4476844,-0.0271,595.33,602.57,0.341949,648494.534,FALSE
20-01-2026,Tata Technologies,TATATECH,544028,IT/ER&D,605.64,617.36,601.24,616.15,616.15,1887683,0.017354,602.63,601.92,0.340477,648494.534,FALSE
21-01-2026,Tata Technologies,TATATECH,544028,IT/ER&D,616.15,621.47,602.96,605.24,605.24,4964473,-0.017707,604.28,600.4,0.33558,648494.534,FALSE
22-01-2026,Tata Technologies,TATATECH,544028,IT/ER&D,605.24,616.9,601.74,616.55,616.55,2869045,0.018687,608.81,599.17,0.340571,648494.534,FALSE
23-01-2026,Tata Technologies,TATATECH,544028,IT/ER&D,616.55,619.01,609.89,614.25,614.25,1758258,-0.00373,613.91,598.5,0.330435,648494.534,FALSE
26-01-2026,Tata Technologies,TATATECH,544028,IT/ER&D,614.25,619.52,607.97,609.16,609.16,6879517,-0.008287,612.79,597.7,0.331129,648494.534,FALSE
27-01-2026,Tata Technologies,TATATECH,544028,IT/ER&D,609.16,631.54,603.41,629.07,629.07,3188447,0.032684,613.72,597.47,0.345055,648494.534,FALSE
28-01-2026,Tata Technologies,TATATECH,544028,IT/ER&D,629.07,637.26,626.83,636.51,636.51,5165304,0.011827,618.13,597.96,0.340098,648494.534,FALSE
29-01-2026,Tata Technologies,TATATECH,544028,IT/ER&D,636.51,650.94,633.84,649.21,649.21,2203242,0.019953,622.86,599.01,0.343608,648494.534,FALSE
30-01-2026,Tata Technologies,TATATECH,544028,IT/ER&D,649.21,659.12,644.68,655.18,655.18,3375140,0.009196,629.99,600.83,0.332469,648494.534,FALSE
02-02-2026,Tata Technologies,TATATECH,544028,IT/ER&D,655.18,656.18,645.73,649.69,649.69,3700969,-0.008379,634.72,602.22,0.332818,648494.534,FALSE
03-02-2026,Tata Technologies,TATATECH,544028,IT/ER&D,649.69,662.27,646.83,657.96,657.96,1937282,0.012729,640.97,603.81,0.334143,648494.534,FALSE
04-02-2026,Tata Technologies,TATATECH,544028,IT/ER&D,657.96,677.15,653.68,674.2,674.2,7813478,0.024682,650.26,606.59,0.322762,648494.534,FALSE
05-02-2026,Tata Technologies,TATATECH,544028,IT/ER&D,674.2,678.61,668.11,676.35,676.35,3181206,0.003189,657.01,609.3,0.322666,648494.534,FALSE
06-02-2026,Tata Technologies,TATATECH,544028,IT/ER&D,676.35,702.75,670.94,701.06,701.06,5079116,0.036534,666.24,612.84,0.335289,648494.534,FALSE
09-02-2026,Tata Technologies,TATATECH,544028,IT/ER&D,701.06,719.21,695.28,713.34,713.34,4958634,0.017516,675.4,616.58,0.336733,648494.534,FALSE
10-02-2026,Tata Technologies,TATATECH,544028,IT/ER&D,713.34,719.56,711.49,716.72,716.72,4005670,0.004738,684.19,620.58,0.334409,648494.534,FALSE
11-02-2026,Tata Technologies,TATATECH,544028,IT/ER&D,716.72,726,713.71,720.68,720.68,5099257,0.005525,694.33,625.02,0.327958,648494.534,FALSE
12-02-2026,Tata Technologies,TATATECH,544028,IT/ER&D,720.68,726.2,716.69,723.02,723.02,4961558,0.003247,703.62,629.84,0.321547,648494.534,FALSE
13-02-2026,Tata Technologies,TATATECH,544028,IT/ER&D,723.02,723.68,704.98,705.29,705.29,1560464,-0.024522,708.07,634.25,0.330965,648494.534,FALSE
16-02-2026,Tata Technologies,TATATECH,544028,IT/ER&D,705.29,708.39,698.95,704.37,704.37,5683535,-0.001304,712.07,638.62,0.331388,648494.534,FALSE
17-02-2026,Tata Technologies,TATATECH,544028,IT/ER&D,704.37,711.43,702.09,707.84,707.84,1799461,0.004926,713.04,643.04,0.331274,648494.534,FALSE
18-02-2026,Tata Technologies,TATATECH,544028,IT/ER&D,707.84,711.08,700.32,702.3,702.3,4044674,-0.007827,711.46,647.34,0.332766,648494.534,FALSE
19-02-2026,Tata Technologies,TATATECH,544028,IT/ER&D,702.3,713.17,700.48,707.4,707.4,3552987,0.007262,710.13,651.96,0.329735,648494.534,FALSE
20-02-2026,Tata Technologies,TATATECH,544028,IT/ER&D,707.4,714.5,705.39,708.05,708.05,4133968,0.000919,708.32,656.73,0.327677,648494.534,FALSE
23-02-2026,Tata Technologies,TATATECH,544028,IT/ER&D,708.05,725.02,705.66,719.36,719.36,1503322,0.015973,707.8,660.92,0.302665,648494.534,FALSE
24-02-2026,Tata Technologies,TATATECH,544028,IT/ER&D,719.36,733.51,715.01,729.26,729.26,5909807,0.013762,711.23,665.73,0.296295,648494.534,FALSE
25-02-2026,Tata Technologies,TATATECH,544028,IT/ER&D,729.26,736.03,725,732.06,732.06,3929961,0.00384,715.18,670.85,0.291497,648494.534,FALSE
26-02-2026,Tata Technologies,TATATECH,544028,IT/ER&D,732.06,736.78,710.59,712.41,712.41,1426038,-0.026842,715.83,674.03,0.251898,648494.534,FALSE
27-02-2026,Tata Technologies,TATATECH,544028,IT/ER&D,712.41,740.41,710.94,738.28,738.28,1024731,0.036313,720.97,677.89,0.267688,648494.534,FALSE
02-03-2026,Tata Technologies,TATATECH,544028,IT/ER&D,738.28,744.28,730.47,736.56,736.56,4780563,-0.00233,725.14,682.25,0.250262,648494.534,FALSE
03-03-2026,Tata Technologies,TATATECH,544028,IT/ER&D,736.56,742.87,735.05,735.73,735.73,5663798,-0.001127,729.09,686.24,0.249132,648494.534,FALSE
04-03-2026,Tata Technologies,TATATECH,544028,IT/ER&D,735.73,737.7,727.31,731.06,731.06,4831294,-0.006347,730.77,690.43,0.241787,648494.534,FALSE
05-03-2026,Tata Technologies,TATATECH,544028,IT/ER&D,731.06,737.66,720.51,724.29,724.29,6043136,-0.009261,730.06,694.02,0.243037,648494.534,FALSE
06-03-2026,Tata Technologies,TATATECH,544028,IT/ER&D,724.29,753.35,720.13,747.01,747.01,6297265,0.031369,732.19,698.45,0.252563,648494.534,FALSE
09-03-2026,Tata Technologies,TATATECH,544028,IT/ER&D,747.01,771.36,740.4,768.1,768.1,7103763,0.028233,740.15,703.75,0.255932,648494.534,FALSE
10-03-2026,Tata Technologies,TATATECH,544028,IT/ER&D,768.1,782.35,763.3,775.31,775.31,7878513,0.009387,745.44,708.62,0.244987,648494.534,FALSE
11-03-2026,Tata Technologies,TATATECH,544028,IT/ER&D,775.31,776.24,766.49,774.03,774.03,7193559,-0.001651,750.79,713.2,0.245842,648494.534,FALSE
12-03-2026,Tata Technologies,TATATECH,544028,IT/ER&D,774.03,784.22,767.28,784,784,6570283,0.012881,757.69,717.7,0.243361,648494.534,FALSE
13-03-2026,Tata Technologies,TATATECH,544028,IT/ER&D,784,788.28,782.31,785.55,785.55,4016806,0.001977,765.47,722.04,0.243545,648494.534,FALSE
16-03-2026,Tata Technologies,TATATECH,544028,IT/ER&D,785.55,789.99,781.06,782.95,782.95,4526520,-0.00331,773.85,726.48,0.241345,648494.534,FALSE
17-03-2026,Tata Technologies,TATATECH,544028,IT/ER&D,782.95,791.41,780.25,788.64,788.64,5312322,0.007267,779.8,730.84,0.240608,648494.534,FALSE
18-03-2026,Tata Technologies,TATATECH,544028,IT/ER&D,788.64,796.07,779.01,782.07,782.07,2186172,-0.008331,781.79,734.44,0.237538,648494.534,FALSE
19-03-2026,Tata Technologies,TATATECH,544028,IT/ER&D,782.07,788.41,777.75,786.41,786.41,5743562,0.005549,783.38,738.1,0.237475,648494.534,FALSE
20-03-2026,Tata Technologies,TATATECH,544028,IT/ER&D,786.41,792.24,784.58,790.02,790.02,5117826,0.00459,785.66,741.07,0.218036,648494.534,FALSE
23-03-2026,Tata Technologies,TATATECH,544028,IT/ER&D,790.02,805.02,788.26,799.94,799.94,4641365,0.012557,787.94,743.96,0.215844,648494.534,FALSE
24-03-2026,Tata Technologies,TATATECH,544028,IT/ER&D,799.94,799.97,787.42,790.43,790.43,6840092,-0.011888,788.64,746.41,0.220619,648494.534,FALSE
25-03-2026,Tata Technologies,TATATECH,544028,IT/ER&D,790.43,807.89,785.12,802.05,802.05,5810161,0.014701,791.37,749.13,0.222991,648494.534,FALSE
26-03-2026,Tata Technologies,TATATECH,544028,IT/ER&D,802.05,805.08,782.49,787.92,787.92,7526898,-0.017617,791.26,751.29,0.231374,648494.534,FALSE
27-03-2026,Tata Technologies,TATATECH,544028,IT/ER&D,787.92,795.62,771.68,779.29,779.29,7835578,-0.010953,790.87,753.76,0.220448,648494.534,FALSE
30-03-2026,Tata Technologies,TATATECH,544028,IT/ER&D,779.29,784.68,769.87,771.43,771.43,6777172,-0.010086,788.73,755.99,0.223532,648494.534,FALSE
31-03-2026,Tata Technologies,TATATECH,544028,IT/ER&D,771.43,771.84,752.31,755.28,755.28,3085355,-0.020935,783.76,757.57,0.234046,648494.534,FALSE
01-04-2026,Tata Technologies,TATATECH,544028,IT/ER&D,755.28,771.71,747.99,771,771,2322780,0.020813,779.63,759.86,0.237997,648494.534,FALSE
02-04-2026,Tata Technologies,TATATECH,544028,IT/ER&D,771,771.68,751.22,756.44,756.44,3095176,-0.018885,774.77,761.5,0.24607,648494.534,FALSE
03-04-2026,Tata Technologies,TATATECH,544028,IT/ER&D,756.44,763.65,741.83,746.25,746.25,5988031,-0.013471,766.8,762.77,0.250296,648494.534,FALSE
06-04-2026,Tata Technologies,TATATECH,544028,IT/ER&D,746.25,770.59,742.22,765.36,765.36,7050062,0.025608,763.58,764.3,0.256494,648494.534,FALSE
07-04-2026,Tata Technologies,TATATECH,544028,IT/ER&D,765.36,768.63,756.43,757,757,7161084,-0.010923,760.39,765.23,0.256797,648494.534,FALSE
08-04-2026,Tata Technologies,TATATECH,544028,IT/ER&D,757,758.52,747.79,754.53,754.53,5787876,-0.003263,757.98,765.98,0.257029,648494.534,FALSE
09-04-2026,Tata Technologies,TATATECH,544028,IT/ER&D,754.53,761.13,735.01,739.64,739.64,5767118,-0.019734,755.75,766.89,0.251062,648494.534,FALSE
10-04-2026,Tata Technologies,TATATECH,544028,IT/ER&D,739.64,753.85,735.41,752.33,752.33,7663566,0.017157,753.08,767.35,0.233413,648494.534,FALSE
13-04-2026,Tata Technologies,TATATECH,544028,IT/ER&D,752.33,770.86,748.27,765.45,765.45,5800264,0.017439,754.37,768.32,0.238144,648494.534,FALSE
14-04-2026,Tata Technologies,TATATECH,544028,IT/ER&D,765.45,783.07,762.45,777.14,777.14,1986814,0.015272,758.78,769.7,0.241358,648494.534,FALSE
15-04-2026,Tata Technologies,TATATECH,544028,IT/ER&D,777.14,788.2,775.16,785.89,785.89,4501136,0.011259,761.71,771.52,0.2415,648494.534,FALSE
16-04-2026,Tata Technologies,TATATECH,544028,IT/ER&D,785.89,791.41,779.95,787.44,787.44,3510734,0.001972,766.06,773.63,0.238917,648494.534,FALSE
17-04-2026,Tata Technologies,TATATECH,544028,IT/ER&D,787.44,789.19,775.6,779.57,779.57,5458833,-0.009994,769.64,774.72,0.225804,648494.534,FALSE
20-04-2026,Tata Technologies,TATATECH,544028,IT/ER&D,779.57,782.53,766.99,767.25,767.25,5450839,-0.015804,773.58,774.69,0.21641,648494.534,FALSE
21-04-2026,Tata Technologies,TATATECH,544028,IT/ER&D,767.25,795.03,764.19,787.43,787.43,3060665,0.026302,778.6,775.09,0.227992,648494.534,FALSE
22-04-2026,Tata Technologies,TATATECH,544028,IT/ER&D,787.43,805.41,780.12,799.87,799.87,3097882,0.015798,783.51,775.95,0.232057,648494.534,FALSE
23-04-2026,Tata Technologies,TATATECH,544028,IT/ER&D,799.87,806.64,786.23,789.18,789.18,1621670,-0.013365,785.23,776.12,0.23304,648494.534,FALSE
24-04-2026,Tata Technologies,TATATECH,544028,IT/ER&D,789.18,794.47,785.92,790.2,790.2,3052752,0.001292,785.85,776.28,0.233007,648494.534,FALSE
27-04-2026,Tata Technologies,TATATECH,544028,IT/ER&D,790.2,792.09,780.95,785.85,785.85,6794004,-0.005505,785.62,776.38,0.233389,648494.534,FALSE
28-04-2026,Tata Technologies,TATATECH,544028,IT/ER&D,785.85,791.46,762.35,768.52,768.52,5585916,-0.022053,784.04,775.71,0.241049,648494.534,FALSE
29-04-2026,Tata Technologies,TATATECH,544028,IT/ER&D,768.52,775.49,763.38,771.63,771.63,7602010,0.004047,784.67,775.36,0.240334,648494.534,FALSE
30-04-2026,Tata Technologies,TATATECH,544028,IT/ER&D,771.63,772.99,759.1,765.6,765.6,7484234,-0.007815,781.55,774.66,0.240611,648494.534,FALSE
01-05-2026,Tata Technologies,TATATECH,544028,IT/ER&D,765.6,768.76,750.54,751.4,751.4,6997756,-0.018548,774.63,773.38,0.245418,648494.534,FALSE
04-05-2026,Tata Technologies,TATATECH,544028,IT/ER&D,751.4,756.17,722.8,729.55,729.55,2257805,-0.029079,766.11,771.03,0.254128,648494.534,FALSE
05-05-2026,Tata Technologies,TATATECH,544028,IT/ER&D,729.55,734.91,700.7,707.1,707.1,3337394,-0.030772,754.24,768.25,0.265542,648494.534,FALSE
06-05-2026,Tata Technologies,TATATECH,544028,IT/ER&D,707.1,708.82,698.55,702.2,702.2,1402386,-0.00693,742.29,764.92,0.25995,648494.534,FALSE
07-05-2026,Tata Technologies,TATATECH,544028,IT/ER&D,702.2,708.35,696.97,701.35,701.35,1654711,-0.00121,732.69,762.04,0.256974,648494.534,FALSE
08-05-2026,Tata Technologies,TATATECH,544028,IT/ER&D,701.35,704.01,687.96,689.43,689.43,2617433,-0.016996,720.95,759.04,0.259035,648494.534,FALSE
11-05-2026,Tata Technologies,TATATECH,544028,IT/ER&D,689.43,700.64,686.34,698.74,698.74,2960968,0.013504,711.4,756.62,0.263167,648494.534,FALSE
12-05-2026,Tata Technologies,TATATECH,544028,IT/ER&D,698.74,700.11,696.76,698.18,698.18,1107734,-0.000801,703.79,754.72,0.257765,648494.534,FALSE
13-05-2026,Tata Technologies,TATATECH,544028,IT/ER&D,698.18,712.26,698.02,706.58,706.58,6899847,0.012031,700.51,752.57,0.252059,648494.534,FALSE
14-05-2026,Tata Technologies,TATATECH,544028,IT/ER&D,706.58,709.08,697.44,704.35,704.35,4689037,-0.003156,700.12,750.83,0.247407,648494.534,FALSE
15-05-2026,Tata Technologies,TATATECH,544028,IT/ER&D,704.35,707.75,691.82,693.61,693.61,5590701,-0.015248,698.89,749.08,0.248159,648494.534,FALSE
18-05-2026,Tata Technologies,TATATECH,544028,IT/ER&D,693.61,697.09,689.5,695.54,695.54,5574892,0.002783,698.06,746.75,0.234269,648494.534,FALSE
19-05-2026,Tata Technologies,TATATECH,544028,IT/ER&D,695.54,700.32,676.29,678.33,678.33,7766859,-0.024743,696.48,744.13,0.2416,648494.534,FALSE
20-05-2026,Tata Technologies,TATATECH,544028,IT/ER&D,678.33,691.34,675.81,685.98,685.98,2031326,0.011278,694.65,741.84,0.24539,648494.534,FALSE
21-05-2026,Tata Technologies,TATATECH,544028,IT/ER&D,685.98,688.31,670.79,673.47,673.47,3398767,-0.018237,691.12,739.64,0.244543,648494.534,FALSE
22-05-2026,Tata Technologies,TATATECH,544028,IT/ER&D,673.47,692.66,671.21,686.17,686.17,3158674,0.018858,688.21,737.43,0.245808,648494.534,FALSE
25-05-2026,Tata Technologies,TATATECH,544028,IT/ER&D,686.17,686.38,677.53,681.87,681.87,4860304,-0.006267,685,734.65,0.238208,648494.534,FALSE
26-05-2026,Tata Technologies,TATATECH,544028,IT/ER&D,681.87,697.63,675.32,696.7,696.7,4683321,0.021749,685.44,731.97,0.243383,648494.534,FALSE
27-05-2026,Tata Technologies,TATATECH,544028,IT/ER&D,696.7,700.81,678.49,681.41,681.41,6530267,-0.021946,683.42,728.48,0.244882,648494.534,FALSE
28-05-2026,Tata Technologies,TATATECH,544028,IT/ER&D,681.41,686.19,665.97,672.51,672.51,4924474,-0.013061,682.59,724.65,0.245237,648494.534,FALSE
29-05-2026,Tata Technologies,TATATECH,544028,IT/ER&D,672.51,679.67,668.02,677.97,677.97,2637943,0.008119,681.44,721.27,0.247721,648494.534,FALSE
01-06-2026,Tata Technologies,TATATECH,544028,IT/ER&D,677.97,698.03,673.86,694.18,694.18,4953133,0.02391,684.4,718.83,0.258515,648494.534,FALSE
02-06-2026,Tata Technologies,TATATECH,544028,IT/ER&D,694.18,719.95,692.54,717.67,717.67,7748629,0.033838,688.9,716.5,0.266779,648494.534,FALSE
03-06-2026,Tata Technologies,TATATECH,544028,IT/ER&D,717.67,722.6,717.22,718.62,718.62,5052045,0.001324,694.15,713.8,0.261179,648494.534,FALSE
04-06-2026,Tata Technologies,TATATECH,544028,IT/ER&D,718.62,750.31,712.5,745.39,745.39,5146783,0.037252,701.11,712.34,0.284604,648494.534,FALSE
05-06-2026,Tata Technologies,TATATECH,544028,IT/ER&D,745.39,752.64,737.19,741.45,741.45,2231997,-0.005286,709.68,710.71,0.284632,648494.534,FALSE
08-06-2026,Tata Technologies,TATATECH,544028,IT/ER&D,741.45,761.57,738.38,758.11,758.11,1055282,0.022469,721.91,709.79,0.293032,648494.534,FALSE
09-06-2026,Tata Technologies,TATATECH,544028,IT/ER&D,758.11,763.03,738.16,744.21,744.21,2467110,-0.018335,731.38,708.98,0.290905,648494.534,FALSE
10-06-2026,Tata Technologies,TATATECH,544028,IT/ER&D,744.21,755.17,741.89,750.83,750.83,1176072,0.008895,739.47,708.28,0.29196,648494.534,FALSE
11-06-2026,Tata Technologies,TATATECH,544028,IT/ER&D,750.83,753.22,710.43,716.04,716.04,4165757,-0.046335,739.24,706.63,0.320056,648494.534,FALSE
12-06-2026,Tata Technologies,TATATECH,544028,IT/ER&D,716.04,717.86,698.04,700.34,700.34,7175512,-0.021926,736.62,704.93,0.321717,648494.534,FALSE
15-06-2026,Tata Technologies,TATATECH,544028,IT/ER&D,700.34,714.21,693.89,707.23,707.23,4127209,0.009838,731.17,704.19,0.313059,648494.534,FALSE
16-06-2026,Tata Technologies,TATATECH,544028,IT/ER&D,707.23,708.69,687.17,689.02,689.02,5516970,-0.025748,723.68,703.58,0.309201,648494.534,FALSE
17-06-2026,Tata Technologies,TATATECH,544028,IT/ER&D,689.02,700.74,688.07,695.24,695.24,6989369,0.009027,714.7,703.35,0.309856,648494.534,FALSE
18-06-2026,Tata Technologies,TATATECH,544028,IT/ER&D,695.24,709.23,690.39,708.2,708.2,6341507,0.018641,709.56,703.58,0.31457,648494.534,FALSE
19-06-2026,Tata Technologies,TATATECH,544028,IT/ER&D,708.2,713.89,700.31,701.45,701.45,5554373,-0.009531,702.5,703.98,0.31169,648494.534,FALSE
22-06-2026,Tata Technologies,TATATECH,544028,IT/ER&D,701.45,702.75,681.67,688.21,688.21,6488112,-0.018875,698.53,703.63,0.314305,648494.534,FALSE
23-06-2026,Tata Technologies,TATATECH,544028,IT/ER&D,688.21,694.86,677.55,682.02,682.02,2963938,-0.008994,695.91,703.09,0.31531,648494.534,FALSE
24-06-2026,Tata Technologies,TATATECH,544028,IT/ER&D,682.02,686.7,667.65,669.19,669.19,3943218,-0.018812,690.48,701.84,0.317248,648494.534,FALSE
25-06-2026,Tata Technologies,TATATECH,544028,IT/ER&D,669.19,669.79,666.78,668.17,668.17,3792948,-0.001524,687.5,700.64,0.317215,648494.534,FALSE
26-06-2026,Tata Technologies,TATATECH,544028,IT/ER&D,668.17,674.51,662,669.87,669.87,6590278,0.002544,683.87,699.85,0.314726,648494.534,FALSE
29-06-2026,Tata Technologies,TATATECH,544028,IT/ER&D,669.87,673.91,662.05,666.1,666.1,3861432,-0.005628,677.86,698.86,0.314799,648494.534,FALSE
30-06-2026,Tata Technologies,TATATECH,544028,IT/ER&D,666.1,691.07,660.15,688.74,688.74,7562727,0.033989,676.04,699.21,0.322636,648494.534,FALSE
01-07-2026,Tata Technologies,TATATECH,544028,IT/ER&D,688.74,690.54,678.43,679.18,679.18,2306317,-0.01388,674.75,698.99,0.323711,648494.534,FALSE
02-07-2026,Tata Technologies,TATATECH,544028,IT/ER&D,679.18,703.44,672.89,698.42,698.42,2205197,0.028328,677.1,699.82,0.329166,648494.534,FALSE
03-07-2026,Tata Technologies,TATATECH,544028,IT/ER&D,698.42,703.6,680.66,684.22,684.22,6013176,-0.020332,679.24,699.75,0.330719,648494.534,FALSE
06-07-2026,Tata Technologies,TATATECH,544028,IT/ER&D,684.22,687.8,679.65,685.56,685.56,6348954,0.001958,681.73,699.88,0.330199,648494.534,FALSE
07-07-2026,Tata Technologies,TATATECH,544028,IT/ER&D,685.56,708.28,683,702.13,702.13,5753245,0.02417,686.34,700.06,0.331631,648494.534,FALSE
08-07-2026,Tata Technologies,TATATECH,544028,IT/ER&D,702.13,720.29,701.71,718.36,718.36,3154544,0.023115,693.8,701.29,0.330879,648494.534,FALSE
09-07-2026,Tata Technologies,TATATECH,544028,IT/ER&D,718.36,718.87,705.86,712.68,712.68,1063914,-0.007907,697.22,702.63,0.329177,648494.534,FALSE
10-07-2026,Tata Technologies,TATATECH,544028,IT/ER&D,712.68,725.28,705.6,720.95,720.95,3250451,0.011604,703.19,704.06,0.329881,648494.534,FALSE
